id,ime,gorovje,visina,ogledi,priljubljenost,stevilo_poti
1,Veliki Snežnik,"Goriško, Notranjsko in Snežniško hribovje",1796,1052077,99,10
2,Mali Snežnik,"Goriško, Notranjsko in Snežniško hribovje",1694,439327,86,4
3,Mali Golak,"Goriško, Notranjsko in Snežniško hribovje",1495,710879,98,7
4,Srednji Golak,"Goriško, Notranjsko in Snežniško hribovje",1480,403846,83,2
5,Smrekov vrh,"Goriško, Notranjsko in Snežniško hribovje",1449,4490,40,1
6,Mrzovec,"Goriško, Notranjsko in Snežniško hribovje",1410,420992,84,3
7,Veliki Modrasovec,"Goriško, Notranjsko in Snežniško hribovje",1353,479767,89,8
8,Bukov Vrh (Trnovski gozd),"Goriško, Notranjsko in Snežniško hribovje",1314,290282,72,0
9,Suhi vrh (Nanos),"Goriško, Notranjsko in Snežniško hribovje",1313,661317,97,10
10,Mali Modrasovec,"Goriško, Notranjsko in Snežniško hribovje",1305,329274,76,4
11,Poldanovec,"Goriško, Notranjsko in Snežniško hribovje",1299,474864,89,3
12,Goteniški Snežnik,"Goriško, Notranjsko in Snežniško hribovje",1289,392890,82,3
13,Srednja gora (Hrušica),"Goriško, Notranjsko in Snežniško hribovje",1275,267514,70,2
14,Veliki Javornik (Javorniki),"Goriško, Notranjsko in Snežniško hribovje",1268,533587,93,3
15,Streliški vrh (Hrušica),"Goriško, Notranjsko in Snežniško hribovje",1266,296600,73,2
16,Iztokova koča pod Golaki,"Goriško, Notranjsko in Snežniško hribovje",1260,505346,91,6
17,Turn,"Goriško, Notranjsko in Snežniško hribovje",1254,278137,71,1
18,Kuk (Kolovrat),"Goriško, Notranjsko in Snežniško hribovje",1243,483820,90,3
19,Dom na Sviščakih,"Goriško, Notranjsko in Snežniško hribovje",1242,362040,79,1
20,Koča Antona Bavčerja na Čavnu,"Goriško, Notranjsko in Snežniško hribovje",1242,606375,96,8
21,Javornik (nad Črnim Vrhom),"Goriško, Notranjsko in Snežniško hribovje",1240,601525,95,8
22,Vojkova koča na Nanosu,"Goriško, Notranjsko in Snežniško hribovje",1240,1103722,100,16
23,Veliki Rob,"Goriško, Notranjsko in Snežniško hribovje",1237,494963,90,11
24,Kucelj (na Čavnu),"Goriško, Notranjsko in Snežniško hribovje",1237,579939,95,12
25,Rezinski vrh,"Goriško, Notranjsko in Snežniško hribovje",1231,193073,63,1
26,Sveti Duh (Hrušica),"Goriško, Notranjsko in Snežniško hribovje",1221,236935,67,2
27,Mali Javornik (Javorniki),"Goriško, Notranjsko in Snežniško hribovje",1219,292095,72,2
28,Petelinjek,"Goriško, Notranjsko in Snežniško hribovje",1212,242575,68,2
29,Grmada (Nanos),"Goriško, Notranjsko in Snežniško hribovje",1209,506175,91,7
30,Velika Jazbina,"Goriško, Notranjsko in Snežniško hribovje",1201,186018,62,1
31,Nagnoj,"Goriško, Notranjsko in Snežniško hribovje",1193,253426,69,2
32,Cerk,"Goriško, Notranjsko in Snežniško hribovje",1192,218031,65,5
33,Stanov rob,"Goriško, Notranjsko in Snežniško hribovje",1191,300588,73,2
34,Čaven,"Goriško, Notranjsko in Snežniško hribovje",1185,621507,96,3
35,Škol,"Goriško, Notranjsko in Snežniško hribovje",1182,352009,78,1
36,Križna gora (Hrušica),"Goriško, Notranjsko in Snežniško hribovje",1162,308795,74,3
37,Pirnatova koča na Javorniku,"Goriško, Notranjsko in Snežniško hribovje",1156,521909,92,6
38,Maj,"Goriško, Notranjsko in Snežniško hribovje",1142,7212,44,1
39,Velika ledena jama v Paradani,"Goriško, Notranjsko in Snežniško hribovje",1140,273910,71,1
40,Racna gora,"Goriško, Notranjsko in Snežniško hribovje",1140,360125,79,2
41,Trinški vrh,"Goriško, Notranjsko in Snežniško hribovje",1138,180329,61,2
42,Špičasti vrh,"Goriško, Notranjsko in Snežniško hribovje",1128,413730,84,3
43,Bela stena,"Goriško, Notranjsko in Snežniško hribovje",1122,244788,68,1
44,Krokar,"Goriško, Notranjsko in Snežniško hribovje",1122,299950,73,1
45,Na gradu,"Goriško, Notranjsko in Snežniško hribovje",1115,213612,65,2
46,Slivnica,"Goriško, Notranjsko in Snežniško hribovje",1114,775427,98,6
47,Krim,"Goriško, Notranjsko in Snežniško hribovje",1107,959966,99,16
48,Čelkov vrh,"Goriško, Notranjsko in Snežniško hribovje",1106,319235,75,2
49,Sveta Trojica,"Goriško, Notranjsko in Snežniško hribovje",1106,561239,94,4
50,Velika Milanja,"Goriško, Notranjsko in Snežniško hribovje",1099,225401,66,1
51,Kršičevec,"Goriško, Notranjsko in Snežniško hribovje",1091,379858,81,3
52,Baba (pri Javornikih),"Goriško, Notranjsko in Snežniško hribovje",1085,11340,45,2
53,Razsušica,"Goriško, Notranjsko in Snežniško hribovje",1083,210642,64,2
54,Kameni zid,"Goriško, Notranjsko in Snežniško hribovje",1081,183109,62,1
55,Medvižica,"Goriško, Notranjsko in Snežniško hribovje",1081,221412,66,2
56,Dom na Slivnici,"Goriško, Notranjsko in Snežniško hribovje",1078,503122,91,5
57,Črni vrh (pri Lokvah),"Goriško, Notranjsko in Snežniško hribovje",1072,13416,46,1
58,Veliki vrh (nad Lomom),"Goriško, Notranjsko in Snežniško hribovje",1071,5170,41,4
59,Lašček,"Goriško, Notranjsko in Snežniško hribovje",1071,342295,77,4
60,Bivak Zanuso na Kolovratu,"Goriško, Notranjsko in Snežniško hribovje",1065,172993,61,2
61,Mokrc,"Goriško, Notranjsko in Snežniško hribovje",1059,316612,75,1
62,Ostrič,"Goriško, Notranjsko in Snežniško hribovje",1056,353261,78,1
63,Mala gora,"Goriško, Notranjsko in Snežniško hribovje",1034,496477,90,4
64,Bele ovce,"Goriško, Notranjsko in Snežniško hribovje",1029,250251,68,1
65,Slavnik,"Goriško, Notranjsko in Snežniško hribovje",1028,1007695,99,11
66,Vremščica,"Goriško, Notranjsko in Snežniško hribovje",1027,799752,98,8
67,Sveti Hieronim (na Nanosu),"Goriško, Notranjsko in Snežniško hribovje",1020,343554,77,7
68,Gora (Sveti Lovrenc),"Goriško, Notranjsko in Snežniško hribovje",1019,484933,90,3
69,Špilnik,"Goriško, Notranjsko in Snežniško hribovje",1018,4810,41,2
70,Koča na Kamnem griču,"Goriško, Notranjsko in Snežniško hribovje",1016,303858,74,7
71,Firstov rep,"Goriško, Notranjsko in Snežniško hribovje",1002,8060,44,5
72,Sinji vrh,"Goriško, Notranjsko in Snežniško hribovje",1002,607034,96,11
73,Grmada pri Slavniku,"Goriško, Notranjsko in Snežniško hribovje",1001,346500,78,6
74,Županov vrh,"Goriško, Notranjsko in Snežniško hribovje",999,331680,76,6
75,Novaška gora,"Goriško, Notranjsko in Snežniško hribovje",998,196092,63,1
76,Koča na Kozleku,"Goriško, Notranjsko in Snežniško hribovje",997,373192,80,3
77,Špiček (Špečk),"Goriško, Notranjsko in Snežniško hribovje",986,245470,68,3
78,Lovsko zavetišče pod Čavnom,"Goriško, Notranjsko in Snežniško hribovje",980,213764,65,1
79,Volovja reber,"Goriško, Notranjsko in Snežniško hribovje",975,267918,70,1
80,Sveti Bric (Nanos),"Goriško, Notranjsko in Snežniško hribovje",965,253300,69,2
81,Rotovc,"Goriško, Notranjsko in Snežniško hribovje",964,289541,72,4
82,Mišnice,"Goriško, Notranjsko in Snežniško hribovje",961,5180,41,2
83,Kovk,"Goriško, Notranjsko in Snežniško hribovje",961,400098,83,3
84,Bloudkova skakalnica (Predmeja),"Goriško, Notranjsko in Snežniško hribovje",960,315,15,2
85,Križna gora nad Colom,"Goriško, Notranjsko in Snežniško hribovje",957,266823,70,2
86,Velika Špička,"Goriško, Notranjsko in Snežniško hribovje",955,387939,81,4
87,Mala Plešivica,"Goriško, Notranjsko in Snežniško hribovje",953,215743,65,2
88,Koča Edmunda Čibeja v Tihi dolini,"Goriško, Notranjsko in Snežniško hribovje",950,554,21,1
89,Ježa,"Goriško, Notranjsko in Snežniško hribovje",949,189650,62,2
90,Milanka,"Goriško, Notranjsko in Snežniško hribovje",948,137417,57,1
91,Leskovica (nad Stražiščem),"Goriško, Notranjsko in Snežniško hribovje",947,1700,31,2
92,Krempa,"Goriško, Notranjsko in Snežniško hribovje",944,211082,64,1
93,Deveti konfin (kota 942),"Goriško, Notranjsko in Snežniško hribovje",942,186083,62,2
94,Krimšček,"Goriško, Notranjsko in Snežniško hribovje",940,236285,67,1
95,Petričev hrib,"Goriško, Notranjsko in Snežniško hribovje",937,284051,72,4
96,Deveti konfin (kota 930),"Goriško, Notranjsko in Snežniško hribovje",930,159265,59,2
97,Kopitnik (na Čavnu),"Goriško, Notranjsko in Snežniško hribovje",929,256908,69,4
98,Srednji vrh pri Kozleku,"Goriško, Notranjsko in Snežniško hribovje",923,184031,62,2
99,Dolski maj,"Goriško, Notranjsko in Snežniško hribovje",912,174184,61,2
100,Velika Plešivica,"Goriško, Notranjsko in Snežniško hribovje",908,236617,67,3
101,Lovska koča Urška,"Goriško, Notranjsko in Snežniško hribovje",908,146627,58,1
102,Dom na Travni Gori,"Goriško, Notranjsko in Snežniško hribovje",906,298572,73,2
103,Furlanovo zavetišče pri Abramu,"Goriško, Notranjsko in Snežniško hribovje",900,506305,91,8
104,Kraguljc,"Goriško, Notranjsko in Snežniško hribovje",897,6105,42,3
105,Bezgarska planina,"Goriško, Notranjsko in Snežniško hribovje",895,2882,36,4
106,Marutnik,"Goriško, Notranjsko in Snežniško hribovje",892,5180,41,2
107,Golič,"Goriško, Notranjsko in Snežniško hribovje",890,372891,80,4
108,Gozdarska koča Pri logarnici,"Goriško, Notranjsko in Snežniško hribovje",889,152373,59,1
109,Nadglavinjak,"Goriško, Notranjsko in Snežniško hribovje",888,115183,55,1
110,Sekulak,"Goriško, Notranjsko in Snežniško hribovje",888,283188,72,3
111,Vrh Svetih Treh Kraljev,"Goriško, Notranjsko in Snežniško hribovje",884,438944,86,9
112,Kavčič,"Goriško, Notranjsko in Snežniško hribovje",879,239023,67,2
113,Lovska koča na Planinski gori,"Goriško, Notranjsko in Snežniško hribovje",879,313176,75,5
114,Loška stena,"Goriško, Notranjsko in Snežniško hribovje",875,17290,47,5
115,Grmada (Planinska gora),"Goriško, Notranjsko in Snežniško hribovje",873,355982,79,4
116,Sončnica (Reber),"Goriško, Notranjsko in Snežniško hribovje",867,6767,43,3
117,Vrh Skopice,"Goriško, Notranjsko in Snežniško hribovje",863,153116,59,2
118,Bele stene,"Goriško, Notranjsko in Snežniško hribovje",863,222340,66,2
119,Kuželjska stena,"Goriško, Notranjsko in Snežniško hribovje",857,6070,42,1
120,Križna gora,"Goriško, Notranjsko in Snežniško hribovje",857,489905,90,3
121,Navrše,"Goriško, Notranjsko in Snežniško hribovje",857,261702,69,3
122,Podrta gora nad Ajdovščino,"Goriško, Notranjsko in Snežniško hribovje",855,17342,47,3
123,Sveta Marija Magdalena (Gore),"Goriško, Notranjsko in Snežniško hribovje",851,3750,39,2
124,Belovka,"Goriško, Notranjsko in Snežniško hribovje",848,150217,58,2
125,Otliški maj,"Goriško, Notranjsko in Snežniško hribovje",847,263852,70,3
126,Sveti Vid (Vidovska planota),"Goriško, Notranjsko in Snežniško hribovje",846,178909,61,3
127,Pravi vrh,"Goriško, Notranjsko in Snežniško hribovje",830,1220,28,0
128,Bivak Črna peč,"Goriško, Notranjsko in Snežniško hribovje",830,219286,65,2
129,Kurešček,"Goriško, Notranjsko in Snežniško hribovje",826,537182,93,5
130,Koča na Vrhu Svetih Treh Kraljev,"Goriško, Notranjsko in Snežniško hribovje",823,366828,80,9
131,Polšakova koča na Zagori,"Goriško, Notranjsko in Snežniško hribovje",822,174884,61,2
132,Osojnica,"Goriško, Notranjsko in Snežniško hribovje",820,339292,77,2
133,Ljubljanski vrh,"Goriško, Notranjsko in Snežniško hribovje",819,326129,76,1
134,Lovska koča Trešnja ravan,"Goriško, Notranjsko in Snežniško hribovje",818,3060,37,1
135,Sveti Socerb (Artviže),"Goriško, Notranjsko in Snežniško hribovje",817,386317,81,3
136,Goli vrh (Cemarovnik),"Goriško, Notranjsko in Snežniško hribovje",816,174758,61,1
137,Medvedje Brdo,"Goriško, Notranjsko in Snežniško hribovje",814,398971,82,6
138,Korada,"Goriško, Notranjsko in Snežniško hribovje",812,539347,93,3
139,Globočak,"Goriško, Notranjsko in Snežniško hribovje",809,195816,63,2
140,Mali Trebelnik,"Goriško, Notranjsko in Snežniško hribovje",807,141699,58,2
141,Eko koča Nanos (Lovska koča Vojkovo),"Goriško, Notranjsko in Snežniško hribovje",805,249352,68,5
142,Sveti Lenart (Krvava Peč),"Goriško, Notranjsko in Snežniško hribovje",805,290733,72,5
143,Ajdovščina,"Goriško, Notranjsko in Snežniško hribovje",804,9880,45,1
144,Lipnik,"Goriško, Notranjsko in Snežniško hribovje",804,344932,78,1
145,Zavetišče na Koradi,"Goriško, Notranjsko in Snežniško hribovje",803,334607,77,2
146,Kojnik,"Goriško, Notranjsko in Snežniško hribovje",802,422737,85,3
147,Ulovka,"Goriško, Notranjsko in Snežniško hribovje",801,425203,85,3
148,Razgledišče pod Srnjakom nad Logatcem,"Goriško, Notranjsko in Snežniško hribovje",800,2280,34,3
149,Otliško okno,"Goriško, Notranjsko in Snežniško hribovje",800,609728,96,3
150,Slap Kotel,"Goriško, Notranjsko in Snežniško hribovje",799,208749,64,1
151,Ahac,"Goriško, Notranjsko in Snežniško hribovje",799,204547,64,6
152,Gradišče (Čepan),"Goriško, Notranjsko in Snežniško hribovje",791,126883,56,1
153,Rakitna,"Goriško, Notranjsko in Snežniško hribovje",789,441016,86,2
154,Sveta Marija na Planinski gori,"Goriško, Notranjsko in Snežniško hribovje",782,364801,79,6
155,Vrh,"Goriško, Notranjsko in Snežniško hribovje",777,116949,55,1
156,Trenk,"Goriško, Notranjsko in Snežniško hribovje",769,2810,36,1
157,Ortneški Stari grad,"Goriško, Notranjsko in Snežniško hribovje",765,193884,63,1
158,Pečna reber,"Goriško, Notranjsko in Snežniško hribovje",763,300246,73,1
159,Planinski dom na Kureščku,"Goriško, Notranjsko in Snežniško hribovje",760,297012,73,3
160,Razgledna točka Široko,"Goriško, Notranjsko in Snežniško hribovje",755,8380,44,1
161,Gradiška Tura,"Goriško, Notranjsko in Snežniško hribovje",754,673368,97,5
162,Sveti Primož in Felicijan (Osredek),"Goriško, Notranjsko in Snežniško hribovje",751,172358,60,1
163,Šilentabor,"Goriško, Notranjsko in Snežniško hribovje",751,296784,73,6
164,Bloško jezero,"Goriško, Notranjsko in Snežniško hribovje",748,442728,86,4
165,Veliko Gradišče,"Goriško, Notranjsko in Snežniško hribovje",742,252544,69,2
166,Dom na Goropekah,"Goriško, Notranjsko in Snežniško hribovje",742,302429,73,2
167,Planinski dom pod Ježo,"Goriško, Notranjsko in Snežniško hribovje",740,168224,60,1
168,Sveti Gregor na Slemenih,"Goriško, Notranjsko in Snežniško hribovje",737,184553,62,1
169,Hrpeljska gora,"Goriško, Notranjsko in Snežniško hribovje",737,235493,67,3
170,Škavnica,"Goriško, Notranjsko in Snežniško hribovje",734,6790,43,1
171,Koča na Planini nad Vrhniko,"Goriško, Notranjsko in Snežniško hribovje",733,708524,97,9
172,Koča na Kavcu,"Goriško, Notranjsko in Snežniško hribovje",730,242167,67,1
173,Planina nad Borovnico,"Goriško, Notranjsko in Snežniško hribovje",729,1030,27,1
174,Čičer,"Goriško, Notranjsko in Snežniško hribovje",726,5470,42,1
175,Šenčurjev vrh,"Goriško, Notranjsko in Snežniško hribovje",725,5138,41,2
176,Sveti Urh (Zavratec),"Goriško, Notranjsko in Snežniško hribovje",724,3330,37,3
177,Sveti Martin (Šilentabor),"Goriško, Notranjsko in Snežniško hribovje",723,165649,60,4
178,Primož,"Goriško, Notranjsko in Snežniško hribovje",718,264194,70,2
179,Planina Jegno,"Goriško, Notranjsko in Snežniško hribovje",715,190547,62,3
180,Stari grad,"Goriško, Notranjsko in Snežniško hribovje",703,169107,60,1
181,Obrovnik,"Goriško, Notranjsko in Snežniško hribovje",700,1410,29,1
182,Mali Mošenik,"Goriško, Notranjsko in Snežniško hribovje",700,312,15,1
183,Grad Lož (Pusti grad),"Goriško, Notranjsko in Snežniško hribovje",698,5132,41,1
184,Sveti Janez Krstnik (Goropeke),"Goriško, Notranjsko in Snežniško hribovje",682,1840,31,1
185,Sveta Gora,"Goriško, Notranjsko in Snežniško hribovje",681,536588,93,14
186,Krekovše,"Goriško, Notranjsko in Snežniško hribovje",675,256,14,1
187,Sv. Katarina nad Novokračinami,"Goriško, Notranjsko in Snežniško hribovje",675,4958,41,2
188,Sveta Barbara (Ravnik pri Hotedršici),"Goriško, Notranjsko in Snežniško hribovje",674,4239,40,1
189,Goropeški grič (Pikrej),"Goriško, Notranjsko in Snežniško hribovje",672,1320,29,1
190,Skozno,"Goriško, Notranjsko in Snežniško hribovje",671,294936,73,2
191,Kokoš,"Goriško, Notranjsko in Snežniško hribovje",670,691934,97,9
192,Sv. Marjeta na Golem,"Goriško, Notranjsko in Snežniško hribovje",654,396,18,1
193,Vodice,"Goriško, Notranjsko in Snežniško hribovje",651,373179,80,11
194,Jampršnik,"Goriško, Notranjsko in Snežniško hribovje",649,230367,66,2
195,Škabrijel,"Goriško, Notranjsko in Snežniško hribovje",646,507758,91,6
196,Trstelj,"Goriško, Notranjsko in Snežniško hribovje",643,582661,95,9
197,Vranje pečine (Rajna peč),"Goriško, Notranjsko in Snežniško hribovje",642,3241,37,1
198,Rimska trdnjava (Lanišče),"Goriško, Notranjsko in Snežniško hribovje",635,3490,38,3
199,Frančiškov hrib,"Goriško, Notranjsko in Snežniško hribovje",632,210455,64,3
200,Stol (Črni hribi),"Goriško, Notranjsko in Snežniško hribovje",629,157106,59,1
201,Strmica,"Goriško, Notranjsko in Snežniško hribovje",626,3900,39,1
202,Lovska koča Plehanov laz,"Goriško, Notranjsko in Snežniško hribovje",625,3310,37,1
203,Partizanska bolnica Krvavice,"Goriško, Notranjsko in Snežniško hribovje",620,282685,72,1
204,Kuk nad Paljevim,"Goriško, Notranjsko in Snežniško hribovje",612,3806,39,3
205,Lovski dom pod Glavico,"Goriško, Notranjsko in Snežniško hribovje",610,143728,58,2
206,Stjenkova koča na Trstelju,"Goriško, Notranjsko in Snežniško hribovje",610,402718,83,8
207,Sabotin,"Goriško, Notranjsko in Snežniško hribovje",609,673834,97,5
208,Vitovski hrib,"Goriško, Notranjsko in Snežniško hribovje",604,262836,70,4
209,Stari tabor,"Goriško, Notranjsko in Snežniško hribovje",603,329703,76,5
210,Unška koliševka,"Goriško, Notranjsko in Snežniško hribovje",594,351301,78,2
211,Sveti Rok (Skadanščina),"Goriško, Notranjsko in Snežniško hribovje",581,297,15,2
212,Zidovnik (Sedovnik),"Goriško, Notranjsko in Snežniško hribovje",575,170619,60,1
213,Sveti Tomaž (Planinca),"Goriško, Notranjsko in Snežniško hribovje",572,205561,64,3
214,Putrihove klavže,"Goriško, Notranjsko in Snežniško hribovje",570,183,11,1
215,Soteska Pekel 5. slap,"Goriško, Notranjsko in Snežniško hribovje",570,346351,78,2
216,Stolovec,"Goriško, Notranjsko in Snežniško hribovje",563,124805,56,1
217,Sveta Ana (Razguri),"Goriško, Notranjsko in Snežniško hribovje",560,2391,34,1
218,Dom na Sabotinu,"Goriško, Notranjsko in Snežniško hribovje",560,448912,87,2
219,Sveti Socerb (Vipavska brda),"Goriško, Notranjsko in Snežniško hribovje",555,7630,44,2
220,Stari grad nad Želimljami,"Goriško, Notranjsko in Snežniško hribovje",555,2080,33,1
221,Štanjel (Sveti Danijel),"Goriško, Notranjsko in Snežniško hribovje",553,51161,48,1
222,Lešenjak,"Goriško, Notranjsko in Snežniško hribovje",552,123565,56,1
223,Volnik,"Goriško, Notranjsko in Snežniško hribovje",546,386095,81,1
224,Sekirica,"Goriško, Notranjsko in Snežniško hribovje",545,6290,43,2
225,Griček,"Goriško, Notranjsko in Snežniško hribovje",532,478,20,1
226,Sveti Ambrož (Tabor),"Goriško, Notranjsko in Snežniško hribovje",531,2100,33,2
227,Štivanski log,"Goriško, Notranjsko in Snežniško hribovje",530,1892,32,1
228,Petelinjsko jezero,"Goriško, Notranjsko in Snežniško hribovje",530,183613,62,1
229,Plaz,"Goriško, Notranjsko in Snežniško hribovje",528,5643,42,1
230,Veliki hrib (kota 526),"Goriško, Notranjsko in Snežniško hribovje",526,3290,37,1
231,Kuren (Sveti Miklavž),"Goriško, Notranjsko in Snežniško hribovje",526,163634,60,1
232,Školj sv. Pavla nad Vrtovinom,"Goriško, Notranjsko in Snežniško hribovje",520,246559,68,4
233,Planinski dom v Novem Svetu,"Goriško, Notranjsko in Snežniško hribovje",518,193750,63,1
234,Rakov Škocjan,"Goriško, Notranjsko in Snežniško hribovje",517,19660,47,3
235,Gura,"Goriško, Notranjsko in Snežniško hribovje",510,3091,37,1
236,Veliki Gradež,"Goriško, Notranjsko in Snežniško hribovje",507,193526,63,3
237,Vrtovka,"Goriško, Notranjsko in Snežniško hribovje",502,116080,55,1
238,Skrivski izvir,"Goriško, Notranjsko in Snežniško hribovje",500,1400,29,1
239,Planinska jama,"Goriško, Notranjsko in Snežniško hribovje",500,240945,67,1
240,Tri učke,"Goriško, Notranjsko in Snežniško hribovje",499,222290,66,3
241,Kuk,"Goriško, Notranjsko in Snežniško hribovje",498,303504,73,3
242,Brusove klavže,"Goriško, Notranjsko in Snežniško hribovje",491,232,13,1
243,Sveta Ana,"Goriško, Notranjsko in Snežniško hribovje",484,572179,94,3
244,Grčarevec,"Goriško, Notranjsko in Snežniško hribovje",476,862,25,1
245,Klada,"Goriško, Notranjsko in Snežniško hribovje",475,1110,28,1
246,Veliki Medvejk / Monte Orsario,"Goriško, Notranjsko in Snežniško hribovje",472,2090,33,1
247,Marija Snežna na Gradišcah,"Goriško, Notranjsko in Snežniško hribovje",467,4702,41,2
248,Veliki vrh (Črni hribi),"Goriško, Notranjsko in Snežniško hribovje",463,134488,57,2
249,Mengore,"Goriško, Notranjsko in Snežniško hribovje",453,406600,83,2
250,Lačna,"Goriško, Notranjsko in Snežniško hribovje",451,368880,80,6
251,Tupla jama,"Goriško, Notranjsko in Snežniško hribovje",450,522,21,1
252,Laze,"Goriško, Notranjsko in Snežniško hribovje",450,559,21,1
253,Zjat,"Goriško, Notranjsko in Snežniško hribovje",449,213966,65,5
254,Renški vrh,"Goriško, Notranjsko in Snežniško hribovje",449,166109,60,1
255,Vitovsko jezero,"Goriško, Notranjsko in Snežniško hribovje",445,199950,63,1
256,Soteska Pekel 3. slap,"Goriško, Notranjsko in Snežniško hribovje",445,237385,67,1
257,Sveti Jožef (Mlečnik),"Goriško, Notranjsko in Snežniško hribovje",441,158641,59,1
258,Sveti Miklavž nad Vipavo,"Goriško, Notranjsko in Snežniško hribovje",438,295744,73,2
259,Grad Socerb,"Goriško, Notranjsko in Snežniško hribovje",437,535968,93,6
260,Fajti hrib,"Goriško, Notranjsko in Snežniško hribovje",433,321399,75,2
261,Sveti Gregor na Dobravici,"Goriško, Notranjsko in Snežniško hribovje",432,160139,59,1
262,Črnokalska Varda,"Goriško, Notranjsko in Snežniško hribovje",423,7240,44,3
263,Ostri Vrh nad Vipavsko dolino,"Goriško, Notranjsko in Snežniško hribovje",422,193774,63,0
264,Jama Vilenica,"Goriško, Notranjsko in Snežniško hribovje",420,4538,40,1
265,Iški Vintgar (Vrbica),"Goriško, Notranjsko in Snežniško hribovje",420,386511,81,1
266,Divaška jama,"Goriško, Notranjsko in Snežniško hribovje",419,167,11,0
267,Žalostna gora pri Preserju,"Goriško, Notranjsko in Snežniško hribovje",418,257591,69,2
268,Krog,"Goriško, Notranjsko in Snežniško hribovje",418,132815,57,3
269,Vrh križa,"Goriško, Notranjsko in Snežniško hribovje",411,151230,58,3
270,Sveti Rupert nad Drago,"Goriško, Notranjsko in Snežniško hribovje",409,161763,59,1
271,Sveti Kvirik,"Goriško, Notranjsko in Snežniško hribovje",408,292675,72,2
272,Grad Kostel,"Goriško, Notranjsko in Snežniško hribovje",406,3710,38,2
273,Sveti Pavel (nad Ročinjem),"Goriško, Notranjsko in Snežniško hribovje",403,2080,33,3
274,Izvir Nežice,"Goriško, Notranjsko in Snežniško hribovje",390,233581,67,1
275,Prižnica,"Goriško, Notranjsko in Snežniško hribovje",383,5383,42,2
276,Tinjan,"Goriško, Notranjsko in Snežniško hribovje",374,500656,91,6
277,Udornica Risnik,"Goriško, Notranjsko in Snežniško hribovje",366,4316,40,1
278,Sveti Duh (Pedrovo),"Goriško, Notranjsko in Snežniško hribovje",365,140378,57,2
279,Pomjan,"Goriško, Notranjsko in Snežniško hribovje",360,12580,46,2
280,Dom v Iškem Vintgarju,"Goriško, Notranjsko in Snežniško hribovje",360,196933,63,1
281,Orlovo gnezdo (Veli Badin),"Goriško, Notranjsko in Snežniško hribovje",359,450026,87,2
282,Divje jezero,"Goriško, Notranjsko in Snežniško hribovje",350,346682,78,3
283,Veliko Cerje,"Goriško, Notranjsko in Snežniško hribovje",343,294417,73,3
284,Sveti Lovrenc (Jezero),"Goriško, Notranjsko in Snežniško hribovje",329,287149,72,1
285,Sveti Kvirin na Paljevem,"Goriško, Notranjsko in Snežniško hribovje",321,2530,35,2
286,Dolina reke Glinščice / Val Rosandra,"Goriško, Notranjsko in Snežniško hribovje",320,568907,94,1
287,Dolina Drage,"Goriško, Notranjsko in Snežniško hribovje",310,5510,42,1
288,Izvir Ljubljanice (Retovje),"Goriško, Notranjsko in Snežniško hribovje",308,317671,75,1
289,Izvir Ljubljanice (Močilnik),"Goriško, Notranjsko in Snežniško hribovje",305,293811,72,0
290,Lopar,"Goriško, Notranjsko in Snežniško hribovje",303,2210,33,1
291,Jama Pečinka,"Goriško, Notranjsko in Snežniško hribovje",295,2050,32,1
292,Iški morost,"Goriško, Notranjsko in Snežniško hribovje",289,197782,63,3
293,Marezige,"Goriško, Notranjsko in Snežniško hribovje",284,9280,45,2
294,Orleška draga,"Goriško, Notranjsko in Snežniško hribovje",265,632,23,1
295,Sveti Peter (Nad Ajbo),"Goriško, Notranjsko in Snežniško hribovje",260,699,23,1
296,Sveti Duh (Sveti Peter),"Goriško, Notranjsko in Snežniško hribovje",253,4700,41,2
297,Sveti Štefan (Zanigrad),"Goriško, Notranjsko in Snežniško hribovje",246,213660,65,2
298,Stari grad Vipava,"Goriško, Notranjsko in Snežniško hribovje",241,273629,71,1
299,Lovsko zavetišče Kolombar,"Goriško, Notranjsko in Snežniško hribovje",218,2200,33,2
300,Goli hrib,"Goriško, Notranjsko in Snežniško hribovje",217,3150,37,2
301,Kamno čelo (Mandrija),"Goriško, Notranjsko in Snežniško hribovje",193,583,22,1
302,Črni vrh (Iskra),"Goriško, Notranjsko in Snežniško hribovje",119,3002,36,1
303,Jurjev hrib,"Goriško, Notranjsko in Snežniško hribovje",109,2950,36,1
304,Slap potoka Struga,"Goriško, Notranjsko in Snežniško hribovje",105,3281,37,1
305,Vanganelsko jezero,"Goriško, Notranjsko in Snežniško hribovje",55,4310,40,1
306,Strunjanski križ,"Goriško, Notranjsko in Snežniško hribovje",53,26960,47,3
307,Debeli rtič,"Goriško, Notranjsko in Snežniško hribovje",28,10130,45,1
308,Ankaran,"Goriško, Notranjsko in Snežniško hribovje",18,426149,85,3
309,Strunjanske soline,"Goriško, Notranjsko in Snežniško hribovje",2,8580,44,2
310,Triglav,Julijske Alpe,2864,1908849,100,28
311,Montaž / Jôf di Montasio,Julijske Alpe,2753,793815,98,3
312,Škrlatica,Julijske Alpe,2740,886273,99,5
313,Mali Triglav,Julijske Alpe,2725,539548,93,10
314,Mangart,Julijske Alpe,2679,1051756,99,8
315,Viš/Jof Fuart,Julijske Alpe,2666,653524,97,5
316,Vrh Brda / Cima Verde,Julijske Alpe,2661,459986,88,1
317,Visoki Rokav,Julijske Alpe,2646,532289,93,2
318,Jalovec,Julijske Alpe,2645,983703,99,10
319,Veliki Oltar,Julijske Alpe,2621,589012,95,2
320,Velika Martuljška Ponca,Julijske Alpe,2602,523868,92,1
321,Razor,Julijske Alpe,2601,807885,98,4
322,Dolkova špica,Julijske Alpe,2591,591762,95,6
323,Visoki Kanin,Julijske Alpe,2587,664938,97,8
324,Rjavec,Julijske Alpe,2571,1980,32,1
325,Mali Kanin,Julijske Alpe,2571,453937,87,3
326,Kanjavec (Zahodni vrh),Julijske Alpe,2569,396190,82,4
327,Kanjavec,Julijske Alpe,2569,693090,97,8
328,Glava v Zaplanji,Julijske Alpe,2556,449761,87,4
329,Rogljica,Julijske Alpe,2547,405545,83,1
330,Prisank / Prisojnik,Julijske Alpe,2547,992419,99,11
331,Rakova Špica,Julijske Alpe,2545,13764,46,0
332,Dovški križ,Julijske Alpe,2542,551382,93,2
333,Kredarica,Julijske Alpe,2541,57080,49,7
334,Rž,Julijske Alpe,2538,504484,91,4
335,Rjavina,Julijske Alpe,2532,680549,97,9
336,Špik nad Nosom / Foronon del Buinz,Julijske Alpe,2531,506569,91,2
337,Triglavska vojašnica Viktorja Emanuela III.,Julijske Alpe,2520,514647,92,4
338,Triglavski dom na Kredarici,Julijske Alpe,2515,759271,98,11
339,Divja koza,Julijske Alpe,2507,4990,41,1
340,Koštrunove špice,Julijske Alpe,2502,471733,89,3
341,Mala Martuljška Ponca,Julijske Alpe,2501,435449,86,1
342,Stenar,Julijske Alpe,2501,729074,98,5
343,Spodnji Rokav,Julijske Alpe,2500,347783,78,1
344,Prestreljenik,Julijske Alpe,2499,552690,93,6
345,Široka peč,Julijske Alpe,2497,460653,88,1
346,Poprovec,Julijske Alpe,2496,373411,80,3
347,Teme (Hribarice),Julijske Alpe,2495,364360,79,3
348,Veliki Ozebnik,Julijske Alpe,2480,454169,87,4
349,Vrh Zelenic,Julijske Alpe,2478,1170,28,1
350,Špik,Julijske Alpe,2472,866902,99,4
351,Mišeljski Konec,Julijske Alpe,2464,442381,86,1
352,Begunjski vrh,Julijske Alpe,2461,547474,93,6
353,Planja,Julijske Alpe,2453,512986,92,4
354,Vrh Laške Planje,Julijske Alpe,2448,5110,41,2
355,Vršaki (Vzhodni vrh),Julijske Alpe,2448,327435,76,4
356,Vrh Krnice,Julijske Alpe,2441,354803,78,2
357,Vršaki (Južni vrh),Julijske Alpe,2431,249653,68,2
358,Špik Hude police / Cima di Terrarossa,Julijske Alpe,2431,696823,97,2
359,Bivak Suringar,Julijske Alpe,2430,336090,77,2
360,Pod Kaninom,Julijske Alpe,2429,63,3,1
361,Kukova špica,Julijske Alpe,2427,577564,95,2
362,Vršaki (Srednji vrh),Julijske Alpe,2424,311153,74,2
363,Črni Vogel,Julijske Alpe,2422,1500,30,1
364,Vršaki (Vrh za Koritami),Julijske Alpe,2422,216532,65,2
365,Pihavec,Julijske Alpe,2419,535768,93,4
366,Lipnica,Julijske Alpe,2418,184,11,2
367,Špik nad Planjo / Punta Plagnis,Julijske Alpe,2411,309923,74,1
368,Križ,Julijske Alpe,2410,613492,96,7
369,Visoka Vrbanova špica,Julijske Alpe,2408,593512,95,7
370,Lopa,Julijske Alpe,2406,13940,46,2
371,Gubno (nad Kriško steno),Julijske Alpe,2403,378175,81,3
372,Dom Planika pod Triglavom,Julijske Alpe,2401,650890,97,9
373,Veliko Špičje,Julijske Alpe,2398,570322,94,7
374,Cmir,Julijske Alpe,2393,552195,93,4
375,Bovški Gamsovec,Julijske Alpe,2392,768339,98,4
376,Prestreljeniško okno,Julijske Alpe,2391,29800,48,3
377,Debeli vrh,Julijske Alpe,2390,536634,93,2
378,Vrh Hribaric,Julijske Alpe,2388,366271,80,4
379,Šplevta (Indijanec),Julijske Alpe,2382,392575,82,2
380,Strma peč / Monte Cimone,Julijske Alpe,2380,441911,86,2
381,Travnik (pri Mojstrovkah),Julijske Alpe,2379,469460,88,2
382,Kucelj (Julijske Alpe),Julijske Alpe,2372,6030,42,1
383,Vrh Osojnic,Julijske Alpe,2371,6582,43,3
384,Velika Mojstrovka (zahodni vrh),Julijske Alpe,2369,201,12,2
385,Kriški rob,Julijske Alpe,2366,389296,82,2
386,Velika Mojstrovka (vzhodni vrh),Julijske Alpe,2366,617881,96,4
387,Šmarjetna glava,Julijske Alpe,2358,394592,82,4
388,Spodnji Stenar,Julijske Alpe,2356,320112,75,1
389,Zadnja Mojstrovka,Julijske Alpe,2354,448253,87,2
390,Vrh Krnega dola / Monte Cregnedul,Julijske Alpe,2351,271381,70,1
391,Kol,Julijske Alpe,2350,328833,76,2
392,Mišelj vrh,Julijske Alpe,2350,527872,92,1
393,Plaski Vogel,Julijske Alpe,2348,403098,83,1
394,Bavški Grintavec,Julijske Alpe,2347,669628,97,3
395,Briceljk,Julijske Alpe,2346,447265,87,1
396,Vevnica,Julijske Alpe,2342,482067,89,1
397,Vrh Snežne konte,Julijske Alpe,2342,372429,80,3
398,Vrh Žlebi,Julijske Alpe,2339,156,10,1
399,Velika Črnelska špica,Julijske Alpe,2332,401588,83,3
400,Mala Mojstrovka,Julijske Alpe,2332,931926,99,5
401,Dom Valentina Staniča pod Triglavom,Julijske Alpe,2332,605423,96,12
402,Zadnji Vogel,Julijske Alpe,2327,465661,88,1
403,Mali Ozebnik,Julijske Alpe,2324,290569,72,2
404,Žrd / Sart,Julijske Alpe,2324,401669,83,5
405,Velika Zelnarica,Julijske Alpe,2320,511143,91,5
406,Veliki Nabojs / Monte Nabois grande,Julijske Alpe,2313,407172,83,2
407,Malo Špičje,Julijske Alpe,2312,438274,86,4
408,Mala Zelnarica,Julijske Alpe,2310,470372,89,5
409,Škednjovec,Julijske Alpe,2309,405101,83,2
410,Spodnja Vrbanova špica,Julijske Alpe,2299,410199,84,1
411,Konjc,Julijske Alpe,2289,329136,76,2
412,Frdamane police,Julijske Alpe,2284,399367,82,1
413,Na Nizkem,Julijske Alpe,2275,128,9,1
414,Tosc,Julijske Alpe,2275,761002,98,6
415,Visoka Ponca,Julijske Alpe,2274,574323,94,3
416,Šplevta,Julijske Alpe,2272,439831,86,2
417,Strug,Julijske Alpe,2265,394647,82,1
418,Dom Petra Skalarja na Kaninu,Julijske Alpe,2260,454689,87,3
419,Visoka Bela Špica / Cima Alta di Riobianco,Julijske Alpe,2257,12070,46,1
420,Travnik,Julijske Alpe,2252,418257,84,1
421,Plesišče (Vrbanove špice),Julijske Alpe,2248,121,8,1
422,Krn,Julijske Alpe,2244,1101600,100,14
423,Veliki Draški vrh,Julijske Alpe,2243,669385,97,10
424,Zadnja Ponca,Julijske Alpe,2242,344393,77,2
425,Vrh Grubje,Julijske Alpe,2240,242354,67,1
426,Srednja Ponca,Julijske Alpe,2228,439548,86,2
427,Čelo,Julijske Alpe,2228,458668,88,7
428,Srednji Vogel,Julijske Alpe,2226,336294,77,2
429,Vernar,Julijske Alpe,2225,492114,90,8
430,Rombon,Julijske Alpe,2208,730575,98,5
431,Vodnikov Vršac (Vršac nad Zadnjico),Julijske Alpe,2194,364959,79,5
432,Kopica,Julijske Alpe,2190,448673,87,3
433,Plešivec (Loška stena),Julijske Alpe,2184,401902,83,2
434,Gomiščkovo zavetišče na Krnu,Julijske Alpe,2182,480305,89,9
435,Prvi Vogel,Julijske Alpe,2181,383920,81,2
436,Bivak v Veliki Dnini,Julijske Alpe,2180,6100,42,1
437,Vrh nad Peski,Julijske Alpe,2176,492284,90,7
438,Batognica,Julijske Alpe,2164,571976,94,12
439,Zgornje Kriško jezero,Julijske Alpe,2158,508352,91,2
440,Koča na Doliču,Julijske Alpe,2151,654147,97,10
441,Bivak Tarvisio,Julijske Alpe,2150,3759,39,0
442,Velika Baba (Kanin),Julijske Alpe,2148,20480,47,5
443,Bela peč/Monte Bila pec,Julijske Alpe,2146,411216,84,1
444,Krnčica,Julijske Alpe,2142,464966,88,3
445,Teme (pri Rjavini),Julijske Alpe,2136,288152,72,1
446,Srednji vrh (pri Krnu),Julijske Alpe,2134,873,25,1
447,Kotovo sedlo,Julijske Alpe,2134,488425,90,2
448,Mali Draški vrh,Julijske Alpe,2132,570249,94,8
449,Glava za Bajto,Julijske Alpe,2131,1960,32,4
450,Jerebica,Julijske Alpe,2126,754741,98,2
451,Veliki Babanski Skedenj,Julijske Alpe,2121,20600,47,1
452,Šmihelovec,Julijske Alpe,2118,4660,41,2
453,Bivak na Jezerih,Julijske Alpe,2118,434882,86,1
454,Trentski Pelc,Julijske Alpe,2116,7860,44,1
455,Vršac (nad Zadnjo Trento),Julijske Alpe,2113,2420,34,2
456,Suhi vrh,Julijske Alpe,2109,391565,82,1
457,Goličica,Julijske Alpe,2101,29780,48,1
458,Cesar,Julijske Alpe,2098,287,15,0
459,Velika Tičarica,Julijske Alpe,2091,526258,92,3
460,Zagorelec,Julijske Alpe,2090,6190,43,2
461,Poldašnja špica/Jof di Miezegnot,Julijske Alpe,2087,442610,86,4
462,Oklo,Julijske Alpe,2087,419383,84,1
463,Ogradi,Julijske Alpe,2087,540947,93,3
464,Šitna glava,Julijske Alpe,2087,516973,92,1
465,Tolminski Kuk,Julijske Alpe,2085,570084,94,11
466,Zadnjiški Ozebnik,Julijske Alpe,2084,483313,89,2
467,Sleme,Julijske Alpe,2077,611285,96,3
468,Slatna,Julijske Alpe,2077,422940,85,3
469,Prevalski Stog,Julijske Alpe,2075,443800,86,5
470,Rigljica,Julijske Alpe,2074,339405,77,1
471,Kamniti lovec / Cima del Cacciatore,Julijske Alpe,2071,578466,95,4
472,Zasavska koča na Prehodavcih,Julijske Alpe,2071,818392,99,7
473,Mala Tičarica,Julijske Alpe,2071,592206,95,4
474,Visoki Pipar,Julijske Alpe,2069,5440,42,2
475,Zavetišče pod Špičkom,Julijske Alpe,2064,562034,94,4
476,Poldnik (Kopa) / Picco di Mezzodi,Julijske Alpe,2063,12200,46,1
477,Podrta gora,Julijske Alpe,2061,23830,47,3
478,Veliki Pršivec,Julijske Alpe,2056,435777,86,1
479,Vrh nad Škrbino,Julijske Alpe,2054,515258,92,12
480,Zeleni vrh,Julijske Alpe,2052,360517,79,7
481,Pogačnikov dom na Kriških podih,Julijske Alpe,2050,953637,99,4
482,Viševnik,Julijske Alpe,2050,1160732,100,21
483,Jelenk,Julijske Alpe,2049,1120,28,0
484,Cima Alta (Dve špici),Julijske Alpe,2046,421280,84,5
485,Veliki Lemež,Julijske Alpe,2042,16040,46,2
486,Bivak Marussich,Julijske Alpe,2041,273063,71,5
487,Jezerski Stog,Julijske Alpe,2040,528588,92,6
488,Na Pečeh,Julijske Alpe,2039,320947,75,1
489,Srednji vrh (nad jezerom v Lužnici),Julijske Alpe,2032,344539,77,3
490,Drobeče Sleme,Julijske Alpe,2029,344774,78,3
491,Kreda,Julijske Alpe,2025,456587,88,2
492,Eva,Julijske Alpe,2019,447597,87,1
493,Velika Baba,Julijske Alpe,2016,577362,95,4
494,Debela peč,Julijske Alpe,2014,1107782,100,13
495,Lopatnik,Julijske Alpe,2012,426578,85,1
496,Adam,Julijske Alpe,2012,438440,86,1
497,Cima Vildiver (Dve špici),Julijske Alpe,2008,1820,31,2
498,Mahavšček,Julijske Alpe,2008,528637,92,6
499,Brda,Julijske Alpe,2008,529936,92,9
500,Rjavo jezero,Julijske Alpe,2006,455281,87,5
501,Ablanca,Julijske Alpe,2004,558518,94,9
502,Lanževica,Julijske Alpe,2003,519711,92,6
503,Kal (nad Komno),Julijske Alpe,2001,405865,83,1
504,Meja,Julijske Alpe,1996,265120,70,5
505,Vrh nad Vodeno Rupo,Julijske Alpe,1995,204097,64,1
506,Zeleno jezero,Julijske Alpe,1988,464803,88,4
507,Vratni vrh,Julijske Alpe,1983,2280,34,1
508,Vogel (nad Lepeno),Julijske Alpe,1980,7520,44,2
509,Velika Bavha / Monte Robon,Julijske Alpe,1980,320701,75,3
510,Bivak na Rušju,Julijske Alpe,1980,458690,88,1
511,Draški rob,Julijske Alpe,1979,342779,77,2
512,Bivak pod Kotovim sedlom,Julijske Alpe,1977,415174,84,2
513,Bogatin,Julijske Alpe,1977,587103,95,4
514,Pri Banderi,Julijske Alpe,1974,203498,64,1
515,Lipanski vrh,Julijske Alpe,1974,522608,92,5
516,Vrh Planje,Julijske Alpe,1971,355867,78,3
517,Monte Gosadon,Julijske Alpe,1968,1800,31,4
518,Raskovec,Julijske Alpe,1967,363590,79,6
519,Rodica,Julijske Alpe,1966,746983,98,10
520,Vrh Ovčje planje,Julijske Alpe,1965,260932,69,1
521,Okroglež,Julijske Alpe,1965,368506,80,3
522,Mrežce,Julijske Alpe,1965,628908,96,8
523,Plešivec,Julijske Alpe,1962,3950,39,1
524,Debeli vrh (nad Lipanco),Julijske Alpe,1962,470391,89,6
525,Velika Montura,Julijske Alpe,1958,10650,45,2
526,Lopič / Monte Plauris,Julijske Alpe,1958,285410,72,2
527,Vrh Leh,Julijske Alpe,1958,207557,64,1
528,Veliki Selišnik,Julijske Alpe,1952,366753,80,1
529,Bivak Gorizia,Julijske Alpe,1950,298017,73,1
530,Mali Raskovec,Julijske Alpe,1946,211175,64,4
531,Suha Rodica (Novi vrh),Julijske Alpe,1944,246760,68,4
532,Veliki Šmohor,Julijske Alpe,1944,403789,83,2
533,Prednje Robičje,Julijske Alpe,1941,347331,78,2
534,Mali Šmohor,Julijske Alpe,1939,333719,77,2
535,Matajurski vrh,Julijske Alpe,1936,356713,79,4
536,Vrh Škrli,Julijske Alpe,1926,245180,68,2
537,Macesnovec,Julijske Alpe,1926,502387,91,1
538,Bela glava,Julijske Alpe,1926,311706,74,1
539,Mala Ponca,Julijske Alpe,1925,505417,91,4
540,Vogel,Julijske Alpe,1922,722814,98,18
541,Rušnati vrh,Julijske Alpe,1915,239658,67,3
542,Rdeči rob,Julijske Alpe,1913,390197,82,3
543,Kraljevska špica/Monte Re,Julijske Alpe,1912,387635,81,1
544,Slemenova špica,Julijske Alpe,1911,985264,99,6
545,Speleološki bivak Modonutti - Savoia,Julijske Alpe,1908,221086,66,3
546,Bivak Bernardinis,Julijske Alpe,1907,225713,66,2
547,Mangartska koča na Mangartskem sedlu,Julijske Alpe,1906,514573,92,3
548,Mala Rodica,Julijske Alpe,1901,250990,68,2
549,Kser,Julijske Alpe,1900,289290,72,2
550,Rušnata glava,Julijske Alpe,1899,343047,77,2
551,Vrtaški vrh,Julijske Alpe,1898,463276,88,4
552,Poljanski vrh,Julijske Alpe,1897,251201,68,4
553,Vrh Krnic,Julijske Alpe,1896,272947,71,8
554,Vrh Razora,Julijske Alpe,1893,398504,82,3
555,Studorski preval,Julijske Alpe,1892,455584,87,6
556,Srednji Selišnik,Julijske Alpe,1890,325398,76,1
557,Krniška glavica / Jof di Sompdogna,Julijske Alpe,1889,12060,46,2
558,Klečica,Julijske Alpe,1889,200739,63,0
559,Velika Glava,Julijske Alpe,1883,1790,31,2
560,Šija,Julijske Alpe,1880,528560,92,5
561,Spodnje Kriško jezero,Julijske Alpe,1880,449285,87,1
562,Krsteniški Stog,Julijske Alpe,1879,321565,75,2
563,Konjski vrh,Julijske Alpe,1879,305836,74,4
564,Velika Kuhinja,Julijske Alpe,1878,231,13,3
565,Čisti vrh,Julijske Alpe,1875,395618,82,1
566,Rifugio Corsi,Julijske Alpe,1874,392231,82,4
567,Vrh Muzcev (vzhodni vrh),Julijske Alpe,1873,234,13,1
568,Tolminski Migovec,Julijske Alpe,1868,441284,86,2
569,Požgana Mlinarica,Julijske Alpe,1868,361179,79,3
570,Vrh Muzcev (zahodni vrh),Julijske Alpe,1864,410,18,2
571,Vrh Planje (nad Globokim),Julijske Alpe,1863,263659,70,6
572,Skutnik/Torre Guarda,Julijske Alpe,1860,322673,76,1
573,Vrh Dlani,Julijske Alpe,1852,223677,66,1
574,Bivak Nogara,Julijske Alpe,1850,321457,75,1
575,Rifugio Gilberti,Julijske Alpe,1850,362655,79,2
576,Šober / Monte Sciober Grande,Julijske Alpe,1845,322907,76,4
577,Žabiški Kuk,Julijske Alpe,1844,368310,80,6
578,Črna prst,Julijske Alpe,1844,906169,99,15
579,Škrbinica (Sinji dol),Julijske Alpe,1838,92,6,1
580,Četrt,Julijske Alpe,1832,246319,68,4
581,Jezero v Ledvicah,Julijske Alpe,1831,485306,90,3
582,Kovačičeva glava,Julijske Alpe,1827,225877,66,1
583,Visoka glava,Julijske Alpe,1822,202389,63,1
584,Vodnikov dom na Velem polju,Julijske Alpe,1817,701213,97,8
585,Zajavor,Julijske Alpe,1815,660,23,2
586,Stara koča na Kaninu,Julijske Alpe,1814,4477,40,1
587,Pri treh macesnih,Julijske Alpe,1810,340229,77,1
588,Vrtec,Julijske Alpe,1809,275673,71,1
589,Jezero v Lužnici,Julijske Alpe,1801,440130,86,3
590,Visoki Orlov rob,Julijske Alpe,1800,280933,71,2
591,Škraplja,Julijske Alpe,1794,277610,71,1
592,Plesišče,Julijske Alpe,1790,302370,73,1
593,Kumlehova glava,Julijske Alpe,1788,394884,82,2
594,Rušni vrh,Julijske Alpe,1786,212340,64,10
595,Stadorski Orliči,Julijske Alpe,1782,212615,64,1
596,Rušnata Mlinarica,Julijske Alpe,1777,280558,71,2
597,Krasji vrh,Julijske Alpe,1773,562920,94,3
598,Rigeljc,Julijske Alpe,1768,212889,65,1
599,Veliki vrh (Polovnik),Julijske Alpe,1768,375954,81,1
600,Čukla,Julijske Alpe,1767,480575,89,1
601,Svete Višarje / Monte Lussari,Julijske Alpe,1766,772185,98,4
602,Luknja,Julijske Alpe,1766,482233,89,2
603,Kurji vrh,Julijske Alpe,1762,448451,87,2
604,Pršivec,Julijske Alpe,1761,627345,96,7
605,Glave,Julijske Alpe,1760,245276,68,2
606,Sovna glava,Julijske Alpe,1750,403822,83,5
607,Zavitar,Julijske Alpe,1750,337096,77,2
608,Visoka peč,Julijske Alpe,1749,26020,47,4
609,Ciprnik,Julijske Alpe,1745,708882,97,4
610,Vršič vrh,Julijske Alpe,1737,628086,96,4
611,Skutnik / Monte Guarda,Julijske Alpe,1721,398802,82,2
612,Planina Jezerce,Julijske Alpe,1720,424761,85,2
613,Planina Zgornja Krma,Julijske Alpe,1720,465780,88,1
614,Veliki Karman / Monte Chiampon,Julijske Alpe,1713,262230,70,3
615,Kal (greben Krnčice),Julijske Alpe,1699,179,11,1
616,Rutarski Vršič,Julijske Alpe,1699,344801,78,2
617,Gradovec,Julijske Alpe,1692,3700,38,4
618,Poštarski dom na Vršiču,Julijske Alpe,1688,480668,89,6
619,Koča pri Triglavskih jezerih,Julijske Alpe,1685,1136529,100,8
620,Orlove glave,Julijske Alpe,1682,433405,85,1
621,Velo polje,Julijske Alpe,1680,474352,89,7
622,Stol (Julijske Alpe),Julijske Alpe,1673,611227,96,4
623,Planina Krstenica,Julijske Alpe,1670,544625,93,3
624,Na Glavi,Julijske Alpe,1666,2270,34,1
625,Ricovero Igor Crasso,Julijske Alpe,1665,422,19,1
626,Jehlc (Špičasta kupa),Julijske Alpe,1662,246611,68,3
627,Rifugio di Brazza,Julijske Alpe,1660,380562,81,1
628,Planina Ovčarija,Julijske Alpe,1660,446448,86,4
629,Zavetišče pod Ponco,Julijske Alpe,1657,323225,76,1
630,Lisc (Lisec),Julijske Alpe,1653,7370,44,1
631,Florjanka / Monte Florianca,Julijske Alpe,1653,6500,43,2
632,Svinjak,Julijske Alpe,1653,622839,96,1
633,Bivak Costantini,Julijske Alpe,1650,229,13,2
634,Planina pod Mišelj vrhom,Julijske Alpe,1645,391181,82,7
635,Matajur,Julijske Alpe,1642,736864,98,15
636,Gabrovec (Veliki Muzec),Julijske Alpe,1630,305342,74,1
637,Blejska koča na Lipanci,Julijske Alpe,1630,797925,98,5
638,Planina Viševnik,Julijske Alpe,1625,533822,93,4
639,Bivak Dino Brollo,Julijske Alpe,1621,436,19,1
640,Vošni vrh,Julijske Alpe,1621,181158,61,1
641,Tičarjev dom na Vršiču,Julijske Alpe,1618,479061,89,4
642,Breški Jalovec / Punta di Montemaggiore,Julijske Alpe,1613,372153,80,2
643,Muzec - Musc (Mali Muzec),Julijske Alpe,1612,354126,78,1
644,Slatnik (severozahodni vrh),Julijske Alpe,1609,468490,88,5
645,Možic,Julijske Alpe,1602,610055,96,8
646,Planina za Migovcem,Julijske Alpe,1600,233893,67,6
647,Slatnik (jugovzhodni vrh),Julijske Alpe,1597,10434,45,5
648,Nemške glave,Julijske Alpe,1597,305723,74,1
649,Jerebikovec,Julijske Alpe,1593,536962,93,4
650,Lovska koča Berebica,Julijske Alpe,1590,2820,36,1
651,Bivak Stuparich,Julijske Alpe,1587,241019,67,2
652,Brinova glava,Julijske Alpe,1586,2770,36,1
653,Šavnik,Julijske Alpe,1574,446155,86,6
654,Grušnica,Julijske Alpe,1570,7770,44,6
655,Višarska planina / Malga di Lussari,Julijske Alpe,1570,327328,76,2
656,Visoki Mavrinc,Julijske Alpe,1562,549504,93,2
657,Planina v Lazu,Julijske Alpe,1560,473317,89,2
658,Planina Dedno polje,Julijske Alpe,1560,475300,89,3
659,Planina Lopučnica,Julijske Alpe,1558,250998,68,7
660,Javoršček,Julijske Alpe,1557,398778,82,2
661,Planina Klek,Julijske Alpe,1556,421186,84,2
662,Mojčin dom na Vitrancu,Julijske Alpe,1555,618180,96,5
663,Planja (nad Mangartsko planino),Julijske Alpe,1553,2820,36,1
664,Lajnar,Julijske Alpe,1549,513245,92,5
665,Planina v Plazeh,Julijske Alpe,1548,244692,68,2
666,Dravh,Julijske Alpe,1547,434457,86,3
667,Dom na Matajure,Julijske Alpe,1545,367888,80,2
668,Požar,Julijske Alpe,1543,212501,64,2
669,Kravja Črna gora,Julijske Alpe,1541,309322,74,1
670,Visoka glava (na Matajurju),Julijske Alpe,1540,2442,34,1
671,Mesnovec,Julijske Alpe,1538,275429,71,1
672,Planinska koča Merjasec,Julijske Alpe,1535,442126,86,3
673,Viška planina,Julijske Alpe,1530,289362,72,1
674,Planina na Polju,Julijske Alpe,1530,379116,81,2
675,Bivak pod Muzcem,Julijske Alpe,1529,326283,76,1
676,Lovska koča na Glinu,Julijske Alpe,1527,162528,60,5
677,Erjavčeva koča na Vršiču,Julijske Alpe,1525,505148,91,2
678,Rifugio Cinque Punte,Julijske Alpe,1520,245859,68,1
679,Dom na Komni,Julijske Alpe,1520,882016,99,12
680,Planina Ravna,Julijske Alpe,1515,183250,62,2
681,Krevl,Julijske Alpe,1515,307141,74,8
682,Koča pod Bogatinom,Julijske Alpe,1513,617249,96,3
683,Planina Za skalo,Julijske Alpe,1510,362410,79,1
684,Malga Granuda,Julijske Alpe,1501,679,23,2
685,Lovska koča Na Utrci,Julijske Alpe,1500,236913,67,1
686,Rifugio Pellarini,Julijske Alpe,1499,278467,71,1
687,Lengarjeva glava,Julijske Alpe,1498,168087,60,1
688,Kobla,Julijske Alpe,1498,482996,89,4
689,Planina Vodični vrh,Julijske Alpe,1494,309811,74,1
690,Planina na Kalu,Julijske Alpe,1490,283870,72,6
691,Nizki vrh,Julijske Alpe,1488,216594,65,1
692,Črni vrh / Colrotondo,Julijske Alpe,1486,3489,38,2
693,Javorov vrh (Pokljuka),Julijske Alpe,1482,454673,87,1
694,Planina Govnjač,Julijske Alpe,1480,372011,80,1
695,Bivak pod Luknjo,Julijske Alpe,1480,475020,89,1
696,Kobilja glava,Julijske Alpe,1475,452005,87,2
697,Planina Poljana,Julijske Alpe,1466,225680,66,4
698,Vrtaška planina,Julijske Alpe,1462,432460,85,2
699,Koča na Planini pri Jezeru,Julijske Alpe,1453,663816,97,6
700,Jalovnik,Julijske Alpe,1452,274697,71,2
701,Planina Kanin / Casera Canin,Julijske Alpe,1450,512,21,1
702,Planina Sleme,Julijske Alpe,1448,370666,80,2
703,Laghetto di Somdogna,Julijske Alpe,1447,971,26,1
704,Risnati rob (Polevec),Julijske Alpe,1438,1450,30,2
705,Rifugio Brunner,Julijske Alpe,1432,2510,35,1
706,Planina Konjščica,Julijske Alpe,1427,570266,94,5
707,Bivak pod Špikom,Julijske Alpe,1424,466866,88,2
708,Planina Zadnji Vogel,Julijske Alpe,1413,390952,82,2
709,Planina Zgornja Gorjuda,Julijske Alpe,1404,196461,63,1
710,Marsinska planina,Julijske Alpe,1401,96,6,1
711,Planina Baban,Julijske Alpe,1401,210,12,2
712,Planina nad Sočo,Julijske Alpe,1400,278742,71,1
713,Planina Osredki,Julijske Alpe,1400,266000,70,2
714,Krnsko jezero,Julijske Alpe,1391,891819,99,2
715,Mali vrh (na Mežakli),Julijske Alpe,1389,2330,34,2
716,Rifugio Grego,Julijske Alpe,1389,288322,72,1
717,Planina Zapotok,Julijske Alpe,1385,5750,42,1
718,Planina Suha,Julijske Alpe,1385,399805,83,5
719,Dom pri Krnskih jezerih,Julijske Alpe,1385,584861,95,2
720,Tonkina koča na Vršiču,Julijske Alpe,1380,22359,47,1
721,Rifugio Zacchi,Julijske Alpe,1380,401410,83,1
722,Planica (pod Krnom),Julijske Alpe,1376,227041,66,2
723,Lipenšči hrib,Julijske Alpe,1375,222664,66,1
724,Mali Karman / Monte Cuarnan,Julijske Alpe,1372,202627,63,1
725,Javor (nad Tolminskimi Ravnami),Julijske Alpe,1363,2870,36,4
726,Mrzli vrh nad planino Pretovč,Julijske Alpe,1359,449748,87,3
727,Planina Strehica,Julijske Alpe,1359,158156,59,2
728,Mrzli vrh (na Matajurju),Julijske Alpe,1358,452251,87,2
729,Planina Zaslap,Julijske Alpe,1357,360,17,2
730,Črna gora,Julijske Alpe,1350,406794,83,1
731,Orožnova koča na planini za Liscem,Julijske Alpe,1346,582475,95,4
732,Škrbinjek,Julijske Alpe,1341,2170,33,1
733,Bivak Za Akom,Julijske Alpe,1340,412256,84,1
734,Planina Za Črno goro,Julijske Alpe,1340,321801,75,6
735,Planina Goričica,Julijske Alpe,1336,375070,80,2
736,Frčkova planina,Julijske Alpe,1335,188603,62,1
737,Srednji vrh (na Matajurju),Julijske Alpe,1320,1540,30,1
738,Planina za Šavnikom,Julijske Alpe,1320,324040,76,1
739,Koča na planini Razor,Julijske Alpe,1315,642952,96,6
740,Kota 1313,Julijske Alpe,1313,397368,82,1
741,Koča na Soriški planini,Julijske Alpe,1306,570038,94,4
742,Planina Gozdec,Julijske Alpe,1305,48,2,1
743,Planina Dobrenjščica,Julijske Alpe,1304,284888,72,2
744,Lovska koča Bala,Julijske Alpe,1300,220902,65,1
745,Mangartska planina,Julijske Alpe,1295,9080,45,1
746,Črno jezero,Julijske Alpe,1294,583681,95,3
747,Planina Zajavornik,Julijske Alpe,1292,472211,89,1
748,Planina Zajamniki,Julijske Alpe,1280,785187,98,3
749,Vrh Bače,Julijske Alpe,1273,392984,82,3
750,Rečiška planina,Julijske Alpe,1265,1610,30,4
751,Galetovec,Julijske Alpe,1265,554137,93,10
752,Berjanca,Julijske Alpe,1264,3589,38,5
753,Nizki vrh (Monte Nischiuarch),Julijske Alpe,1260,99,7,2
754,Zgornji Goreljek (Pokljuka),Julijske Alpe,1260,9870,45,5
755,Planina Krnica,Julijske Alpe,1252,403536,83,3
756,Planina Slapnik,Julijske Alpe,1250,242,13,2
757,Idrska planina,Julijske Alpe,1250,278037,71,2
758,Planina Zgornja Grintovica,Julijske Alpe,1250,374929,80,2
759,Turn (nad Bohinjsko Belo),Julijske Alpe,1249,4370,40,5
760,Planina Berebica,Julijske Alpe,1248,2580,35,1
761,Planina Zagreben,Julijske Alpe,1240,2840,36,1
762,Mija / Monte Mia,Julijske Alpe,1237,417,18,3
763,Belska planina,Julijske Alpe,1237,7870,44,4
764,Izvir Nadiže,Julijske Alpe,1232,21260,47,1
765,Planina Zgornji Kozjek,Julijske Alpe,1230,1110,28,1
766,Planina Leskovca,Julijske Alpe,1230,364398,79,1
767,Koča na Gozdu,Julijske Alpe,1226,478336,89,1
768,Bivak Hlek,Julijske Alpe,1225,312222,75,2
769,Spodnji Goreljek (Pokljuka),Julijske Alpe,1222,5250,41,1
770,Italijanska vojaška kapela na Planici,Julijske Alpe,1220,265645,70,2
771,Svinska planina,Julijske Alpe,1214,306864,74,1
772,Grajska planina (Ribšca),Julijske Alpe,1210,2430,34,4
773,Škrbina (Mežakla),Julijske Alpe,1210,350312,78,2
774,Planina Zaprikraj,Julijske Alpe,1208,394296,82,1
775,Planina Zapleč,Julijske Alpe,1201,456,19,1
776,Lovska koča Mali Vokel,Julijske Alpe,1193,846,25,4
777,Lovčev bivak Pri Koucah,Julijske Alpe,1192,219351,65,2
778,Police,Julijske Alpe,1184,3117,37,1
779,Planina Nizki vrh,Julijske Alpe,1182,111,8,2
780,Planina Bala,Julijske Alpe,1181,251788,68,1
781,Planina Kot / Malga Coot,Julijske Alpe,1180,222,13,1
782,Planina Ilovec,Julijske Alpe,1170,1430,29,1
783,Planina Spodnja Grintovica,Julijske Alpe,1165,358658,79,2
784,Planina Pretovč,Julijske Alpe,1160,255091,69,2
785,Bivak na Črniku,Julijske Alpe,1160,256844,69,1
786,Koča na Uskovnici,Julijske Alpe,1154,704431,97,7
787,Zgornji Martuljkov slap,Julijske Alpe,1150,422513,85,2
788,Planina Blato,Julijske Alpe,1147,558260,94,1
789,Gozdarska koča Mali Vokel,Julijske Alpe,1145,1160,28,3
790,Zapotoški slapovi,Julijske Alpe,1140,4520,40,1
791,Planina Medrja,Julijske Alpe,1133,215886,65,1
792,Snežna jama na Mežakli,Julijske Alpe,1130,317337,75,1
793,Ruska kapelica,Julijske Alpe,1130,352287,78,1
794,Bedančev dom,Julijske Alpe,1116,29990,48,1
795,Slap Curk,Julijske Alpe,1115,782,25,1
796,Koča v Krnici,Julijske Alpe,1113,694184,97,3
797,Dom v Tamarju,Julijske Alpe,1108,708542,97,3
798,Hotunjski vrh,Julijske Alpe,1107,15450,46,6
799,Planina Lom,Julijske Alpe,1090,270412,70,1
800,Mihov dom na Vršiču,Julijske Alpe,1085,419181,84,1
801,Kobala,Julijske Alpe,1080,244008,68,1
802,Malga Cuarnan,Julijske Alpe,1070,1020,27,1
803,Planina v Prodih,Julijske Alpe,1070,3470,38,1
804,Planina Ognjenik,Julijske Alpe,1060,130,9,1
805,Kosijev dom na Vogarju,Julijske Alpe,1054,551227,93,1
806,Slapovi v Kotu,Julijske Alpe,1050,3400,38,1
807,Partizanska bolnišnica na Mežakli,Julijske Alpe,1050,187826,62,1
808,Koča na planini Stador,Julijske Alpe,1050,313314,75,0
809,Kup,Julijske Alpe,1046,269403,70,2
810,Planina Obranica,Julijske Alpe,1035,270642,70,3
811,Planinsko zavetišče Slatna,Julijske Alpe,1023,3370,37,1
812,Vodnikov razglednik,Julijske Alpe,1017,27070,47,2
813,Jezerska planina / Alpe del Lago,Julijske Alpe,1006,2640,35,1
814,Planina za Jamo,Julijske Alpe,1005,230642,66,1
815,Studor,Julijske Alpe,1002,17900,47,2
816,Koča na planini Kuhinja,Julijske Alpe,1002,328845,76,2
817,Aljažev dom v Vratih,Julijske Alpe,1001,572019,94,1
818,Klatnica,Julijske Alpe,1000,215805,65,1
819,Planina Laška seč,Julijske Alpe,1000,236081,67,1
820,Izvir Soče,Julijske Alpe,990,494161,90,1
821,Poloje,Julijske Alpe,981,164,11,1
822,Sveta Marjeta pod Stolom,Julijske Alpe,973,253636,69,1
823,Planina Mija,Julijske Alpe,970,134,9,3
824,Ožarjeni kamen,Julijske Alpe,960,6500,43,1
825,Planina Ravne,Julijske Alpe,956,3108,37,1
826,Gulj,Julijske Alpe,954,120,8,1
827,Slap Suha,Julijske Alpe,950,295161,73,1
828,Rudnica,Julijske Alpe,946,470122,88,8
829,Boršt,Julijske Alpe,931,6914,43,3
830,Slap Zaročenca,Julijske Alpe,930,312095,74,0
831,Ingotova koča na planini Jesenje,Julijske Alpe,930,434527,86,2
832,Zgornje Mangartsko jezero,Julijske Alpe,929,374132,80,3
833,Spodnje Mangartsko jezero,Julijske Alpe,924,5472,42,3
834,Planina Rčitno,Julijske Alpe,900,273191,71,4
835,Kres nad Kočno,Julijske Alpe,890,3354,37,1
836,Planina Blatce,Julijske Alpe,888,3135,37,2
837,Kovinarska koča v Krmi,Julijske Alpe,870,372887,80,3
838,Lemovje,Julijske Alpe,856,24,1,1
839,Sv. Louronac / San Lorenzo,Julijske Alpe,850,88,5,1
840,Vrše,Julijske Alpe,850,4267,40,2
841,Izvir Boke,Julijske Alpe,850,273611,71,1
842,Slap Peričnik - zgornji slap,Julijske Alpe,850,395484,82,1
843,Spodnji Martuljkov slap,Julijske Alpe,850,326433,76,1
844,Zelenci,Julijske Alpe,845,516152,92,3
845,Grančišče,Julijske Alpe,844,299660,73,4
846,Logje,Julijske Alpe,840,330156,76,1
847,Hom pri Bledu,Julijske Alpe,834,15236,46,3
848,Jezero Jasna,Julijske Alpe,830,21770,47,1
849,Pokljuška soteska (luknja),Julijske Alpe,830,316366,75,1
850,Poljanska baba,Julijske Alpe,830,226972,66,1
851,Brezje / Montemaggiore,Julijske Alpe,819,145542,58,1
852,Sv. Peter in Pavel (Perati),Julijske Alpe,812,1180,28,1
853,Humčič,Julijske Alpe,810,227626,66,2
854,Žerjavec (Kavče),Julijske Alpe,805,3103,37,2
855,Koča na Petrovem Brdu,Julijske Alpe,804,370114,80,1
856,Planina Črča,Julijske Alpe,800,197307,63,1
857,Slap Peričnik - spodnji slap,Julijske Alpe,800,386598,81,3
858,Slap Savica,Julijske Alpe,794,423602,85,1
859,Počitniški dom v Možnici,Julijske Alpe,793,326608,76,1
860,Kamin Široka polica,Julijske Alpe,780,4180,40,1
861,Slap Mostnice,Julijske Alpe,773,19600,47,1
862,Rio Bianco / Beli potok,Julijske Alpe,770,161948,60,0
863,Korita Mlinarice,Julijske Alpe,770,421454,84,1
864,Sveti Lenart (Bača pri Podbrdu),Julijske Alpe,751,183376,62,1
865,Koča pri Peričniku,Julijske Alpe,750,301839,73,2
866,Slap Slatenik,Julijske Alpe,750,276899,71,1
867,Okrepčevalnica Slap Voje,Julijske Alpe,745,8360,44,1
868,Gogalova lipa,Julijske Alpe,725,3508,38,2
869,Mladinski izobraževalni center v Bavšici,Julijske Alpe,725,220266,65,1
870,Jamnikov spodmol,Julijske Alpe,720,2390,34,1
871,Belopotoški slap,Julijske Alpe,720,377579,81,1
872,Jezero Kreda,Julijske Alpe,715,19653,47,2
873,Žlejžn,Julijske Alpe,710,376,17,4
874,Dolina Škratov,Julijske Alpe,700,344096,77,1
875,Slap Parabola,Julijske Alpe,700,406489,83,1
876,Izvir Tolminke,Julijske Alpe,695,423860,85,2
877,Mala Osojnica,Julijske Alpe,691,528928,92,2
878,Koča na Vojah,Julijske Alpe,690,418346,84,1
879,Gorejca,Julijske Alpe,680,326649,76,1
880,Slap Boka,Julijske Alpe,680,530257,92,3
881,Jezero Kreda v dolini Radovne,Julijske Alpe,674,2890,36,1
882,Izvir Bele,Julijske Alpe,665,226729,66,1
883,Izvir Lipnika,Julijske Alpe,660,1650,31,1
884,Spominsko obeležje Aleš Kunaver,Julijske Alpe,660,4216,40,1
885,Jezerce v dolini Radovne,Julijske Alpe,657,2400,34,1
886,Koča pri Savici,Julijske Alpe,653,17660,47,3
887,Hermanova utrdba,Julijske Alpe,650,42,2,1
888,Peč (razgledišče),Julijske Alpe,650,23260,47,1
889,Straža,Julijske Alpe,646,351486,78,1
890,Marija Snežna v Breginjskem kotu,Julijske Alpe,645,174516,61,1
891,Sveta Katarina na Homu,Julijske Alpe,634,11701,46,2
892,Izvir Bohinjske Bistrice,Julijske Alpe,630,303428,73,1
893,Poglejska cerkev,Julijske Alpe,630,245420,68,1
894,Dobra gora,Julijske Alpe,620,298352,73,1
895,Blejski grad,Julijske Alpe,599,15906,46,1
896,Ribenska gora,Julijske Alpe,588,183653,62,1
897,Ajdovski gradec,Julijske Alpe,580,11520,45,2
898,Korita Možnice (Nemčlje),Julijske Alpe,580,322434,76,1
899,Javorca,Julijske Alpe,571,492077,90,1
900,Planina Prode,Julijske Alpe,555,302,15,1
901,Jama Srnica,Julijske Alpe,550,254391,69,1
902,Iglica,Julijske Alpe,550,259288,69,1
903,Sveti Janez Krstnik (Ribčev Laz),Julijske Alpe,532,6720,43,1
904,Slap Šum v Blejskem Vintgarju,Julijske Alpe,520,11150,45,1
905,Mlina peč,Julijske Alpe,506,1010,27,1
906,Žičnica čez Tolminko,Julijske Alpe,500,258199,69,1
907,Tonovcov grad pri Kobaridu,Julijske Alpe,500,407767,83,1
908,Gradišče (Bodešče),Julijske Alpe,499,220193,65,2
909,Sveti Lenart (Bodešče),Julijske Alpe,485,194139,63,2
910,Velika korita Soče,Julijske Alpe,480,413059,84,1
911,Blejsko jezero,Julijske Alpe,475,7690,44,1
912,Slap Beri,Julijske Alpe,454,237357,67,1
913,Izvir Glijuna,Julijske Alpe,450,294747,73,1
914,Mala Boka,Julijske Alpe,440,215654,65,1
915,Kozlov rob,Julijske Alpe,426,383248,81,2
916,Slap Sopota (Soupat),Julijske Alpe,400,348321,78,1
917,Slap Virje,Julijske Alpe,400,418022,84,1
918,Gregorčičev slap,Julijske Alpe,390,13680,46,1
919,Korita Soče pri Kršovcu,Julijske Alpe,390,323678,76,1
920,Slap Veliki Kozjak,Julijske Alpe,250,441401,86,1
921,Slap Mali Kozjak,Julijske Alpe,230,297745,73,1
922,Tolminska korita,Julijske Alpe,180,436201,86,0
923,Grintovec,Kamniško Savinjske Alpe,2558,1327770,100,14
924,Jezerska Kočna,Kamniško Savinjske Alpe,2540,771410,98,14
925,Skuta,Kamniško Savinjske Alpe,2532,979479,99,9
926,Kokrska Kočna,Kamniško Savinjske Alpe,2520,585662,95,8
927,Na Križu (Kokrska Kočna),Kamniško Savinjske Alpe,2484,23440,47,1
928,Dolgi hrbet,Kamniško Savinjske Alpe,2473,570419,94,6
929,Štruca,Kamniško Savinjske Alpe,2457,540824,93,7
930,Kranjska Rinka,Kamniško Savinjske Alpe,2453,582124,95,7
931,Koroška Rinka (Križ),Kamniško Savinjske Alpe,2433,650248,97,7
932,Planjava - zahodni vrh,Kamniško Savinjske Alpe,2394,6460,43,0
933,Planjava,Kamniško Savinjske Alpe,2392,836822,99,13
934,Štajerska Rinka,Kamniško Savinjske Alpe,2374,510777,91,5
935,Ojstrica,Kamniško Savinjske Alpe,2350,1086354,100,16
936,Lučka Brana (Baba),Kamniško Savinjske Alpe,2331,480177,89,1
937,Mala Rinka,Kamniško Savinjske Alpe,2289,490885,90,2
938,Brana,Kamniško Savinjske Alpe,2253,933560,99,4
939,Turska gora,Kamniško Savinjske Alpe,2251,724117,98,5
940,Kalški greben,Kamniško Savinjske Alpe,2224,721086,98,13
941,Mrzla gora,Kamniško Savinjske Alpe,2203,718097,98,8
942,Storžič,Kamniško Savinjske Alpe,2132,1352088,100,30
943,Najvišji rob (Zeleniške špice),Kamniško Savinjske Alpe,2127,524560,92,2
944,Velika (Koroška) Baba,Kamniško Savinjske Alpe,2127,694548,97,8
945,Velika Zelenica,Kamniško Savinjske Alpe,2114,599397,95,4
946,Storžek,Kamniško Savinjske Alpe,2110,520164,92,5
947,Veliki vrh (Veža),Kamniško Savinjske Alpe,2110,584488,95,5
948,Ledinski vrh,Kamniško Savinjske Alpe,2108,641219,96,5
949,Kogel,Kamniško Savinjske Alpe,2100,501118,91,1
950,Bivak pod Grintovcem,Kamniško Savinjske Alpe,2100,563730,94,3
951,Krofička,Kamniško Savinjske Alpe,2083,677438,97,4
952,Bivak pod Skuto,Kamniško Savinjske Alpe,2070,590703,95,1
953,Velika Raduha,Kamniško Savinjske Alpe,2062,1116386,100,11
954,Kalška gora,Kamniško Savinjske Alpe,2047,629220,96,11
955,Mala Raduha,Kamniško Savinjske Alpe,2029,446594,86,3
956,Molička peč,Kamniško Savinjske Alpe,2029,540882,93,3
957,Lučki Dedec,Kamniško Savinjske Alpe,2023,591625,95,6
958,Mala Ojstrica,Kamniško Savinjske Alpe,2017,577190,94,2
959,Vrh Korena,Kamniško Savinjske Alpe,1999,647752,97,9
960,Kompotela,Kamniško Savinjske Alpe,1989,686832,97,3
961,Tolsti vrh (Veža),Kamniško Savinjske Alpe,1985,458054,88,4
962,Vršiči,Kamniško Savinjske Alpe,1980,335243,77,1
963,Bivak pod Mrzlim vrhom,Kamniško Savinjske Alpe,1980,375517,81,4
964,Košutna,Kamniško Savinjske Alpe,1974,529976,92,3
965,Veliki Zvoh,Kamniško Savinjske Alpe,1971,623257,96,5
966,Deska (Veža),Kamniško Savinjske Alpe,1970,423586,85,4
967,Vežica,Kamniško Savinjske Alpe,1965,315911,75,1
968,Dleskovec,Kamniško Savinjske Alpe,1965,457491,88,1
969,Matkova kopa,Kamniško Savinjske Alpe,1957,398823,82,1
970,Bivak v Kočni,Kamniško Savinjske Alpe,1952,353446,78,1
971,Lanež,Kamniško Savinjske Alpe,1925,426417,85,7
972,Jamarski bivak na Dleskovški planoti,Kamniško Savinjske Alpe,1910,10530,45,3
973,Križevnik,Kamniško Savinjske Alpe,1909,486248,90,4
974,Rjavčki vrh (Planinšca),Kamniško Savinjske Alpe,1898,345566,78,3
975,Kamniška koča na Kamniškem sedlu,Kamniško Savinjske Alpe,1864,1226378,100,4
976,Krvavec,Kamniško Savinjske Alpe,1853,658260,97,4
977,Mokrica,Kamniško Savinjske Alpe,1853,476443,89,4
978,Srednji vrh,Kamniško Savinjske Alpe,1853,566424,94,7
979,Vodotočno jezero (Veža),Kamniško Savinjske Alpe,1850,487128,90,4
980,Lastovec,Kamniško Savinjske Alpe,1841,314508,75,1
981,Planina Dolga trata,Kamniško Savinjske Alpe,1835,305468,74,1
982,Rzenik,Kamniško Savinjske Alpe,1833,491582,90,3
983,Cjanovca,Kamniško Savinjske Alpe,1820,503784,91,7
984,Mali Grintovec,Kamniško Savinjske Alpe,1813,555553,93,24
985,Kup (na Raduhi),Kamniško Savinjske Alpe,1808,364039,79,2
986,Kocbekov dom na Korošici,Kamniško Savinjske Alpe,1808,712826,98,13
987,Konj,Kamniško Savinjske Alpe,1803,688985,97,4
988,Vratca,Kamniško Savinjske Alpe,1802,479948,89,5
989,Cojzova koča na Kokrskem sedlu,Kamniško Savinjske Alpe,1793,806840,98,4
990,Goli vrh,Kamniško Savinjske Alpe,1787,642496,96,3
991,Kapelica na Molički planini,Kamniško Savinjske Alpe,1780,592689,95,7
992,Planina Košutna,Kamniško Savinjske Alpe,1778,467656,88,3
993,Strelovec,Kamniško Savinjske Alpe,1763,570432,94,4
994,Bašeljski vrh,Kamniško Savinjske Alpe,1744,544497,93,16
995,Veliki vrh,Kamniško Savinjske Alpe,1742,488365,90,1
996,Licjanovec,Kamniško Savinjske Alpe,1733,8810,45,1
997,Tolsti vrh,Kamniško Savinjske Alpe,1715,777006,98,16
998,Kranjska koča na Ledinah,Kamniško Savinjske Alpe,1700,675204,97,4
999,Planina Polšak,Kamniško Savinjske Alpe,1695,306192,74,1
1000,Planina Dolga njiva (Krvavec),Kamniško Savinjske Alpe,1688,424964,85,4
1001,Komen,Kamniško Savinjske Alpe,1684,514155,92,7
1002,Dom na Krvavcu,Kamniško Savinjske Alpe,1684,507231,91,3
1003,Planina Koren,Kamniško Savinjske Alpe,1675,453856,87,4
1004,Gradišče (Velika planina),Kamniško Savinjske Alpe,1666,1174411,100,12
1005,Kržišče (Pokovše),Kamniško Savinjske Alpe,1658,8130,44,2
1006,Planina Rzenik,Kamniško Savinjske Alpe,1654,410740,84,2
1007,Koritni vrh (Velika planina),Kamniško Savinjske Alpe,1648,434664,86,2
1008,Veliki Travnik (Turnovka),Kamniško Savinjske Alpe,1637,429981,85,9
1009,Šentanski vrh,Kamniško Savinjske Alpe,1635,452045,87,14
1010,Dobrča,Kamniško Savinjske Alpe,1634,894863,99,18
1011,Kozji vrh,Kamniško Savinjske Alpe,1628,426478,85,1
1012,Krnes,Kamniško Savinjske Alpe,1613,375698,81,2
1013,Gostišče Zeleni Rob,Kamniško Savinjske Alpe,1612,493050,90,1
1014,Hotel Krvavec,Kamniško Savinjske Alpe,1600,12774,46,4
1015,Planina Dolga njiva,Kamniško Savinjske Alpe,1600,489532,90,4
1016,Planina Javorje,Kamniško Savinjske Alpe,1594,251666,68,2
1017,Vrata,Kamniško Savinjske Alpe,1591,386148,81,1
1018,Boskovec,Kamniško Savinjske Alpe,1587,470258,89,10
1019,Kamniški Dedec,Kamniško Savinjske Alpe,1583,556683,94,1
1020,Smrekovec,Kamniško Savinjske Alpe,1577,753795,98,13
1021,Medvedjak,Kamniško Savinjske Alpe,1573,384805,81,1
1022,Planina Vodole,Kamniško Savinjske Alpe,1570,287136,72,1
1023,Poljanski rob,Kamniško Savinjske Alpe,1569,268819,70,3
1024,Planina Arta,Kamniško Savinjske Alpe,1564,362943,79,1
1025,Planina Podvežak,Kamniško Savinjske Alpe,1564,427249,85,2
1026,Kapela Marije Snežne (Velika planina),Kamniško Savinjske Alpe,1560,548059,93,8
1027,Veliki Rogatec (Veliki Rogac),Kamniško Savinjske Alpe,1557,560654,94,8
1028,Koča na Travniku,Kamniško Savinjske Alpe,1548,502469,91,8
1029,Češka koča na Spodnjih Ravneh,Kamniško Savinjske Alpe,1542,983521,99,5
1030,Veliki vrh nad Matkovim kotom,Kamniško Savinjske Alpe,1539,11465,45,1
1031,Logarska peč,Kamniško Savinjske Alpe,1536,302154,73,3
1032,Koča na Loki pod Raduho,Kamniško Savinjske Alpe,1534,534293,93,6
1033,Domžalski dom na Mali planini,Kamniško Savinjske Alpe,1534,646616,97,7
1034,Dom na Kališču,Kamniško Savinjske Alpe,1534,723594,98,21
1035,Mali Travnik,Kamniško Savinjske Alpe,1532,209819,64,1
1036,Koča na Treh plotih,Kamniško Savinjske Alpe,1530,369777,80,1
1037,Črnuški dom na Mali planini,Kamniško Savinjske Alpe,1526,566590,94,7
1038,Icmanikova planina,Kamniško Savinjske Alpe,1520,282490,71,3
1039,Knezova planina,Kamniško Savinjske Alpe,1520,257460,69,1
1040,Jarški dom na Mali planini,Kamniško Savinjske Alpe,1520,505738,91,5
1041,Vivodnik,Kamniško Savinjske Alpe,1508,488935,90,16
1042,Planina Konjščica (Velika planina),Kamniško Savinjske Alpe,1505,509450,91,2
1043,Planina Ravne,Kamniško Savinjske Alpe,1500,308815,74,1
1044,Planina Mali Travnik,Kamniško Savinjske Alpe,1500,225607,66,2
1045,Špic,Kamniško Savinjske Alpe,1499,274292,71,1
1046,Jenkova planina,Kamniško Savinjske Alpe,1495,394406,82,1
1047,Dom na Gospincu (Hotel Rozka),Kamniško Savinjske Alpe,1491,447313,87,8
1048,Kriška planina,Kamniško Savinjske Alpe,1480,515048,92,5
1049,Grebenc,Kamniško Savinjske Alpe,1479,261844,69,3
1050,Koča na Dobrči,Kamniško Savinjske Alpe,1478,710278,97,14
1051,Koča na Kriški gori,Kamniško Savinjske Alpe,1471,1154301,100,9
1052,Javorca (Golte),Kamniško Savinjske Alpe,1465,346952,78,3
1053,Koča na Grohatu,Kamniško Savinjske Alpe,1460,516714,92,2
1054,Visoki vrh nad Jezerskim,Kamniško Savinjske Alpe,1459,364683,79,2
1055,Dom na Menini planini,Kamniško Savinjske Alpe,1453,886616,99,16
1056,Račka vrata,Kamniško Savinjske Alpe,1450,268537,70,1
1057,Planina Kališče,Kamniško Savinjske Alpe,1450,467440,88,8
1058,Lešanska planina,Kamniško Savinjske Alpe,1450,431852,85,6
1059,Kranjska reber,Kamniško Savinjske Alpe,1435,494167,90,5
1060,Javorov vrh,Kamniško Savinjske Alpe,1434,511553,91,7
1061,Turni (pri Kozjem vrhu),Kamniško Savinjske Alpe,1432,2710,35,1
1062,Črno jezero (Končnikova mlakuža),Kamniško Savinjske Alpe,1430,979,26,2
1063,Pri Pastirjih,Kamniško Savinjske Alpe,1430,366940,80,1
1064,Goli vrh (Šavnice),Kamniško Savinjske Alpe,1426,318239,75,2
1065,Lepenatka,Kamniško Savinjske Alpe,1425,585080,95,10
1066,Čisovec,Kamniško Savinjske Alpe,1419,7740,44,3
1067,Jama Jespa,Kamniško Savinjske Alpe,1413,1010,27,3
1068,Planina Jezerca,Kamniško Savinjske Alpe,1410,29310,48,4
1069,Hotel Golte,Kamniško Savinjske Alpe,1410,452175,87,2
1070,Ledenica na Golteh,Kamniško Savinjske Alpe,1405,721,24,3
1071,Javornik nad Jezerskim,Kamniško Savinjske Alpe,1399,329859,76,1
1072,Dom na Okrešlju,Kamniško Savinjske Alpe,1396,694740,97,2
1073,Krničarjeva koča na Planini Javornik,Kamniško Savinjske Alpe,1390,428876,85,5
1074,Velika Poljana,Kamniško Savinjske Alpe,1385,502720,91,11
1075,Praprotnikova koča,Kamniško Savinjske Alpe,1380,341495,77,2
1076,Dom na Smrekovcu,Kamniško Savinjske Alpe,1375,591183,95,13
1077,Mozirska koča na Golteh,Kamniško Savinjske Alpe,1356,572592,94,7
1078,Knezova planina (Planina Bela peč),Kamniško Savinjske Alpe,1350,168867,60,2
1079,Slap Čedca,Kamniško Savinjske Alpe,1350,476701,89,1
1080,Kunšperski vrh (Brezovec),Kamniško Savinjske Alpe,1336,2481,35,2
1081,Povšnarjeva planina,Kamniško Savinjske Alpe,1330,2840,36,1
1082,Zavetišče v Hudičevem borštu,Kamniško Savinjske Alpe,1328,582189,95,5
1083,Izletniška kmetija Bukovc (Bukovnik),Kamniško Savinjske Alpe,1327,7217,44,2
1084,Bezovec,Kamniško Savinjske Alpe,1326,173856,61,1
1085,Mala Poljana,Kamniško Savinjske Alpe,1325,460054,88,6
1086,Planina Vodol,Kamniško Savinjske Alpe,1324,162909,60,1
1087,Ovča koča,Kamniško Savinjske Alpe,1323,4750,41,1
1088,Plesnikova planina,Kamniško Savinjske Alpe,1319,6950,43,1
1089,Kašna planina,Kamniško Savinjske Alpe,1317,459544,88,3
1090,Planina Dol,Kamniško Savinjske Alpe,1308,408935,83,2
1091,Lovska koča Črnevka,Kamniško Savinjske Alpe,1300,121954,56,1
1092,Zavetišče na Biba planini,Kamniško Savinjske Alpe,1300,409754,84,3
1093,Murijeva planina,Kamniško Savinjske Alpe,1289,5340,42,1
1094,Dunajska bajta,Kamniško Savinjske Alpe,1286,215,13,1
1095,Bivak na Kalu,Kamniško Savinjske Alpe,1285,341245,77,7
1096,Potoška gora,Kamniško Savinjske Alpe,1283,504166,91,2
1097,Skubrov vrh,Kamniško Savinjske Alpe,1276,168180,60,1
1098,Dom na Kisovcu,Kamniško Savinjske Alpe,1275,518052,92,4
1099,Kamniški vrh,Kamniško Savinjske Alpe,1259,747416,98,11
1100,Planjava pri Kamniškem vrhu,Kamniško Savinjske Alpe,1243,250741,68,4
1101,Turni,Kamniško Savinjske Alpe,1240,187683,62,1
1102,Mali Rogatec (Mali Rogac),Kamniško Savinjske Alpe,1228,4730,41,2
1103,Partizanska bolnica Mrzle vode,Kamniško Savinjske Alpe,1226,237067,67,1
1104,Planina Marjanine njive,Kamniško Savinjske Alpe,1220,16552,46,1
1105,Koča na Klemenči jami,Kamniško Savinjske Alpe,1208,548338,93,2
1106,Ojstri vrh (nad Prevalo),Kamniško Savinjske Alpe,1197,5710,42,2
1107,Kopa (Belska Kopa),Kamniško Savinjske Alpe,1180,256878,69,1
1108,Planina Travnik,Kamniško Savinjske Alpe,1180,260015,69,5
1109,Počka (Robnikova) planina,Kamniško Savinjske Alpe,1165,229337,66,1
1110,Prevala,Kamniško Savinjske Alpe,1163,388062,81,3
1111,Škrbina (Slaparjeva gora),Kamniško Savinjske Alpe,1142,5470,42,1
1112,Pleče,Kamniško Savinjske Alpe,1131,3971,39,6
1113,Dom pod Storžičem,Kamniško Savinjske Alpe,1123,602124,95,3
1114,Smokuški vrh,Kamniško Savinjske Alpe,1122,506405,91,8
1115,Orlovo gnezdo (Slap Rinka),Kamniško Savinjske Alpe,1120,523426,92,1
1116,Baba,Kamniško Savinjske Alpe,1119,408406,83,2
1117,Mihčeva kopišča,Kamniško Savinjske Alpe,1100,5648,42,1
1118,Breška planina,Kamniško Savinjske Alpe,1100,256174,69,3
1119,Planina Osredek,Kamniško Savinjske Alpe,1100,422087,84,4
1120,Mešenik,Kamniško Savinjske Alpe,1099,155450,59,0
1121,Ambrož pod Krvavcem,Kamniško Savinjske Alpe,1085,34370,48,7
1122,Tolsti vrh (Dobrovlje),Kamniško Savinjske Alpe,1077,318861,75,5
1123,Planina Ravni,Kamniško Savinjske Alpe,1075,190391,62,4
1124,Bistriška planina,Kamniško Savinjske Alpe,1057,460600,88,6
1125,Najevska lipa,Kamniško Savinjske Alpe,1056,379,17,2
1126,Sveti Križ (Kriška gora) nad Belimi Vodami,Kamniško Savinjske Alpe,1054,17860,47,4
1127,Vaško,Kamniško Savinjske Alpe,1046,299520,73,3
1128,Kopa (Partizanski vrh),Kamniško Savinjske Alpe,1024,9570,45,4
1129,Prgozdnik,Kamniško Savinjske Alpe,1013,2720,35,2
1130,Smolnik,Kamniško Savinjske Alpe,1002,213267,65,1
1131,Vrhe,Kamniško Savinjske Alpe,965,182620,61,6
1132,Planinska koča Iskra na Jakobu,Kamniško Savinjske Alpe,961,599529,95,8
1133,Sveti Jošt nad Vranskim,Kamniško Savinjske Alpe,955,239363,67,1
1134,Sveta Mati Božja na Čreti,Kamniško Savinjske Alpe,944,177502,61,6
1135,Sveti Ahac (Kališe),Kamniško Savinjske Alpe,941,212238,64,0
1136,Vovar,Kamniško Savinjske Alpe,940,266593,70,6
1137,Planinska koča pri Franciju,Kamniško Savinjske Alpe,930,340145,77,5
1138,Sveti Lenart nad Gornjim Gradom,Kamniško Savinjske Alpe,929,319787,75,2
1139,Planica (vzletišče Gozd),Kamniško Savinjske Alpe,926,5180,41,7
1140,Matkov kot,Kamniško Savinjske Alpe,920,444516,86,1
1141,Skutman,Kamniško Savinjske Alpe,911,7110,43,5
1142,Grmada (Dobrovlje),Kamniško Savinjske Alpe,898,212642,65,3
1143,Sveti Lovrenc (Bašelj),Kamniško Savinjske Alpe,892,428464,85,5
1144,Zavetišče v Gozdu,Kamniško Savinjske Alpe,891,418132,84,7
1145,Robanova planina,Kamniško Savinjske Alpe,890,366146,80,1
1146,Lomek (Lom),Kamniško Savinjske Alpe,884,5810,42,2
1147,Sveti Primož nad Ljubnim,Kamniško Savinjske Alpe,883,329410,76,2
1148,Gradišče (Pustinjak),Kamniško Savinjske Alpe,871,271096,70,5
1149,Dom na Čreti,Kamniško Savinjske Alpe,870,490300,90,8
1150,Slap Orglice,Kamniško Savinjske Alpe,870,522093,92,1
1151,Sankaška koča,Kamniško Savinjske Alpe,867,453351,87,4
1152,Mali vrh nad Završnico,Kamniško Savinjske Alpe,863,10130,45,1
1153,Sveti Janez in Pavel (Dobrovlje),Kamniško Savinjske Alpe,862,162334,60,3
1154,Dom na Lovrencu (Bašelj),Kamniško Savinjske Alpe,860,451542,87,4
1155,Bezovec (Dobrovlje),Kamniško Savinjske Alpe,857,164279,60,4
1156,Sveti Vid (nad Zgornjim Tuhinjem),Kamniško Savinjske Alpe,846,2330,34,2
1157,Cerkev sv. Petra nad Črno pri Kamniku,Kamniško Savinjske Alpe,845,6250,43,1
1158,Zapečnikova planina,Kamniško Savinjske Alpe,840,2560,35,2
1159,Sveti Peter nad Begunjami,Kamniško Savinjske Alpe,839,466666,88,5
1160,Dom Čemšenik,Kamniško Savinjske Alpe,835,440349,86,1
1161,Sveti Primož nad Kamnikom,Kamniško Savinjske Alpe,826,627219,96,1
1162,Sveta Radegunda (Radegunda),Kamniško Savinjske Alpe,824,757,24,1
1163,Božičev slap,Kamniško Savinjske Alpe,810,321,16,1
1164,Korošaški slapovi,Kamniško Savinjske Alpe,800,414882,84,1
1165,Razgledišče Skroti,Kamniško Savinjske Alpe,787,3340,37,1
1166,Sveti Miklavž na Gori,Kamniško Savinjske Alpe,757,348745,78,1
1167,Tominčev slap,Kamniško Savinjske Alpe,750,355565,78,1
1168,Štefanja gora,Kamniško Savinjske Alpe,748,516722,92,10
1169,Dom na Dobrovljah,Kamniško Savinjske Alpe,745,205790,64,2
1170,Sveti Florjan nad Gornjim Gradom,Kamniško Savinjske Alpe,743,174932,61,1
1171,Apnišče,Kamniško Savinjske Alpe,740,8270,44,6
1172,Gora Oljka,Kamniško Savinjske Alpe,733,643358,96,9
1173,Slap Palenk,Kamniško Savinjske Alpe,730,287544,72,1
1174,Stiška vas,Kamniško Savinjske Alpe,725,2340,34,1
1175,Sveti Lovrenc nad Zabreznico,Kamniško Savinjske Alpe,725,289955,72,3
1176,Jamna peč,Kamniško Savinjske Alpe,720,4145,39,3
1177,Vrholanov vrh (Ravne pri Šoštanju),Kamniško Savinjske Alpe,710,2790,36,1
1178,Dom planincev Farbanca,Kamniško Savinjske Alpe,702,223586,66,3
1179,Sveti Nikolaj (Možjanca),Kamniško Savinjske Alpe,689,9290,45,4
1180,Spominski park v Kamniški Bistrici,Kamniško Savinjske Alpe,680,2730,36,1
1181,Sveta Neža (Brezje pri Tržiču),Kamniško Savinjske Alpe,677,1970,32,1
1182,Sveti Jurij nad Tržičem,Kamniško Savinjske Alpe,673,159954,59,3
1183,Šenturška Gora,Kamniško Savinjske Alpe,671,29123,48,3
1184,Grad Gutenberk (Hudi grad),Kamniško Savinjske Alpe,663,3861,39,2
1185,Sv. Miklavž nad Mačami,Kamniško Savinjske Alpe,651,213747,65,1
1186,Novi grad (Pusti grad),Kamniško Savinjske Alpe,630,4866,41,2
1187,Grad Kamen,Kamniško Savinjske Alpe,620,275585,71,0
1188,Brezovec,Kamniško Savinjske Alpe,617,4706,41,1
1189,Dom v Kamniški Bistrici,Kamniško Savinjske Alpe,600,430602,85,2
1190,Koželj,Kamniško Savinjske Alpe,590,14460,46,2
1191,Veliko Gradišče,Kamniško Savinjske Alpe,587,871,25,1
1192,Senčnica Josipine Turnograjske,Kamniško Savinjske Alpe,570,263209,70,2
1193,Planinski dom Šentjungert,Kamniško Savinjske Alpe,565,406135,83,2
1194,Sevčnik,Kamniško Savinjske Alpe,562,2900,36,1
1195,Malo Gradišče,Kamniško Savinjske Alpe,536,467,20,1
1196,Sveti Jakob (Jakec),Kamniško Savinjske Alpe,528,2100,33,1
1197,Kriva jelka,Kamniško Savinjske Alpe,528,4830,41,2
1198,Apno,Kamniško Savinjske Alpe,525,124,9,3
1199,Brunški vrh,Kamniško Savinjske Alpe,511,1010,27,1
1200,Mokrišče Blata,Kamniško Savinjske Alpe,505,2160,33,1
1201,Sebenje,Kamniško Savinjske Alpe,500,1400,29,1
1202,Malo Apno,Kamniško Savinjske Alpe,499,69,4,1
1203,Lipnik (pri Velenju),Kamniško Savinjske Alpe,486,1410,29,1
1204,Bazilika Marije Pomagaj na Brezjah,Kamniško Savinjske Alpe,486,4430,40,2
1205,Sveta Ana (Tunjice),Kamniško Savinjske Alpe,475,270926,70,3
1206,V Boštkú,Kamniško Savinjske Alpe,466,1060,27,2
1207,Vinski vrh (Vimperk),Kamniško Savinjske Alpe,448,7640,44,3
1208,Grad Velenje,Kamniško Savinjske Alpe,442,3640,38,3
1209,Slap Peračica,Kamniško Savinjske Alpe,430,21030,47,5
1210,Šobčev bajer,Kamniško Savinjske Alpe,426,332790,77,5
1211,Pogorišče,Kamniško Savinjske Alpe,412,92,6,3
1212,Turistična kmetija Trnovc,Kamniško Savinjske Alpe,412,1810,31,1
1213,Grad Žovnek,Kamniško Savinjske Alpe,409,318272,75,2
1214,Izvir Ponikvice,Kamniško Savinjske Alpe,378,90,5,2
1215,Šoštanj,Kamniško Savinjske Alpe,358,3370,37,1
1216,Izvir Ločanke,Kamniško Savinjske Alpe,356,69,4,3
1217,Požiralnik Ponikvice,Kamniško Savinjske Alpe,350,77,4,3
1218,Planinski dom Milana Šinkovca,Kamniško Savinjske Alpe,345,6133,42,1
1219,Jama Pekel,Kamniško Savinjske Alpe,300,191,12,2
1220,Stol,Karavanke,2236,1346339,100,20
1221,Vrtača,Karavanke,2181,909166,99,12
1222,Prešernova koča na Stolu,Karavanke,2174,565842,94,14
1223,Kepa,Karavanke,2143,748810,98,9
1224,Ojstrc / Hochobir,Karavanke,2139,600650,95,6
1225,Košutnikov turn,Karavanke,2133,757230,98,8
1226,Kordeževa glava (Peca),Karavanke,2125,986360,99,23
1227,Bistriška špica (Peca) / Feistritzer Spitze (Petzen),Karavanke,2113,443579,86,11
1228,Končnikov vrh (Peca),Karavanke,2109,449627,87,11
1229,Križnik (Peca),Karavanke,2109,615,22,5
1230,Vajnež,Karavanke,2104,627521,96,5
1231,Celovška špica,Karavanke,2102,15270,46,2
1232,Veliko Kladivo,Karavanke,2094,673195,97,8
1233,Veliki vrh (Košuta),Karavanke,2088,1015596,99,9
1234,Dovška Mala Kepa,Karavanke,2077,426702,85,1
1235,Velika glava (Peca),Karavanke,2077,360063,79,3
1236,Veška kopa (Peca) / Wackendorfer Spitze (Petzen),Karavanke,2074,285433,72,5
1237,Begunjščica,Karavanke,2060,1206150,100,14
1238,Tolsta Košuta - Vzhodni vrh,Karavanke,2057,464178,88,1
1239,Tolsta Košuta - Zahodni vrh,Karavanke,2039,474010,89,1
1240,Malo Kladivo,Karavanke,2036,431665,85,3
1241,Gubno,Karavanke,2035,464401,88,3
1242,Palec,Karavanke,2026,554682,93,3
1243,Pungartska gora,Karavanke,2025,361756,79,1
1244,Ovčji vrh (Kozjak) / Geissberg (Kosiak),Karavanke,2024,485768,90,8
1245,Zelenjak,Karavanke,2024,501135,91,3
1246,Mali vrh,Karavanke,2017,357877,79,1
1247,Kravji vrh / Kuhberg,Karavanke,2017,13137,46,2
1248,Potoški Stol,Karavanke,2014,488290,90,5
1249,Toplar,Karavanke,2000,500957,91,3
1250,Alte Bleiburger Hütte,Karavanke,2000,1440,29,1
1251,Begunjska Vrtača,Karavanke,1991,504589,91,4
1252,Košutica,Karavanke,1968,641728,96,8
1253,Kofce gora,Karavanke,1967,664763,97,6
1254,Cjajnik / Lärchenturm,Karavanke,1965,506011,91,3
1255,Svačica,Karavanke,1953,446668,86,9
1256,Struška,Karavanke,1944,566225,94,8
1257,Trupejevo poldne,Karavanke,1931,755649,98,8
1258,Govca (Olševa),Karavanke,1929,750497,98,14
1259,Bele peči (Lepi vrh),Karavanke,1926,14250,46,2
1260,Setiče/Freiberg,Karavanke,1922,350964,78,1
1261,Srednja peč,Karavanke,1920,9380,45,5
1262,Žleb (Suho ruševje),Karavanke,1916,407409,83,1
1263,Obel kamen (Olševa),Karavanke,1911,21980,47,6
1264,Dovška Baba,Karavanke,1891,758437,98,9
1265,Škrbina,Karavanke,1869,380637,81,1
1266,Murnovc,Karavanke,1866,217416,65,1
1267,Kamnitnik,Karavanke,1858,281808,71,2
1268,Grlovec / Ferlacher Horn,Karavanke,1840,358633,79,6
1269,Kresišče,Karavanke,1839,430439,85,4
1270,Golica,Karavanke,1835,1163125,100,12
1271,Visoki vrh,Karavanke,1828,385336,81,3
1272,Kraguljše,Karavanke,1828,174612,61,2
1273,Maloško poldne / Mallestiger Mittagskogel,Karavanke,1823,321858,75,4
1274,Mojstrovica,Karavanke,1816,384496,81,2
1275,Lokovnikov Grintovec / Grintoutz,Karavanke,1809,344870,78,5
1276,Plešivec,Karavanke,1801,490054,90,3
1277,Ostra peč / Mallestiger Mittagskogel,Karavanke,1801,341294,77,4
1278,Srednji vrh (nad Završnico),Karavanke,1796,469173,88,4
1279,Rjavca / Rjautza,Karavanke,1789,247883,68,2
1280,Na Možeh,Karavanke,1784,346477,78,1
1281,Krvavka,Karavanke,1784,310465,74,1
1282,Hruški vrh,Karavanke,1776,483323,90,9
1283,Pristovški Storžič / Kärntner Storschitz,Karavanke,1759,596908,95,4
1284,Koprivnjak / Kleiner Frauenkogel,Karavanke,1754,301555,73,2
1285,Klek,Karavanke,1753,509492,91,8
1286,Bivak na Belščici,Karavanke,1750,376136,81,2
1287,Zajčnik,Karavanke,1746,237424,67,3
1288,Zajmenove peči,Karavanke,1745,7040,43,2
1289,Kamnica (Komnica) / Ferlacher Spitze,Karavanke,1742,3180,37,3
1290,Mala Košuta,Karavanke,1740,394169,82,2
1291,Vošca,Karavanke,1737,526828,92,6
1292,Mala Peca,Karavanke,1731,360825,79,3
1293,Tamarča,Karavanke,1728,194918,63,1
1294,Hajnžev Praprotnik / Zeller Prapotnik,Karavanke,1727,3700,38,5
1295,Veliki Javornik (Ženiklovec),Karavanke,1716,453135,87,5
1296,Panoramska restavracija Oben / Panoramarestaurant Oben,Karavanke,1708,242443,68,3
1297,Vrh Ljubeljščice (Triangel),Karavanke,1704,532708,93,3
1298,Feuersberger Spitze (Peca / Petzen),Karavanke,1704,182,11,2
1299,Hajnževo sedlo,Karavanke,1701,424703,85,4
1300,Belska planina (Svečica),Karavanke,1700,507302,91,5
1301,Berggasthaus Siebenhütten,Karavanke,1700,220,13,1
1302,Ezzo's Hütte,Karavanke,1700,338,16,1
1303,Uršlja gora (Plešivec),Karavanke,1699,984723,99,15
1304,Planina Seča,Karavanke,1698,317020,75,3
1305,Stegovnik,Karavanke,1692,593815,95,9
1306,Mačenski vrh / Matschacher Gupf,Karavanke,1691,2730,36,3
1307,Mali Javornik,Karavanke,1685,320584,75,1
1308,Bela peč / Weiße Wand,Karavanke,1684,219234,65,1
1309,Spodnji Plot,Karavanke,1682,312118,74,3
1310,Dom na Uršlji gori,Karavanke,1680,54803,49,11
1311,Grpišca,Karavanke,1676,234067,67,1
1312,Hrašenska planina,Karavanke,1670,223746,66,2
1313,Votlina Kralja Matjaža,Karavanke,1670,379249,81,3
1314,Pečovnik (kota 1668),Karavanke,1668,240241,67,2
1315,Javorče,Karavanke,1667,1810,31,2
1316,Dom na Peci,Karavanke,1665,550217,93,7
1317,Alte Zollhütte,Karavanke,1665,306,15,1
1318,Celovška koča / Klagenfurter Hutte,Karavanke,1664,461881,88,5
1319,Potočka zijalka,Karavanke,1660,522479,92,3
1320,Kosmatica / Kosmatitza,Karavanke,1659,7156,43,3
1321,Kamnati vrh,Karavanke,1658,272909,71,2
1322,Roblekov dom na Begunjščici,Karavanke,1657,976152,99,9
1323,Virnikov Grintovec,Karavanke,1654,603541,96,6
1324,Planina Dovška Rožca,Karavanke,1650,450919,87,6
1325,Visoka Bavha,Karavanke,1650,8199,44,1
1326,Topica/Topitza,Karavanke,1649,253035,69,3
1327,Mala Golica,Karavanke,1646,253508,69,2
1328,Pečovnik,Karavanke,1640,175225,61,2
1329,Veliki vrh nad Komatevro,Karavanke,1634,179696,61,1
1330,Blekova planina,Karavanke,1629,292438,72,3
1331,Macna / Matzen,Karavanke,1627,152845,59,4
1332,Jerebikovec,Karavanke,1621,334294,77,1
1333,Ruš,Karavanke,1614,196870,63,4
1334,Sveta peč / Helige Wand,Karavanke,1613,162988,60,1
1335,Čofatijev vrh,Karavanke,1606,3450,38,3
1336,Bela peč,Karavanke,1593,488919,90,10
1337,Žingarica / Singerberg,Karavanke,1589,238917,67,6
1338,Rožca,Karavanke,1587,430427,85,6
1339,Koča na Golici,Karavanke,1582,594049,95,5
1340,Planina Zgornja Dolga njiva,Karavanke,1580,369501,80,2
1341,Planina Zgornja Konjščica,Karavanke,1578,204751,64,4
1342,Sinski vrh / Sinacher Gupf,Karavanke,1577,219275,65,4
1343,Ojstra / Oistra,Karavanke,1577,4510,40,1
1344,Planina Zgornja Luža,Karavanke,1573,133381,57,2
1345,Vgrizeva planina / Ogrisalm,Karavanke,1569,207166,64,4
1346,Veška planina / Wackendorfer Alm,Karavanke,1568,135922,57,2
1347,Planina Korošica,Karavanke,1554,689917,97,6
1348,Rekaršica,Karavanke,1554,191915,62,2
1349,Kapelška koča / Eisenkappler Hütte,Karavanke,1553,266928,70,7
1350,Petelinjek (nad Korenskim sedlom),Karavanke,1552,6150,43,2
1351,Stara gora / Altberg,Karavanke,1552,1770,31,2
1352,Špičasti vrh / Spitzberg,Karavanke,1551,2020,32,1
1353,Ptičji vrh,Karavanke,1550,371419,80,2
1354,Planina Javornik,Karavanke,1550,432132,85,5
1355,Snežnik (nad Koprivno),Karavanke,1543,3450,38,1
1356,Dom na Zelenici,Karavanke,1536,808749,99,6
1357,Sveta Ana (Macna) / St. Anna (Matzen),Karavanke,1536,146854,58,3
1358,Zavetišče na planini Šija,Karavanke,1528,492191,90,3
1359,Koča Berta / Bertahütte,Karavanke,1527,2670,35,4
1360,Šoparjev vrh,Karavanke,1524,1670,31,3
1361,Mejnik,Karavanke,1517,161316,59,3
1362,Požgani rob,Karavanke,1513,154999,59,1
1363,Peč (Tromeja),Karavanke,1508,692237,97,10
1364,Planica,Karavanke,1508,343924,77,3
1365,Bukovec,Karavanke,1506,314291,75,1
1366,Polna peč,Karavanke,1503,342441,77,2
1367,"Lipševa vrata (Vrata, Felsentore)",Karavanke,1500,172272,60,1
1368,Žerjavov Praprotnik / Loibler Prapotnik,Karavanke,1500,2180,33,2
1369,Kopa / Monte Coppa,Karavanke,1496,272013,70,2
1370,Dom na Kofcah,Karavanke,1488,1332639,100,13
1371,Jureževa planina,Karavanke,1488,225295,66,1
1372,Borovje,Karavanke,1476,417446,84,3
1373,Okno v Stegovniku,Karavanke,1476,121,8,3
1374,Rabenberg,Karavanke,1465,537,21,3
1375,Veliki Rob / Großer Rain,Karavanke,1464,903,26,4
1376,Planina Ilovica,Karavanke,1462,181775,61,2
1377,Koča Pr Zdravc,Karavanke,1460,275216,71,5
1378,Bela peč (nad Dovjem),Karavanke,1460,4970,41,4
1379,Planina Spodnja Konjščica,Karavanke,1451,367061,80,5
1380,Spominska plošča Jožeta Rozmana,Karavanke,1450,158165,59,1
1381,Borovski vrh (Žehtar) / Sechter,Karavanke,1449,915,26,2
1382,Planina Pungrat,Karavanke,1447,343404,77,3
1383,Črna peč,Karavanke,1447,3540,38,1
1384,Kališje,Karavanke,1435,3500,38,1
1385,Tegoška planina,Karavanke,1430,295615,73,4
1386,Dom pri izviru Završnice,Karavanke,1425,576288,94,2
1387,Lovska koča na Brvogih,Karavanke,1425,223167,66,1
1388,Dreiländereck Hütte,Karavanke,1423,359141,79,4
1389,Plešivška kopa (Kozarnica),Karavanke,1414,120273,55,1
1390,Potočnikova planina,Karavanke,1410,5370,42,1
1391,Planina Rožca / Roschitzaalm,Karavanke,1407,2730,36,1
1392,Planina Spodnja Dolga njiva,Karavanke,1400,530152,92,4
1393,Planina Stamare,Karavanke,1400,347085,78,5
1394,Robič,Karavanke,1384,3550,38,5
1395,Jeseniška planina,Karavanke,1380,267699,70,2
1396,Hruška planina,Karavanke,1378,311510,74,2
1397,Koča na Ljubelju,Karavanke,1370,574687,94,3
1398,Planina Brsnina,Karavanke,1357,2250,33,2
1399,Planina Možine (Razingerjevo molzišče),Karavanke,1352,170988,60,1
1400,Veronjak / Hausberg,Karavanke,1348,650,23,2
1401,Hofovška planina / Hoffmansalpe,Karavanke,1335,492,20,1
1402,Španov vrh,Karavanke,1334,450524,87,6
1403,Sveti Lenart / St. Leonhard,Karavanke,1334,1380,29,1
1404,Planina Rep (Repija),Karavanke,1330,1000,27,2
1405,Primožkovi hribi,Karavanke,1326,1870,32,2
1406,Lovska koča nad Doslovško planino,Karavanke,1325,3010,36,2
1407,Robniške peči,Karavanke,1323,1610,30,2
1408,Bivak brez meja / Bivacco Senza Confini,Karavanke,1319,5830,42,3
1409,Na pečeh pri Črnem Vrhu,Karavanke,1318,2251,33,1
1410,Koča na planini Preval-a,Karavanke,1311,894204,99,4
1411,Govševa planina,Karavanke,1300,2030,32,2
1412,Penatca,Karavanke,1299,934,26,1
1413,Pusti Rovt,Karavanke,1296,318484,75,2
1414,Koča Vrtača,Karavanke,1288,411327,84,1
1415,Roblekova planina,Karavanke,1284,332558,77,5
1416,Lovska koča Stanič,Karavanke,1280,289276,72,1
1417,Koča pod Košuto / Koschutahaus,Karavanke,1280,221496,66,3
1418,Golarjeva peč,Karavanke,1276,179174,61,1
1419,Močnikova planina,Karavanke,1275,156369,59,1
1420,Marija Snežna (Kavalar) / Madonna della Neve,Karavanke,1275,288951,72,2
1421,Obirska planina,Karavanke,1272,232385,67,2
1422,Basališče (Paški Kozjak),Karavanke,1272,489201,90,3
1423,Planina Kladje / Quadiaalm,Karavanke,1271,1570,30,3
1424,Potoška planina,Karavanke,1270,434032,86,4
1425,Vetrh vrh,Karavanke,1268,120211,55,1
1426,Markljev Rovt,Karavanke,1250,260446,69,1
1427,Planina Luža,Karavanke,1250,147019,58,2
1428,Velika Boncla,Karavanke,1241,3567,38,1
1429,Sveti Duh pod Olševo,Karavanke,1232,282829,72,1
1430,Izvir reke Meže,Karavanke,1230,3821,39,1
1431,Božičev vrh / Boschitzberg,Karavanke,1228,229622,66,1
1432,Štrukljev vrh,Karavanke,1227,4370,40,1
1433,Zabreška planina,Karavanke,1225,372553,80,2
1434,Tolsti vrh (pri Poljški planini),Karavanke,1225,5072,41,2
1435,Planinski dom na kmetiji Kumer,Karavanke,1220,4980,41,1
1436,Sveta Ana v Koprivni,Karavanke,1218,2871,36,2
1437,Doslovška planina,Karavanke,1210,3760,39,1
1438,Medvodnica,Karavanke,1202,771,24,2
1439,Žirovniška planina,Karavanke,1200,375755,81,2
1440,Rovt Vrse,Karavanke,1200,303751,74,3
1441,Jesenik (Jesenikov vrh),Karavanke,1199,1960,32,4
1442,Hom (nad Prevaljami),Karavanke,1193,2520,35,2
1443,Brdo (Plezališče pod Golico),Karavanke,1192,2192,33,1
1444,Ostrica,Karavanke,1182,6710,43,1
1445,Valvasorjev dom pod Stolom,Karavanke,1181,659299,97,4
1446,Tomčeva koča na Poljški planini,Karavanke,1180,456115,87,8
1447,Veliki vrh (nad Mežiško dolino),Karavanke,1165,3420,38,5
1448,Virnikova planina,Karavanke,1160,2660,35,1
1449,Smučarski dom Črni vrh,Karavanke,1156,223855,66,3
1450,Šumahov vrh,Karavanke,1155,3810,39,4
1451,Pikov vrh,Karavanke,1149,5550,42,5
1452,Dom na Tromeji,Karavanke,1145,491849,90,2
1453,Alničje,Karavanke,1145,175940,61,3
1454,Hribarska (Huda) zijalka,Karavanke,1140,157821,59,1
1455,Planina Planinca,Karavanke,1136,396733,82,3
1456,Mala Boncla (Bavha),Karavanke,1131,199996,63,1
1457,Planina Goreljše,Karavanke,1125,1250,28,1
1458,Žmitkov špic,Karavanke,1124,294134,72,1
1459,Železna (Kisla) voda,Karavanke,1115,260285,69,1
1460,Zavetišče na Kalu,Karavanke,1112,230200,66,5
1461,Špik (Paški Kozjak),Karavanke,1108,405751,83,1
1462,Erjavčev rovt (Planina Mlinca),Karavanke,1105,6529,43,2
1463,Jelenkamen,Karavanke,1096,413799,84,5
1464,Stenica,Karavanke,1091,324497,76,3
1465,Blažčeva skala,Karavanke,1091,4240,40,1
1466,Planina Dolžanka,Karavanke,1090,219727,65,1
1467,Arihova peč / Arichwand,Karavanke,1090,2440,34,1
1468,Andrejev dom na Slemenu,Karavanke,1086,488977,90,6
1469,Koča nad Arihovo pečjo / Rossalmhütte,Karavanke,1080,1800,31,1
1470,Pogorevc,Karavanke,1076,8290,44,1
1471,Smolnik,Karavanke,1075,414997,84,2
1472,Sveti Vid pod Jernejevim vrhom,Karavanke,1075,152962,59,2
1473,Koča na Naravskih ledinah,Karavanke,1072,308445,74,8
1474,Sveti Jošt na Paškem Kozjaku,Karavanke,1063,3040,36,1
1475,Sveti Jakob v Koprivni,Karavanke,1062,1170,28,1
1476,Kapelica Marijina roka (Stenica),Karavanke,1055,874,26,2
1477,Ajdna,Karavanke,1046,548215,93,7
1478,Partizanska bolnica Krtina,Karavanke,1040,227150,66,1
1479,Bivak Suška bajta,Karavanke,1034,2054,32,3
1480,Sveta Ana (Ljubelj),Karavanke,1032,7030,43,2
1481,Planina Zali potok,Karavanke,1032,1600,30,1
1482,Mirca,Karavanke,1025,4525,40,2
1483,Veliki Mošenik / Große Muschenig,Karavanke,1021,114118,55,2
1484,Stolpnik,Karavanke,1012,520241,92,16
1485,Plakopec (Brezejec),Karavanke,1005,2300,34,1
1486,Izvir Javornika,Karavanke,1000,232231,67,1
1487,Špicasti vrh (Kislica),Karavanke,994,427114,85,2
1488,Koča na Pikovem,Karavanke,992,62482,49,8
1489,Visoko,Karavanke,991,3040,36,2
1490,Sv. Mihael (Rute (Zavrh)) / St. Michael (Bärental),Karavanke,982,608,22,1
1491,Boč,Karavanke,978,829667,99,22
1492,Dom Pristava v Javorniškem Rovtu,Karavanke,975,450089,87,2
1493,Ramšakov vrh,Karavanke,970,312828,75,4
1494,Veliki vrh nad Završnikom,Karavanke,968,186040,62,5
1495,Stara cerkev sv. Ožbolta (Jezersko),Karavanke,961,2980,36,1
1496,Dom na Paškem Kozjaku,Karavanke,960,420089,84,1
1497,Brunarica Krmiše,Karavanke,960,1560,30,1
1498,Srnjak,Karavanke,955,282737,72,1
1499,Radojč,Karavanke,937,329773,76,2
1500,Podgorska planina / Maria Elender Alm,Karavanke,930,109690,54,1
1501,Smodivnik,Karavanke,923,1420,29,1
1502,Hvadnik,Karavanke,920,11790,46,1
1503,Slapovi v Preski,Karavanke,910,3720,39,1
1504,Andrejev vrh,Karavanke,897,3340,37,8
1505,Jerman,Karavanke,890,3490,38,1
1506,Volinjak,Karavanke,886,6670,43,6
1507,Selovec (Gruberjev vrh),Karavanke,885,595,22,3
1508,Donačka gora,Karavanke,884,728430,98,11
1509,Donačka gora (vzhodni vrh),Karavanke,883,3200,37,10
1510,Sveti Danijel (Zgornji Razbor),Karavanke,882,331,16,0
1511,Fričev vrh,Karavanke,881,195604,63,2
1512,Rokov vrh / Rochusberg,Karavanke,880,737,24,2
1513,Stropnica,Karavanke,880,609,22,2
1514,Kamnek,Karavanke,873,339489,77,6
1515,Stegovniški slap,Karavanke,872,148460,58,1
1516,Veliki Juhej,Karavanke,865,2760,36,1
1517,Stropnik,Karavanke,862,605,22,1
1518,Gank,Karavanke,850,1830,31,1
1519,Malnež,Karavanke,846,147499,58,1
1520,Gora sv. Eme (Junska gora) / Hemmaberg,Karavanke,842,2330,34,2
1521,Turška jama v Gozdašnici,Karavanke,835,207317,64,1
1522,Lovska koča Štepih,Karavanke,825,269681,70,4
1523,Plešivec (pri Boču),Karavanke,822,277604,71,7
1524,Časov vrh,Karavanke,821,116216,55,1
1525,Mali Juhej,Karavanke,820,1110,28,1
1526,Sveti Rupert (Završe),Karavanke,815,139400,57,2
1527,Emmis Mosthütte,Karavanke,815,125,9,1
1528,Sveti Vid (Završe),Karavanke,808,139304,57,2
1529,Kapelica Srca Jezusovega (Jelendol),Karavanke,807,1420,29,1
1530,Vinska gora,Karavanke,806,228169,66,2
1531,Poštarski dom pod Plešivcem,Karavanke,805,407509,83,4
1532,Aljažev stolp v Završah,Karavanke,803,164,11,1
1533,Slapovi Dobršnik,Karavanke,800,252396,68,2
1534,Grobnica barona Borna,Karavanke,800,2340,34,1
1535,Črepič,Karavanke,798,189879,62,1
1536,Temnjak,Karavanke,798,140932,57,1
1537,Štalekarjev vrh,Karavanke,792,2240,33,1
1538,Kršiše,Karavanke,790,612,22,2
1539,Kalvarija nad Jesenicami,Karavanke,784,200325,63,2
1540,Skalni vrh (Vodemla),Karavanke,780,13101,46,2
1541,Lubela,Karavanke,778,5985,42,2
1542,Kozjek,Karavanke,766,120723,55,3
1543,Slap pod Gozdašnico (Hudič babo pere),Karavanke,760,6892,43,1
1544,Slap pod Kurico,Karavanke,760,5887,42,1
1545,Skala,Karavanke,750,354066,78,3
1546,Soteska Čepa/Tscheppaschlucht,Karavanke,750,360005,79,1
1547,Kapelica sv. Barbare na Pejcah,Karavanke,750,136631,57,1
1548,Kušpergarjev turn (Kušpergarjevi turni),Karavanke,750,2981,36,1
1549,Kozjek (nad Socko),Karavanke,748,2320,34,1
1550,Gradišče nad Sotesko (Soteska),Karavanke,724,2896,36,1
1551,RIS Dolina (Dovžanova soteska),Karavanke,720,16830,47,3
1552,Maceljska gora,Karavanke,718,1640,31,4
1553,Strana,Karavanke,711,1270,29,1
1554,Čopov rovt,Karavanke,710,2820,36,1
1555,Slapišče pod Kalvarijo,Karavanke,700,1881,32,1
1556,Grad Lindek,Karavanke,695,267278,70,1
1557,Javorniški slapovi,Karavanke,690,12334,46,1
1558,Soteska Mučevo,Karavanke,690,2180,33,2
1559,Dom v Dragi,Karavanke,689,309235,74,1
1560,Galke,Karavanke,684,316,16,4
1561,Ravnocerje,Karavanke,679,272,14,3
1562,Soteska Ziljice / Orrido dello Slizza,Karavanke,675,8570,44,1
1563,Leški cerkvi,Karavanke,674,3180,37,2
1564,Rahtelov vrh,Karavanke,667,702,23,2
1565,Dom na Boču,Karavanke,658,466303,88,12
1566,Sveta Marjeta na Boču,Karavanke,655,183621,62,2
1567,Dedni vrh (Šuštarica),Karavanke,653,602,22,1
1568,Izvir Sotle,Karavanke,640,311148,74,5
1569,Podkanjski slap / Wildensteiner Wasserfall,Karavanke,640,4130,39,1
1570,Gradišna peč,Karavanke,636,176,11,1
1571,Partizanska bolnica na Formili/Boču,Karavanke,630,246930,68,7
1572,Jezero Završnica,Karavanke,630,23210,47,1
1573,Razgledna točka na Stenici,Karavanke,630,614,23,1
1574,Formila na Boču,Karavanke,624,210122,64,7
1575,Rančka,Karavanke,615,328,16,2
1576,TC Rahtel,Karavanke,615,980,26,2
1577,Joški vrh,Karavanke,595,725,24,6
1578,Baba (pri Boču),Karavanke,594,298,15,2
1579,Rudijev dom na Donački gori,Karavanke,590,331570,76,5
1580,Sveti Rok (Sele),Karavanke,582,1440,29,1
1581,Gonžarjeva peč,Karavanke,575,406426,83,2
1582,Babček,Karavanke,575,174839,61,4
1583,Lindeški slap,Karavanke,555,156660,59,1
1584,Mornova zijalka,Karavanke,550,270553,70,1
1585,Planinska koča Velikonočnica,Karavanke,550,7651,44,3
1586,Krajnikov grad,Karavanke,549,114294,55,1
1587,Grilova kapela na Boču,Karavanke,534,193583,63,3
1588,Ljubična gora,Karavanke,533,4650,40,4
1589,Sveti Pankracij (Grajski grič),Karavanke,530,1660,31,3
1590,Grad Konjice,Karavanke,515,235547,67,2
1591,Cerkev Marije rožnovenske (Črešnjice),Karavanke,512,345,16,1
1592,Sveti Donat,Karavanke,511,202809,63,1
1593,Goležev grad,Karavanke,505,577,22,2
1594,Poharčeva smreka,Karavanke,505,175,11,1
1595,Sveti Mihael na Pečici,Karavanke,500,128964,56,2
1596,Cerkev Marije Loretske na Ložnem,Karavanke,481,181,11,2
1597,Škrbatnica,Karavanke,473,136,10,1
1598,Cerkev Marijinega vnebovzetja (Vitanje),Karavanke,472,358,17,1
1599,Sv. Uršula nad Dramljami,Karavanke,464,203266,64,3
1600,Sveta Ana nad Stopercami,Karavanke,460,225,13,1
1601,Sv. Tomaž nad Vojnikom,Karavanke,444,8801,45,2
1602,Sveta Barbara v Zagradu,Karavanke,435,811,25,3
1603,Sveti Miklavž (Sele),Karavanke,435,612,22,1
1604,Turistična kmetija Debelak,Karavanke,405,288,15,1
1605,Zbelovski grad,Karavanke,400,123372,56,2
1606,Cerkev Marije Tolažnice (Brezje nad Žetalami),Karavanke,382,321,16,1
1607,Okrepčevalnica Zelena dolina,Karavanke,360,155,10,1
1608,Razborški ribniki,Karavanke,330,176567,61,1
1609,Sv. Marija Magdalena (Dramlje),Karavanke,327,153393,59,2
1610,Studeniški grad,Karavanke,315,172886,61,5
1611,Sv. Ilija (Spodnje Dramlje),Karavanke,304,141157,57,2
1612,Izvir Toplega (Studeniškega) potoka,Karavanke,295,4542,40,4
1613,Partizanska bolnica Zima,Karavanke,290,245389,68,1
1614,Črni vrh,"Pohorje, Dravinjske gorice in Haloze",1543,602705,96,4
1615,Velika Kopa,"Pohorje, Dravinjske gorice in Haloze",1542,497209,90,7
1616,Jezerski vrh,"Pohorje, Dravinjske gorice in Haloze",1537,430921,85,5
1617,Mali Črni vrh,"Pohorje, Dravinjske gorice in Haloze",1533,330035,76,3
1618,Mala Kopa,"Pohorje, Dravinjske gorice in Haloze",1524,344,16,5
1619,Lovrenška jezera,"Pohorje, Dravinjske gorice in Haloze",1520,819054,99,5
1620,Rogla,"Pohorje, Dravinjske gorice in Haloze",1517,542479,93,12
1621,Ribniška koča,"Pohorje, Dravinjske gorice in Haloze",1507,606725,96,8
1622,Ostruščica,"Pohorje, Dravinjske gorice in Haloze",1498,9930,45,5
1623,Ribniško jezero,"Pohorje, Dravinjske gorice in Haloze",1490,430934,85,5
1624,Cerkev Jezusove spremenitve na gori (Rogla),"Pohorje, Dravinjske gorice in Haloze",1474,1520,30,3
1625,Izvir Dravinje,"Pohorje, Dravinjske gorice in Haloze",1460,2050,32,3
1626,Pot med krošnjami Pohorje,"Pohorje, Dravinjske gorice in Haloze",1460,18370,47,1
1627,Partizanski dom Kope,"Pohorje, Dravinjske gorice in Haloze",1445,1040,27,3
1628,Koča na Jurgovem,"Pohorje, Dravinjske gorice in Haloze",1430,1610,30,3
1629,Pesek,"Pohorje, Dravinjske gorice in Haloze",1423,2960,36,3
1630,Lasina,"Pohorje, Dravinjske gorice in Haloze",1412,1180,28,3
1631,Izvir reke Pake,"Pohorje, Dravinjske gorice in Haloze",1412,11440,45,1
1632,Koča na Pesku,"Pohorje, Dravinjske gorice in Haloze",1386,543052,93,4
1633,Grmovškov dom pod Veliko Kopo,"Pohorje, Dravinjske gorice in Haloze",1371,505062,91,6
1634,Žigartov vrh,"Pohorje, Dravinjske gorice in Haloze",1346,389412,82,17
1635,Veliki vrh (na Pohorju),"Pohorje, Dravinjske gorice in Haloze",1344,4160,39,10
1636,Klopni vrh,"Pohorje, Dravinjske gorice in Haloze",1340,458638,88,14
1637,Tiho jezero (Falski ribnik),"Pohorje, Dravinjske gorice in Haloze",1266,384901,81,2
1638,Turn (pri Klopnem vrhu),"Pohorje, Dravinjske gorice in Haloze",1261,597,22,2
1639,Koča na Klopnem vrhu,"Pohorje, Dravinjske gorice in Haloze",1260,438061,86,10
1640,Ruška koča na Arehu,"Pohorje, Dravinjske gorice in Haloze",1246,588395,95,18
1641,Lukov slap,"Pohorje, Dravinjske gorice in Haloze",1240,13210,46,1
1642,Lamprehtov vrh,"Pohorje, Dravinjske gorice in Haloze",1230,889,26,2
1643,Jezerc,"Pohorje, Dravinjske gorice in Haloze",1222,244643,68,4
1644,Kopnikov vrh,"Pohorje, Dravinjske gorice in Haloze",1220,168,11,1
1645,Črno jezero na Pohorju,"Pohorje, Dravinjske gorice in Haloze",1196,546524,93,7
1646,Dom na Osankarici,"Pohorje, Dravinjske gorice in Haloze",1193,488570,90,9
1647,Ledinekov kogel,"Pohorje, Dravinjske gorice in Haloze",1182,2150,33,11
1648,Sveti Trije kralji,"Pohorje, Dravinjske gorice in Haloze",1181,509947,91,13
1649,Izvir Polskave,"Pohorje, Dravinjske gorice in Haloze",1180,1430,29,4
1650,Vrelenk,"Pohorje, Dravinjske gorice in Haloze",1170,637,23,1
1651,Kremžarjev vrh,"Pohorje, Dravinjske gorice in Haloze",1164,512045,92,8
1652,Mariborski razglednik (Cigelnica),"Pohorje, Dravinjske gorice in Haloze",1147,365538,80,7
1653,Hudičev slap,"Pohorje, Dravinjske gorice in Haloze",1140,450,19,2
1654,Planinski dom Zarja (Hotel Zarja),"Pohorje, Dravinjske gorice in Haloze",1113,1910,32,2
1655,Koča pod Kremžarjevim vrhom,"Pohorje, Dravinjske gorice in Haloze",1102,486415,90,8
1656,Koča na Pesniku,"Pohorje, Dravinjske gorice in Haloze",1101,378031,81,2
1657,Posestvo Šumik,"Pohorje, Dravinjske gorice in Haloze",1100,398204,82,7
1658,Mariborska koča,"Pohorje, Dravinjske gorice in Haloze",1086,580432,95,16
1659,Sveti Bolfenk (Mariborsko Pohorje),"Pohorje, Dravinjske gorice in Haloze",1040,4720,41,7
1660,Partizanska bolnišnica Jesen,"Pohorje, Dravinjske gorice in Haloze",1035,1190,28,3
1661,Koča Planinc,"Pohorje, Dravinjske gorice in Haloze",1010,2530,35,3
1662,Sveta Uršula (Bojtina),"Pohorje, Dravinjske gorice in Haloze",1006,1410,29,2
1663,Repnikov vrh,"Pohorje, Dravinjske gorice in Haloze",988,820,25,3
1664,Jezerce Drtičnikovo,"Pohorje, Dravinjske gorice in Haloze",960,761,24,2
1665,Slap Veliki Šumik,"Pohorje, Dravinjske gorice in Haloze",950,458564,88,6
1666,Sedovnikov vrh,"Pohorje, Dravinjske gorice in Haloze",942,445,19,1
1667,Sveti Križ (Kumen),"Pohorje, Dravinjske gorice in Haloze",928,459,20,1
1668,Framski slap,"Pohorje, Dravinjske gorice in Haloze",925,343732,77,3
1669,Janževski vrh,"Pohorje, Dravinjske gorice in Haloze",915,4130,39,2
1670,Hlebov vrh (Rdeči Breg),"Pohorje, Dravinjske gorice in Haloze",913,5683,42,8
1671,Hotel Tisa (Poštarski dom),"Pohorje, Dravinjske gorice in Haloze",912,1500,30,3
1672,Sveti Urh (Urh),"Pohorje, Dravinjske gorice in Haloze",895,1520,30,4
1673,Slap Mali Šumik,"Pohorje, Dravinjske gorice in Haloze",890,223649,66,4
1674,Sveti Ignacij (Rdeči Breg),"Pohorje, Dravinjske gorice in Haloze",885,686,23,8
1675,Lovski dom LD Gradišče,"Pohorje, Dravinjske gorice in Haloze",880,2370,34,1
1676,Klančnik (Glančnik),"Pohorje, Dravinjske gorice in Haloze",877,634,23,7
1677,Lovska koča Klančnik,"Pohorje, Dravinjske gorice in Haloze",865,874,25,7
1678,Sveta Marija (Smolnik),"Pohorje, Dravinjske gorice in Haloze",860,281,15,2
1679,Sveti Anton (Sveti Anton na Pohorju),"Pohorje, Dravinjske gorice in Haloze",854,302,15,1
1680,Sveti Danijel (nad Trbonjami),"Pohorje, Dravinjske gorice in Haloze",845,1650,31,1
1681,Golarjev vrh,"Pohorje, Dravinjske gorice in Haloze",843,1490,30,1
1682,Sveta Barbara nad Slovenj Gradcem,"Pohorje, Dravinjske gorice in Haloze",829,221841,66,1
1683,Ribnik zahodno od Ošelja,"Pohorje, Dravinjske gorice in Haloze",824,336,16,2
1684,Majalova kapelica,"Pohorje, Dravinjske gorice in Haloze",823,329,16,2
1685,Dolina Radoljne (Pruh),"Pohorje, Dravinjske gorice in Haloze",814,113,8,1
1686,Kebeljski grad (Zajčev grad),"Pohorje, Dravinjske gorice in Haloze",813,1270,29,3
1687,Ribnika Devin v Ošelju,"Pohorje, Dravinjske gorice in Haloze",812,290,15,2
1688,Maroltova jelka (Bistriški vintgar),"Pohorje, Dravinjske gorice in Haloze",800,1090,27,1
1689,Sveti Martin (Šmartno na Pohorju),"Pohorje, Dravinjske gorice in Haloze",780,238,13,2
1690,Golek,"Pohorje, Dravinjske gorice in Haloze",769,3760,39,5
1691,Gorenje pri Zrečah,"Pohorje, Dravinjske gorice in Haloze",760,426,19,2
1692,Razgledna ploščad pri Ančnikovem gradišču,"Pohorje, Dravinjske gorice in Haloze",760,838,25,1
1693,Anski vrh (nad Pamečami),"Pohorje, Dravinjske gorice in Haloze",756,3860,39,1
1694,Ančnikovo gradišče,"Pohorje, Dravinjske gorice in Haloze",750,225715,66,1
1695,Sveti Lenart (Koritno),"Pohorje, Dravinjske gorice in Haloze",745,223,13,1
1696,Šetorov mlin,"Pohorje, Dravinjske gorice in Haloze",745,750,24,2
1697,Trije križi na Konjiški gori,"Pohorje, Dravinjske gorice in Haloze",727,5486,42,1
1698,Pečke,"Pohorje, Dravinjske gorice in Haloze",720,359380,79,5
1699,Sveta Magdalena (Brda),"Pohorje, Dravinjske gorice in Haloze",718,118833,55,1
1700,Ribnica na Pohorju,"Pohorje, Dravinjske gorice in Haloze",715,3910,39,1
1701,Lobnikov vrh,"Pohorje, Dravinjske gorice in Haloze",705,131238,57,4
1702,Koglerjev vrh,"Pohorje, Dravinjske gorice in Haloze",698,579,22,2
1703,Sveti Križ (Planica),"Pohorje, Dravinjske gorice in Haloze",692,658,23,1
1704,Sveti Miklavž (Koritno),"Pohorje, Dravinjske gorice in Haloze",678,243,14,1
1705,Lovski dom - LD Fram,"Pohorje, Dravinjske gorice in Haloze",668,640,23,1
1706,Sveti Primož (Sveti Primož na Pohorju),"Pohorje, Dravinjske gorice in Haloze",667,609,22,1
1707,Sveti Janez Krstnik (Šentjanž nad Dravčami),"Pohorje, Dravinjske gorice in Haloze",655,298,15,1
1708,Sv. Peter in Pavel (Veliko Tinje),"Pohorje, Dravinjske gorice in Haloze",655,345,16,1
1709,Potnikova smreka,"Pohorje, Dravinjske gorice in Haloze",651,506,20,2
1710,Jelovice,"Pohorje, Dravinjske gorice in Haloze",623,4870,41,3
1711,Globokarjev vrh,"Pohorje, Dravinjske gorice in Haloze",616,314,15,1
1712,Brinjeva gora (nad Zrečami),"Pohorje, Dravinjske gorice in Haloze",616,17140,47,5
1713,Golika,"Pohorje, Dravinjske gorice in Haloze",609,448,19,1
1714,Sveti Mohor (Lačna Gora),"Pohorje, Dravinjske gorice in Haloze",602,610,22,1
1715,Hožičev vrh,"Pohorje, Dravinjske gorice in Haloze",595,415,18,1
1716,Slap Šum (Bistriški vintgar),"Pohorje, Dravinjske gorice in Haloze",590,4270,40,1
1717,Kerješetov vrh,"Pohorje, Dravinjske gorice in Haloze",590,318,16,2
1718,Sveti Martin (Zlakova),"Pohorje, Dravinjske gorice in Haloze",589,511,21,2
1719,Grad Gromberg,"Pohorje, Dravinjske gorice in Haloze",587,675,23,1
1720,Lorbekov vrh,"Pohorje, Dravinjske gorice in Haloze",578,444,19,1
1721,Rudnica (nad Podčetrtkom),"Pohorje, Dravinjske gorice in Haloze",548,24660,47,7
1722,Sveti Bolfenk (Jelovice),"Pohorje, Dravinjske gorice in Haloze",537,732,24,2
1723,Arheološko najdišče Poštela,"Pohorje, Dravinjske gorice in Haloze",525,429,19,1
1724,Skala (nad Dravogradom),"Pohorje, Dravinjske gorice in Haloze",525,3521,38,1
1725,Gradišče (nad Slovenj Gradcem),"Pohorje, Dravinjske gorice in Haloze",516,3530,38,1
1726,Sveti Avguštin,"Pohorje, Dravinjske gorice in Haloze",504,182533,61,4
1727,Kluže,"Pohorje, Dravinjske gorice in Haloze",496,387,18,1
1728,Slap Šum (Polskavski vintgar),"Pohorje, Dravinjske gorice in Haloze",465,582,22,1
1729,Izletniška kmetija Ančka,"Pohorje, Dravinjske gorice in Haloze",460,475,20,2
1730,Sv. Ana nad Makolami,"Pohorje, Dravinjske gorice in Haloze",460,2401,34,0
1731,Janški vrh,"Pohorje, Dravinjske gorice in Haloze",417,3420,38,3
1732,Sv. Marjeta (Ritoznoj),"Pohorje, Dravinjske gorice in Haloze",407,828,25,1
1733,Cerkev Device Marije na Kamnu,"Pohorje, Dravinjske gorice in Haloze",381,1100,27,0
1734,Vodni izvir Zlati studenec,"Pohorje, Dravinjske gorice in Haloze",375,590,22,1
1735,Zveličarjeva kapela (Velika Varnica),"Pohorje, Dravinjske gorice in Haloze",370,384,18,1
1736,Ptujska Gora,"Pohorje, Dravinjske gorice in Haloze",342,4770,41,4
1737,Kapela sv. Ane v Puščavi,"Pohorje, Dravinjske gorice in Haloze",330,521,21,2
1738,Cerkev sv. Treh kraljev v Ješovcu,"Pohorje, Dravinjske gorice in Haloze",320,36,1,2
1739,Sveta Lucija nad Studenicami,"Pohorje, Dravinjske gorice in Haloze",290,155481,59,3
1740,Dvorec Štatenberg,"Pohorje, Dravinjske gorice in Haloze",289,40,1,1
1741,Pivola (Botanični vrt Univerze v Mariboru),"Pohorje, Dravinjske gorice in Haloze",270,130,9,1
1742,Tošč,Polhograjsko hribovje in Ljubljana,1021,740621,98,13
1743,Pasja ravan,Polhograjsko hribovje in Ljubljana,1020,595521,95,4
1744,Goli vrh,Polhograjsko hribovje in Ljubljana,962,338993,77,2
1745,Sivka,Polhograjsko hribovje in Ljubljana,934,445165,86,7
1746,Mlaka,Polhograjsko hribovje in Ljubljana,914,258204,69,2
1747,Javorč,Polhograjsko hribovje in Ljubljana,901,349538,78,3
1748,Polhograjska Grmada,Polhograjsko hribovje in Ljubljana,898,867804,99,16
1749,Gontarska planina,Polhograjsko hribovje in Ljubljana,894,417889,84,2
1750,Lavrovec,Polhograjsko hribovje in Ljubljana,890,302618,73,1
1751,Sveti Lenart,Polhograjsko hribovje in Ljubljana,861,387191,81,1
1752,Sveti Ožbolt (nad Zmincem),Polhograjsko hribovje in Ljubljana,859,417441,84,4
1753,Osolnik,Polhograjsko hribovje in Ljubljana,858,641973,96,12
1754,Mala Grmada,Polhograjsko hribovje in Ljubljana,853,308860,74,4
1755,Bukov vrh,Polhograjsko hribovje in Ljubljana,832,404078,83,2
1756,Polhograjska Gora (Sveti Lovrenc),Polhograjsko hribovje in Ljubljana,824,574404,94,9
1757,Veliki hrib,Polhograjsko hribovje in Ljubljana,815,214678,65,1
1758,Goljek,Polhograjsko hribovje in Ljubljana,809,284635,72,4
1759,Sveti Jakob,Polhograjsko hribovje in Ljubljana,806,715627,98,14
1760,Marinčeva planina (Hrib),Polhograjsko hribovje in Ljubljana,805,232388,67,2
1761,Sveti Andrej (Planina nad Horjulom),Polhograjsko hribovje in Ljubljana,798,339568,77,2
1762,Rog,Polhograjsko hribovje in Ljubljana,798,354845,78,10
1763,Kožljek,Polhograjsko hribovje in Ljubljana,788,376128,81,4
1764,Brunarica Osovnik,Polhograjsko hribovje in Ljubljana,777,450050,87,6
1765,Jeterbenk,Polhograjsko hribovje in Ljubljana,774,505498,91,10
1766,Stražni stolp pod vrhom Kovčka,Polhograjsko hribovje in Ljubljana,770,4171,40,1
1767,Sveta Jedert,Polhograjsko hribovje in Ljubljana,750,314341,75,2
1768,Sveta Katarina (Topol),Polhograjsko hribovje in Ljubljana,738,643081,96,9
1769,Dom na Govejku,Polhograjsko hribovje in Ljubljana,730,563421,94,2
1770,Koreno,Polhograjsko hribovje in Ljubljana,729,469477,88,10
1771,Jermanca (Jermancov grič),Polhograjsko hribovje in Ljubljana,728,4750,41,1
1772,Hom,Polhograjsko hribovje in Ljubljana,715,487279,90,4
1773,Mali vrh,Polhograjsko hribovje in Ljubljana,708,331795,76,3
1774,Kucelj nad Polhovim Gradcem,Polhograjsko hribovje in Ljubljana,705,7739,44,3
1775,Sveta Uršula (Setnica),Polhograjsko hribovje in Ljubljana,700,295570,73,2
1776,Kregovnik,Polhograjsko hribovje in Ljubljana,692,180363,61,1
1777,Sveta Ana (Butajnova),Polhograjsko hribovje in Ljubljana,686,275702,71,1
1778,Sveti Florijan (Tehovec),Polhograjsko hribovje in Ljubljana,685,263548,70,4
1779,Grmada,Polhograjsko hribovje in Ljubljana,676,607035,96,18
1780,Dominov dom,Polhograjsko hribovje in Ljubljana,670,286615,72,1
1781,Šmarna gora,Polhograjsko hribovje in Ljubljana,669,916709,99,23
1782,Kugelč (Šentjošt nad Horjulom),Polhograjsko hribovje in Ljubljana,666,258215,69,2
1783,Sveti Mihael na Samotorici,Polhograjsko hribovje in Ljubljana,665,186846,62,1
1784,Domačija Pr Lenart (Belo),Polhograjsko hribovje in Ljubljana,650,218590,65,2
1785,Breznik (Boben),Polhograjsko hribovje in Ljubljana,643,3440,38,2
1786,Rašica (Vrh Staneta Kosca),Polhograjsko hribovje in Ljubljana,641,766146,98,14
1787,Sveta Barbara (nad Hrastnico),Polhograjsko hribovje in Ljubljana,629,3290,37,1
1788,Ključ,Polhograjsko hribovje in Ljubljana,623,355993,79,4
1789,Sveti Andrej (nad Zmincem),Polhograjsko hribovje in Ljubljana,617,6761,43,2
1790,Vrhe nad Dobrovo,Polhograjsko hribovje in Ljubljana,603,192438,63,2
1791,Visoki hrib,Polhograjsko hribovje in Ljubljana,602,196724,63,2
1792,Toško Čelo,Polhograjsko hribovje in Ljubljana,590,627511,96,6
1793,Sveti Urban (nad Gorenjo Dobravo),Polhograjsko hribovje in Ljubljana,570,2150,33,2
1794,Veliki vrh (Rašica),Polhograjsko hribovje in Ljubljana,568,313333,75,1
1795,Sveti Martin nad Brišami,Polhograjsko hribovje in Ljubljana,567,168065,60,1
1796,Sveti Jurij (Praproče),Polhograjsko hribovje in Ljubljana,552,2230,33,1
1797,Partizanski dom na Ključu,Polhograjsko hribovje in Ljubljana,550,326811,76,4
1798,Gradišče nad Žažarjem,Polhograjsko hribovje in Ljubljana,547,3392,38,2
1799,Vrh (Debeli hrib),Polhograjsko hribovje in Ljubljana,540,278785,71,7
1800,Gradišče (nad Dobrovo),Polhograjsko hribovje in Ljubljana,530,8430,44,2
1801,Planinski dom na Ravneku,Polhograjsko hribovje in Ljubljana,522,257042,69,1
1802,Smledniški hrib (Stari grad),Polhograjsko hribovje in Ljubljana,517,495578,90,5
1803,Vrhovčev grič,Polhograjsko hribovje in Ljubljana,495,1130,28,5
1804,Sveta Marjeta pod Jeterbenkom,Polhograjsko hribovje in Ljubljana,482,295862,73,3
1805,Bezenica,Polhograjsko hribovje in Ljubljana,476,139807,57,1
1806,Strmca,Polhograjsko hribovje in Ljubljana,472,180151,61,7
1807,Koseški hrib,Polhograjsko hribovje in Ljubljana,467,8910,45,5
1808,Kalvarija,Polhograjsko hribovje in Ljubljana,460,358496,79,2
1809,Gradišče (Zapoški hrib),Polhograjsko hribovje in Ljubljana,451,4220,40,1
1810,Strmec (nad Dragomerom),Polhograjsko hribovje in Ljubljana,446,968,26,2
1811,Debeli vrh (nad Topolami),Polhograjsko hribovje in Ljubljana,446,4330,40,3
1812,Klobuk pri Ljubljani,Polhograjsko hribovje in Ljubljana,441,58356,49,2
1813,Stražni vrh,Polhograjsko hribovje in Ljubljana,439,6569,43,1
1814,Koča Klobuk,Polhograjsko hribovje in Ljubljana,433,16172,46,3
1815,Mengeška koča na Gobavici,Polhograjsko hribovje in Ljubljana,433,462990,88,7
1816,Šišenski hrib (Rožnik),Polhograjsko hribovje in Ljubljana,429,445498,86,3
1817,Sveti Urh (nad Zaklancem),Polhograjsko hribovje in Ljubljana,420,356130,79,3
1818,Sveti Tilen nad Repnjami,Polhograjsko hribovje in Ljubljana,419,7526,44,1
1819,Sveti Jurij (Hruševo),Polhograjsko hribovje in Ljubljana,414,3351,37,1
1820,Severjev grič,Polhograjsko hribovje in Ljubljana,401,407,18,1
1821,Ferjanka,Polhograjsko hribovje in Ljubljana,399,3480,38,3
1822,Slavkov dom na Golem brdu,Polhograjsko hribovje in Ljubljana,396,427043,85,2
1823,Straža,Polhograjsko hribovje in Ljubljana,395,185609,62,2
1824,Cankarjev vrh (Rožnik),Polhograjsko hribovje in Ljubljana,394,557096,94,4
1825,Sveti križ na Hribcu,Polhograjsko hribovje in Ljubljana,380,160134,59,1
1826,Blagajev grad (Polhograjska graščina),Polhograjsko hribovje in Ljubljana,377,3911,39,1
1827,Ljubljanski grad,Polhograjsko hribovje in Ljubljana,376,472056,89,5
1828,Liparjev grič,Polhograjsko hribovje in Ljubljana,374,1240,28,3
1829,Tabor (nad Črnučami),Polhograjsko hribovje in Ljubljana,370,737,24,1
1830,Mlinčki,Polhograjsko hribovje in Ljubljana,340,6590,43,2
1831,Mostec,Polhograjsko hribovje in Ljubljana,316,6641,43,1
1832,Grad Jablje,Polhograjsko hribovje in Ljubljana,310,2000,32,1
1833,Koseški bajer,Polhograjsko hribovje in Ljubljana,307,395189,82,2
1834,Kum,Posavsko hribovje in Dolenjska,1220,853485,99,10
1835,Črni vrh (Čemšeniška planina),Posavsko hribovje in Dolenjska,1204,624039,96,16
1836,Trdinov vrh,Posavsko hribovje in Dolenjska,1178,674776,97,3
1837,Javor,Posavsko hribovje in Dolenjska,1132,416999,84,6
1838,Mrzlica,Posavsko hribovje in Dolenjska,1122,779407,98,16
1839,Koča na Čemšeniški planini,Posavsko hribovje in Dolenjska,1120,644304,96,15
1840,Veliki Rog,Posavsko hribovje in Dolenjska,1099,368008,80,2
1841,Gozdnik,Posavsko hribovje in Dolenjska,1090,482019,89,9
1842,Homič,Posavsko hribovje in Dolenjska,1082,1430,29,8
1843,Ledenik,Posavsko hribovje in Dolenjska,1072,11550,45,3
1844,Sveta Marija (Ključevica),Posavsko hribovje in Dolenjska,1067,11950,46,4
1845,Mirna gora,Posavsko hribovje in Dolenjska,1047,625321,96,4
1846,Slovenski vrh,Posavsko hribovje in Dolenjska,1041,12660,46,3
1847,Mestni vrh,Posavsko hribovje in Dolenjska,1034,396903,82,2
1848,Veliki Javornik (Bohor),Posavsko hribovje in Dolenjska,1023,542722,93,10
1849,Sveta planina (Partizanski vrh),Posavsko hribovje in Dolenjska,1011,479829,89,7
1850,Požgani hrib,Posavsko hribovje in Dolenjska,1009,263104,70,2
1851,Dom na Mirni gori,Posavsko hribovje in Dolenjska,1000,472174,89,4
1852,Livoldski vrh,Posavsko hribovje in Dolenjska,994,203776,64,2
1853,Veliko Kozje,Posavsko hribovje in Dolenjska,993,469623,88,5
1854,Kal (Kalski hrib),Posavsko hribovje in Dolenjska,985,484754,90,5
1855,Koprivnik (Bohor),Posavsko hribovje in Dolenjska,984,294666,73,7
1856,Grad Fridrihštajn,Posavsko hribovje in Dolenjska,970,407651,83,2
1857,Stene svete Ane,Posavsko hribovje in Dolenjska,964,353999,78,8
1858,Dom pri Miklavžu,Posavsko hribovje in Dolenjska,964,471135,89,1
1859,Nebeška gora,Posavsko hribovje in Dolenjska,958,428290,85,4
1860,Špilk,Posavsko hribovje in Dolenjska,956,363981,79,3
1861,Gače,Posavsko hribovje in Dolenjska,955,388676,82,1
1862,Skalica (Bohor),Posavsko hribovje in Dolenjska,951,264305,70,7
1863,Lisca,Posavsko hribovje in Dolenjska,948,775683,98,14
1864,Planinski dom na Kalu,Posavsko hribovje in Dolenjska,946,384535,81,5
1865,Malič,Posavsko hribovje in Dolenjska,936,413649,84,8
1866,Mala Lisca,Posavsko hribovje in Dolenjska,934,1020,27,2
1867,Ješivec,Posavsko hribovje in Dolenjska,934,1180,28,4
1868,Zaloška gora,Posavsko hribovje in Dolenjska,930,330,16,1
1869,Roviškovec,Posavsko hribovje in Dolenjska,930,235057,67,3
1870,Reška planina,Posavsko hribovje in Dolenjska,925,354573,78,6
1871,Debeli vrh (Bohor),Posavsko hribovje in Dolenjska,921,186784,62,5
1872,Plešivec (Bohor),Posavsko hribovje in Dolenjska,915,1800,31,5
1873,Petrova skala na Bohorju,Posavsko hribovje in Dolenjska,913,1910,32,5
1874,Adijev bivak na Reški planini,Posavsko hribovje in Dolenjska,910,1520,30,6
1875,Koča pri Sveti Ani na Mali gori,Posavsko hribovje in Dolenjska,910,459554,88,8
1876,Kopitnik,Posavsko hribovje in Dolenjska,910,583810,95,6
1877,Krvavica,Posavsko hribovje in Dolenjska,909,498298,90,2
1878,Planinski dom Vrhe,Posavsko hribovje in Dolenjska,908,310153,74,6
1879,Koča na Bohorju,Posavsko hribovje in Dolenjska,896,474144,89,8
1880,Grmada (Bohor),Posavsko hribovje in Dolenjska,890,3880,39,1
1881,Klobuk,Posavsko hribovje in Dolenjska,890,383976,81,4
1882,Sveti Peter,Posavsko hribovje in Dolenjska,888,445276,86,3
1883,Grmada na Mali gori,Posavsko hribovje in Dolenjska,887,372081,80,8
1884,Naravno bohorsko okno,Posavsko hribovje in Dolenjska,883,1990,32,5
1885,Slivna (Pivkelj),Posavsko hribovje in Dolenjska,880,325909,76,5
1886,Reber,Posavsko hribovje in Dolenjska,878,247701,68,3
1887,Pleše,Posavsko hribovje in Dolenjska,866,227544,66,4
1888,Koča na Kopitniku,Posavsko hribovje in Dolenjska,865,403246,83,5
1889,Kamnik,Posavsko hribovje in Dolenjska,861,412729,84,4
1890,Oslica (Bohor),Posavsko hribovje in Dolenjska,860,189404,62,7
1891,Ostrež,Posavsko hribovje in Dolenjska,856,357167,79,1
1892,Ostri vrh,Posavsko hribovje in Dolenjska,855,331801,77,4
1893,Zasavska Sveta gora,Posavsko hribovje in Dolenjska,852,602657,95,9
1894,Koča pri Jelenovem studencu,Posavsko hribovje in Dolenjska,850,404864,83,2
1895,Lipovec,Posavsko hribovje in Dolenjska,848,212089,64,1
1896,Strtnik (Strnik),Posavsko hribovje in Dolenjska,845,374,17,1
1897,Lovski dom Bohor,Posavsko hribovje in Dolenjska,842,1630,30,1
1898,Sv. Primož in Felicijan (Razbor pri Čemšeniku),Posavsko hribovje in Dolenjska,841,3040,36,3
1899,Ledena jama na Stojni,Posavsko hribovje in Dolenjska,840,281259,71,1
1900,Cicelj,Posavsko hribovje in Dolenjska,836,419869,84,7
1901,Tolsti vrh nad Celjsko kočo,Posavsko hribovje in Dolenjska,834,453828,87,14
1902,Golava,Posavsko hribovje in Dolenjska,834,412710,84,5
1903,Lovski vrh,Posavsko hribovje in Dolenjska,830,3450,38,2
1904,Dom na Zgornji Slivni,Posavsko hribovje in Dolenjska,826,292371,72,4
1905,Sveta Trojica (Čimerno),Posavsko hribovje in Dolenjska,825,392,18,3
1906,Planinski dom na Zasavski Sveti gori,Posavsko hribovje in Dolenjska,822,317151,75,8
1907,Planinski dom pri Gospodični,Posavsko hribovje in Dolenjska,822,508103,91,2
1908,Sedlata gorica (Pogorelec),Posavsko hribovje in Dolenjska,817,262051,70,1
1909,Govško brdo,Posavsko hribovje in Dolenjska,811,309681,74,6
1910,Brest (Bohor),Posavsko hribovje in Dolenjska,808,165167,60,8
1911,Veliki vrh nad Svetino,Posavsko hribovje in Dolenjska,807,272542,70,5
1912,Janče,Posavsko hribovje in Dolenjska,792,596690,95,6
1913,Pašnik Lipovec,Posavsko hribovje in Dolenjska,790,186479,62,1
1914,Baba (nad Rečico),Posavsko hribovje in Dolenjska,789,261824,69,2
1915,Sv. Jošt (pod vrhom Lisce),Posavsko hribovje in Dolenjska,787,507,20,6
1916,Dom na Šmohorju,Posavsko hribovje in Dolenjska,784,572640,94,8
1917,Kamen vrh,Posavsko hribovje in Dolenjska,783,338010,77,5
1918,Vrhe (pri Gorah),Posavsko hribovje in Dolenjska,781,724,24,3
1919,Vrunčev dom na Svetini,Posavsko hribovje in Dolenjska,780,303510,74,9
1920,Tolsto,Posavsko hribovje in Dolenjska,780,157868,59,1
1921,Obolno,Posavsko hribovje in Dolenjska,776,353564,78,4
1922,Limbarska gora,Posavsko hribovje in Dolenjska,773,614074,96,9
1923,Almin dom na Svetini,Posavsko hribovje in Dolenjska,772,477790,89,12
1924,Kotečnik,Posavsko hribovje in Dolenjska,772,360445,79,2
1925,Jasovnik,Posavsko hribovje in Dolenjska,764,4990,41,1
1926,Dom v Gorah,Posavsko hribovje in Dolenjska,762,391665,82,6
1927,Vrtače,Posavsko hribovje in Dolenjska,758,2872,36,2
1928,Tolsti vrh (nad Preboldom),Posavsko hribovje in Dolenjska,756,579,22,1
1929,Babni vrh,Posavsko hribovje in Dolenjska,753,2280,34,4
1930,Kucelj,Posavsko hribovje in Dolenjska,748,405161,83,3
1931,Sveti Ahac,Posavsko hribovje in Dolenjska,748,375272,80,2
1932,Sveti Ilija (Planina),Posavsko hribovje in Dolenjska,747,234588,67,1
1933,Murovica,Posavsko hribovje in Dolenjska,743,379457,81,8
1934,Zajčeva koča,Posavsko hribovje in Dolenjska,742,366000,80,2
1935,Kozice,Posavsko hribovje in Dolenjska,741,10870,45,2
1936,Sveti Miklavž nad Savo,Posavsko hribovje in Dolenjska,741,449182,87,4
1937,Žamboh,Posavsko hribovje in Dolenjska,738,2693,35,0
1938,Darinkino zavetišče na Ivcah,Posavsko hribovje in Dolenjska,735,462,20,2
1939,Tolsta gora,Posavsko hribovje in Dolenjska,734,10190,45,2
1940,Ciganov vrh (Korinjski hrib),Posavsko hribovje in Dolenjska,731,204234,64,1
1941,Sveti Križ (nad Planino pri Sevnici),Posavsko hribovje in Dolenjska,730,2230,33,2
1942,Markova glava (razgledna stena),Posavsko hribovje in Dolenjska,722,11480,45,1
1943,Kmečki turizem Obolno,Posavsko hribovje in Dolenjska,722,5020,41,2
1944,Sveti Lovrenc (nad vasjo Okroglice),Posavsko hribovje in Dolenjska,722,260007,69,3
1945,Leskovški hrib,Posavsko hribovje in Dolenjska,721,375,17,1
1946,Grmada nad Celjem,Posavsko hribovje in Dolenjska,718,529334,92,5
1947,Pokojni vrh (Bohor),Posavsko hribovje in Dolenjska,711,137613,57,1
1948,Mali vrh (Kamnik),Posavsko hribovje in Dolenjska,710,857,25,1
1949,Vetrnik,Posavsko hribovje in Dolenjska,709,6930,43,1
1950,Gradišče,Posavsko hribovje in Dolenjska,706,314172,75,1
1951,Veliki vrh (Orlica),Posavsko hribovje in Dolenjska,701,120,8,3
1952,Plezališče in ferata Renke,Posavsko hribovje in Dolenjska,700,23740,47,1
1953,Srebotnik,Posavsko hribovje in Dolenjska,700,438809,86,8
1954,Veliki vrh (nad Pišecami),Posavsko hribovje in Dolenjska,698,73,4,1
1955,Sveti Florjan (Zgornja Gora),Posavsko hribovje in Dolenjska,698,2650,35,3
1956,Gorišca,Posavsko hribovje in Dolenjska,698,1810,31,1
1957,Tabor,Posavsko hribovje in Dolenjska,697,2982,36,1
1958,Pristava nad Stično,Posavsko hribovje in Dolenjska,694,302200,73,2
1959,Bredič,Posavsko hribovje in Dolenjska,692,34,1,1
1960,Bavč,Posavsko hribovje in Dolenjska,692,3990,39,4
1961,Golčaj,Posavsko hribovje in Dolenjska,690,303150,73,4
1962,Limberk,Posavsko hribovje in Dolenjska,687,207718,64,1
1963,Plešivec (Rudnica),Posavsko hribovje in Dolenjska,686,736,24,8
1964,Veliki Špiček,Posavsko hribovje in Dolenjska,686,323634,76,3
1965,Sveti Križ (Slemšek),Posavsko hribovje in Dolenjska,680,1240,28,1
1966,Vrh (Šticna),Posavsko hribovje in Dolenjska,679,174740,61,1
1967,Žusem,Posavsko hribovje in Dolenjska,669,419708,84,10
1968,Stari grad (grad Čušperk),Posavsko hribovje in Dolenjska,668,245752,68,1
1969,Velika Vagla,Posavsko hribovje in Dolenjska,667,47,2,1
1970,Dom pod Reško planino,Posavsko hribovje in Dolenjska,664,342272,77,6
1971,Intermedija,Posavsko hribovje in Dolenjska,662,80,5,4
1972,Visoka špica,Posavsko hribovje in Dolenjska,660,309270,74,3
1973,Sveta Marjeta (Prežganje),Posavsko hribovje in Dolenjska,658,5925,42,1
1974,Dom Ušte - Žerenk,Posavsko hribovje in Dolenjska,658,413003,84,6
1975,Celjska koča,Posavsko hribovje in Dolenjska,652,656738,97,13
1976,Lovska koča pod Gozdnikom,Posavsko hribovje in Dolenjska,651,357,17,1
1977,Raskože (Bohor),Posavsko hribovje in Dolenjska,650,121244,56,1
1978,Resevna,Posavsko hribovje in Dolenjska,650,555874,94,8
1979,Stražnik,Posavsko hribovje in Dolenjska,648,3730,39,1
1980,Vrhija,Posavsko hribovje in Dolenjska,648,135124,57,1
1981,GEOSS,Posavsko hribovje in Dolenjska,645,409509,83,4
1982,Zabreznik (Sv. Miklavž),Posavsko hribovje in Dolenjska,644,130798,56,2
1983,Sveti Lambert,Posavsko hribovje in Dolenjska,643,151298,58,2
1984,Pastirska kapelica,Posavsko hribovje in Dolenjska,640,277,14,2
1985,Olimska gora,Posavsko hribovje in Dolenjska,631,479,20,1
1986,Sveti Duh (Polževo),Posavsko hribovje in Dolenjska,630,9870,45,2
1987,Veliki Bojanski vrh,Posavsko hribovje in Dolenjska,627,1770,31,4
1988,Žagarski vrh,Posavsko hribovje in Dolenjska,627,27750,48,1
1989,Rigelj,Posavsko hribovje in Dolenjska,626,52,2,2
1990,Kalanov hrib (Kalanček),Posavsko hribovje in Dolenjska,626,204886,64,2
1991,Veliki Cirnik,Posavsko hribovje in Dolenjska,623,54,2,1
1992,Silavec (Stolp zdravja in veselja na Rudnici),Posavsko hribovje in Dolenjska,622,2520,35,10
1993,Žvajga (severni vrh),Posavsko hribovje in Dolenjska,620,673,23,2
1994,Pečovniška koča na Grmadi,Posavsko hribovje in Dolenjska,620,368276,80,6
1995,Lendrše,Posavsko hribovje in Dolenjska,617,159,10,5
1996,Vinski vrh,Posavsko hribovje in Dolenjska,616,324,16,1
1997,Pugled,Posavsko hribovje in Dolenjska,615,342746,77,3
1998,Kerinov spomenik,Posavsko hribovje in Dolenjska,614,80,5,4
1999,Bajturn (Zaplaški hrib),Posavsko hribovje in Dolenjska,609,4860,41,8
2000,Lomnik,Posavsko hribovje in Dolenjska,609,111986,54,0
2001,Veliki Slomnik,Posavsko hribovje in Dolenjska,609,298884,73,6
2002,Dragov dom na Homu,Posavsko hribovje in Dolenjska,607,395225,82,6
2003,Gradišče nad Ilovo Goro,Posavsko hribovje in Dolenjska,601,1040,27,1
2004,Mali Bojanski vrh,Posavsko hribovje in Dolenjska,600,935,26,5
2005,Sveti Štefan (Turje),Posavsko hribovje in Dolenjska,598,650,23,1
2006,Hotel Polževo,Posavsko hribovje in Dolenjska,592,12590,46,1
2007,Semenič,Posavsko hribovje in Dolenjska,590,123292,56,1
2008,Sv. Valentin in sv. Jakob (Dobrina),Posavsko hribovje in Dolenjska,585,138,10,1
2009,Dom na Bukovici,Posavsko hribovje in Dolenjska,584,365587,80,4
2010,Hum nad Laškim,Posavsko hribovje in Dolenjska,583,49200,48,2
2011,Trebni vrh,Posavsko hribovje in Dolenjska,581,240754,67,6
2012,Lovski bivak na Olimski gori,Posavsko hribovje in Dolenjska,580,196,12,1
2013,Zavetišče Šmarnica na Mali Rudnici,Posavsko hribovje in Dolenjska,577,948,26,5
2014,Stari grad Kamnik,Posavsko hribovje in Dolenjska,577,338686,77,2
2015,Mehovski hrib,Posavsko hribovje in Dolenjska,571,400652,83,5
2016,Hom nad Celjem,Posavsko hribovje in Dolenjska,570,330500,76,4
2017,Grmadnik,Posavsko hribovje in Dolenjska,569,2520,35,1
2018,Rifnik,Posavsko hribovje in Dolenjska,568,396318,82,4
2019,Grad Gamberk,Posavsko hribovje in Dolenjska,567,409,18,2
2020,Resje nad Štorami,Posavsko hribovje in Dolenjska,567,255464,69,4
2021,Lovski dom na Govcah,Posavsko hribovje in Dolenjska,565,433,19,4
2022,Lisec (Liška gora),Posavsko hribovje in Dolenjska,565,185332,62,1
2023,Lovski dom na Vrhtrebnjem,Posavsko hribovje in Dolenjska,562,232727,67,4
2024,Španov vrh (Besnica),Posavsko hribovje in Dolenjska,559,1200,28,1
2025,Lovski dom pod Golavo,Posavsko hribovje in Dolenjska,556,348,17,1
2026,Sv. Lenart (Zabukovje nad Sevnico),Posavsko hribovje in Dolenjska,555,130,9,1
2027,Pri knapu pod Babo,Posavsko hribovje in Dolenjska,552,190217,62,3
2028,Zmajevo jezero na Olimski gori,Posavsko hribovje in Dolenjska,550,510,20,1
2029,Smuk,Posavsko hribovje in Dolenjska,545,209688,64,2
2030,Zaplaz,Posavsko hribovje in Dolenjska,543,5980,42,3
2031,Gradiše (nad Štorami),Posavsko hribovje in Dolenjska,540,626,23,1
2032,Kožljevec,Posavsko hribovje in Dolenjska,533,756,24,1
2033,Vipota,Posavsko hribovje in Dolenjska,532,217362,65,3
2034,Debenji vrh,Posavsko hribovje in Dolenjska,530,486834,90,6
2035,Cerkev sv. Helene na Javorju,Posavsko hribovje in Dolenjska,528,271,14,2
2036,Sveta Trojica (nad Dobom),Posavsko hribovje in Dolenjska,527,8361,44,4
2037,Svete gore,Posavsko hribovje in Dolenjska,527,284819,72,8
2038,Kamčič,Posavsko hribovje in Dolenjska,525,2260,34,3
2039,Sv. Peter (Olešče),Posavsko hribovje in Dolenjska,525,193584,63,2
2040,Ostri vrh (nad Globodolom),Posavsko hribovje in Dolenjska,523,3132,37,3
2041,Strešni vrh (Svibno),Posavsko hribovje in Dolenjska,523,183598,62,2
2042,Grad Turjak,Posavsko hribovje in Dolenjska,522,266141,70,3
2043,Sv. Križ (Retje),Posavsko hribovje in Dolenjska,520,170085,60,6
2044,Sveta Katarina (Zavrate),Posavsko hribovje in Dolenjska,518,205,12,1
2045,Turn (Sv. Janez Krstnik),Posavsko hribovje in Dolenjska,513,260726,69,5
2046,Sveti Mohor na Mohorjevem hribu,Posavsko hribovje in Dolenjska,511,7710,44,3
2047,Lovski dom na Klančišah,Posavsko hribovje in Dolenjska,510,1100,27,2
2048,Lavričeva koča na Gradišču,Posavsko hribovje in Dolenjska,510,507722,91,2
2049,Grad Žusem,Posavsko hribovje in Dolenjska,509,205,12,1
2050,Sveti Lenart (Kandrše),Posavsko hribovje in Dolenjska,508,740,24,1
2051,Grad Višnja Gora (Stari grad),Posavsko hribovje in Dolenjska,506,4240,40,1
2052,Magdalenska gora,Posavsko hribovje in Dolenjska,504,356739,79,1
2053,Kapelica pri Mariji pod Srebotnikom,Posavsko hribovje in Dolenjska,500,1510,30,2
2054,Svinjski rt,Posavsko hribovje in Dolenjska,497,828,25,1
2055,Ajdovščina nad Ihanom,Posavsko hribovje in Dolenjska,495,6737,43,1
2056,Tabor Cerovo,Posavsko hribovje in Dolenjska,493,3740,39,3
2057,Sveti Mihael (Križate),Posavsko hribovje in Dolenjska,491,525,21,1
2058,Rudniško jezero,Posavsko hribovje in Dolenjska,490,7142,43,1
2059,Špicberg,Posavsko hribovje in Dolenjska,490,211412,64,2
2060,Gradiški grič,Posavsko hribovje in Dolenjska,485,2700,35,2
2061,Sv. Janez Krstnik (Razbor),Posavsko hribovje in Dolenjska,479,272,14,1
2062,Grad Podsreda,Posavsko hribovje in Dolenjska,475,2170,33,4
2063,Oklo nad Ihanom,Posavsko hribovje in Dolenjska,465,4600,40,4
2064,Sveti Primož in Felicijan nad Semičem,Posavsko hribovje in Dolenjska,465,123490,56,1
2065,Vzletišče Peter (Straška gora),Posavsko hribovje in Dolenjska,464,1770,31,1
2066,Orle,Posavsko hribovje in Dolenjska,458,87477,52,5
2067,Planinski dom na Brnici,Posavsko hribovje in Dolenjska,457,364180,79,4
2068,Lazarjev vrh,Posavsko hribovje in Dolenjska,452,707,24,1
2069,Grad Rifnik (Raicheneck),Posavsko hribovje in Dolenjska,450,457,20,1
2070,Mazovnik (Golovec),Posavsko hribovje in Dolenjska,450,422282,84,5
2071,Sitarjevec,Posavsko hribovje in Dolenjska,448,204097,64,2
2072,Sveti Peter (Selo pri Mirni),Posavsko hribovje in Dolenjska,445,2528,35,2
2073,Murjevka,Posavsko hribovje in Dolenjska,443,678,23,1
2074,Stari grad (Stari Osterberg),Posavsko hribovje in Dolenjska,443,225906,66,4
2075,Cerkev sv. Mihaela na Šmihelu,Posavsko hribovje in Dolenjska,442,914,26,2
2076,Dom LD Dobrnič,Posavsko hribovje in Dolenjska,440,1630,30,3
2077,Črni hrib (Golovec),Posavsko hribovje in Dolenjska,440,274111,71,5
2078,Velika Radenska stena,Posavsko hribovje in Dolenjska,439,1650,31,1
2079,Luknje,Posavsko hribovje in Dolenjska,438,853,25,1
2080,Gašperjeva koča pod Velikim Kozjem,Posavsko hribovje in Dolenjska,436,273007,71,1
2081,Gradišče (nad Slivniškim jezerom),Posavsko hribovje in Dolenjska,433,327,16,2
2082,Dežnikarjeva lipa,Posavsko hribovje in Dolenjska,431,194,12,1
2083,Županova jama,Posavsko hribovje in Dolenjska,430,722,24,2
2084,Peseke,Posavsko hribovje in Dolenjska,428,246,14,1
2085,Mala Radenska stena,Posavsko hribovje in Dolenjska,428,732,24,1
2086,Sveta Marija (Trška Gora),Posavsko hribovje in Dolenjska,428,21170,47,2
2087,Sveti Križ (Liška gora),Posavsko hribovje in Dolenjska,428,127986,56,1
2088,Grad Kunšperk,Posavsko hribovje in Dolenjska,426,749,24,2
2089,Gaj,Posavsko hribovje in Dolenjska,419,234,13,2
2090,Sveta Katarina (Kuretno),Posavsko hribovje in Dolenjska,419,357,17,1
2091,Veliki vrh (Križentaver),Posavsko hribovje in Dolenjska,419,8530,44,2
2092,Lovska koča na Malem Cirniku,Posavsko hribovje in Dolenjska,416,29,1,1
2093,Koča pri čarovnici,Posavsko hribovje in Dolenjska,410,422,19,1
2094,Tinska gora,Posavsko hribovje in Dolenjska,409,175791,61,3
2095,Stari grad na Grajskem hribu,Posavsko hribovje in Dolenjska,407,282696,72,2
2096,Oljska gora,Posavsko hribovje in Dolenjska,401,11180,45,3
2097,Sv. Miklavž na Goropečah,Posavsko hribovje in Dolenjska,401,2030,32,2
2098,Stari grad (Volčji Potok),Posavsko hribovje in Dolenjska,398,3020,36,2
2099,Miklavžev hrib (Miklavški hrib),Posavsko hribovje in Dolenjska,394,178320,61,2
2100,Sv. Janez Krstnik (Vine),Posavsko hribovje in Dolenjska,392,134,9,1
2101,Kamnolom mlinskih kamnov,Posavsko hribovje in Dolenjska,390,1490,30,1
2102,Hribce,Posavsko hribovje in Dolenjska,388,2051,32,1
2103,Stara sveta gora,Posavsko hribovje in Dolenjska,386,1190,28,3
2104,Sveti Vid (Šentviška gora),Posavsko hribovje in Dolenjska,385,3270,37,3
2105,Sv. Kunigunda na Taboru nad Ihanom,Posavsko hribovje in Dolenjska,377,3142,37,2
2106,Miklavžev hrib (Razgledni stolp),Posavsko hribovje in Dolenjska,376,2111,33,2
2107,Sveta Neža (Liboje),Posavsko hribovje in Dolenjska,368,2330,34,1
2108,Grad Kozje (Drachenburg),Posavsko hribovje in Dolenjska,360,910,26,2
2109,Radenski kal,Posavsko hribovje in Dolenjska,360,580,22,1
2110,Grad Podčetrtek,Posavsko hribovje in Dolenjska,355,1620,30,3
2111,Sv. Andrej nad Olimjem,Posavsko hribovje in Dolenjska,351,2555,35,1
2112,Dom Frata,Posavsko hribovje in Dolenjska,345,10100,45,3
2113,Sveta Ema,Posavsko hribovje in Dolenjska,344,104,7,3
2114,Grad Pišece,Posavsko hribovje in Dolenjska,343,53,2,1
2115,Prnek,Posavsko hribovje in Dolenjska,341,59,3,1
2116,Gradišče (pri Grižah),Posavsko hribovje in Dolenjska,341,2460,35,1
2117,Gradiško jezero,Posavsko hribovje in Dolenjska,340,14660,46,1
2118,Sveti Primož (Kremen),Posavsko hribovje in Dolenjska,340,4472,40,1
2119,Lahomniški sopot,Posavsko hribovje in Dolenjska,325,203105,64,1
2120,Cerkev sv. Krištofa na Gramnu,Posavsko hribovje in Dolenjska,324,277,14,1
2121,Sv. Areh (Vonarje),Posavsko hribovje in Dolenjska,322,46,2,1
2122,Sv. Urban (Cmereška Gorca),Posavsko hribovje in Dolenjska,322,152824,59,2
2123,Gruska jama,Posavsko hribovje in Dolenjska,320,923,26,1
2124,Sveta Trojica (Prnek),Posavsko hribovje in Dolenjska,317,55,3,1
2125,Sv. Lovrenc (Kompole),Posavsko hribovje in Dolenjska,315,240667,67,2
2126,Turistična kmetija Žurej,Posavsko hribovje in Dolenjska,313,250,14,1
2127,Pusti Peter,Posavsko hribovje in Dolenjska,311,232498,67,1
2128,Sv. Vid (Vonarje),Posavsko hribovje in Dolenjska,310,43,2,1
2129,Sveti Urban (Gorica pri Slivnici),Posavsko hribovje in Dolenjska,310,337,16,1
2130,Cerkev Lurške Matere Božje (Lurd),Posavsko hribovje in Dolenjska,300,495,20,1
2131,Slivniško jezero,Posavsko hribovje in Dolenjska,295,815,25,1
2132,Herkulovo svetišče na Bregu,Posavsko hribovje in Dolenjska,290,1831,31,1
2133,Stari grad Radeče (Ratschach),Posavsko hribovje in Dolenjska,272,261,14,1
2134,Izvir Krke,Posavsko hribovje in Dolenjska,272,12330,46,2
2135,Stari grad nad Otočcem,Posavsko hribovje in Dolenjska,250,4500,40,1
2136,Levstikov mlin,Posavsko hribovje in Dolenjska,240,64,3,1
2137,Jelovička in Mihova jama,Posavsko hribovje in Dolenjska,240,2460,35,1
2138,Sveti Lovrenc (Podčetrtek),Posavsko hribovje in Dolenjska,228,764,24,1
2139,Ribnik Vonarje,Posavsko hribovje in Dolenjska,205,41,1,1
2140,Bobrov center,Posavsko hribovje in Dolenjska,205,58,3,1
2141,Sotinski breg (Kugla),Prekmurje,418,372365,80,7
2142,Serdiški breg (Rdeči breg),Prekmurje,416,203035,64,8
2143,Križarka (Kamlik),Prekmurje,413,885,26,4
2144,Srebrni breg,Prekmurje,404,2050,32,3
2145,Vukova kapela (Vidonci),Prekmurje,401,452,19,1
2146,Cerkev sv. Ane v Boreči,Prekmurje,395,927,26,5
2147,Kamenek,Prekmurje,392,807,25,2
2148,Tromejnik,Prekmurje,390,274439,71,9
2149,Evharistični križ v Trdkovi,Prekmurje,388,559,21,1
2150,Pepelšček,Prekmurje,386,446,19,2
2151,Kapela Presvetega Srca Jezusovega in Brezmadežnega Srca Marijinega v Martinju,Prekmurje,375,387,18,1
2152,Činčev breg,Prekmurje,375,911,26,2
2153,Bogin breg,Prekmurje,371,467,20,2
2154,Grad Grad na Goričkem,Prekmurje,370,185325,62,3
2155,Zalka,Prekmurje,362,412,18,2
2156,Gorički breg,Prekmurje,362,771,24,1
2157,Sveti Benedikt (Kančevci),Prekmurje,358,119039,55,5
2158,Kapela v Stanjevcih,Prekmurje,357,243,14,1
2159,Sveta Trojica (Gornji Petrovci),Prekmurje,355,428,19,3
2160,Mejni kamen A 115,Prekmurje,353,1000,26,7
2161,Apneni breg,Prekmurje,352,444,19,2
2162,Radovci (gasilski dom),Prekmurje,352,54,2,1
2163,Beli breg,Prekmurje,346,465,20,4
2164,Mejni kamen Marije Terezije (Tromejnik),Prekmurje,343,456,20,6
2165,Marija Snežna (Fikšinci),Prekmurje,332,373,17,2
2166,Kripta,Prekmurje,331,600,22,4
2167,Grajski izvir pri gradu Grad na Goričkem,Prekmurje,330,79,5,1
2168,Piramida (Lendavske gorice),Prekmurje,327,6660,43,4
2169,Griški vrh,Prekmurje,322,452,19,2
2170,Makotrov breg,Prekmurje,319,454,20,2
2171,Kapela v Zgornjih Moravcih,Prekmurje,315,283,15,3
2172,Cerkev sv. Nikolaja (Dolenci),Prekmurje,309,141,10,1
2173,Sveti Martin (Stari breg),Prekmurje,307,354,17,1
2174,Fuks graba,Prekmurje,305,614,23,1
2175,Határkőpark,Prekmurje,305,222,13,4
2176,Kamnolom bazaltnega tufa,Prekmurje,305,126,9,0
2177,Trestenjak,Prekmurje,304,278,15,2
2178,Razgledni stolp Vinarium Lendava,Prekmurje,302,6500,43,4
2179,Črni kamen,Prekmurje,300,49,2,1
2180,Slatinski vrelec Ocinje,Prekmurje,299,41,2,1
2181,Sveta Helena (Pertoča),Prekmurje,298,336,16,1
2182,Planinska koča Rak,Prekmurje,290,2490,35,6
2183,Gomba,Prekmurje,290,269,14,2
2184,Evangeličanska cerkev (Bodonci),Prekmurje,287,181,11,2
2185,Budinci,Prekmurje,285,443,19,2
2186,Ograd,Prekmurje,282,336,16,1
2187,Izvir slatine (pod Činčevim bregom),Prekmurje,280,918,26,1
2188,Vidrin center Aqualutra,Prekmurje,275,316,16,1
2189,Jezero Križevci,Prekmurje,272,660,23,1
2190,Sveta Trojica v Lendavskih goricah,Prekmurje,266,2180,33,2
2191,Kačova mlaka,Prekmurje,265,433,19,2
2192,Močvara (Lončarovci),Prekmurje,257,854,25,2
2193,Voglerjeva koča,Prekmurje,257,91,5,4
2194,Rotunda sv. Nikolaja (Selo),Prekmurje,251,364823,79,4
2195,Vršič nad Bogojino,Prekmurje,246,128234,56,1
2196,Hodoško jezero,Prekmurje,243,1030,27,2
2197,Slatinski vrelec Nuskova,Prekmurje,239,851,25,3
2198,Ledavsko jezero,Prekmurje,218,627,23,2
2199,Lendavski grad (Dolnjelendavski grad),Prekmurje,205,2510,35,1
2200,Sveti Vid (pri Bukovniškem jezeru),Prekmurje,205,407,18,2
2201,Cerkev Marijinega rojstva (Tišina),Prekmurje,204,60,3,1
2202,Močvirje Zaton,Prekmurje,201,128,9,1
2203,Gramoznica pri nasipu Petanjci,Prekmurje,200,128,9,2
2204,Vrt spominov in tovarištva na Petanjcih,Prekmurje,200,73,4,1
2205,Plečnikova cerkev (Bogojina),Prekmurje,198,433,19,2
2206,Gramoznica Kobilje,Prekmurje,195,57,3,2
2207,Gramoznica Kupšinci,Prekmurje,194,61,3,1
2208,Grad Murska Sobota,Prekmurje,192,207,12,2
2209,Bukovniško jezero,Prekmurje,189,254208,69,6
2210,Soboško jezero,Prekmurje,188,3890,39,1
2211,Ribnik Taškal,Prekmurje,183,326,16,1
2212,Gramoznica Dokležovje,Prekmurje,182,502,20,1
2213,Gramoznica Vučja jama,Prekmurje,179,546,21,3
2214,Otok ljubezni,Prekmurje,179,1040,27,4
2215,Gramoznica Ivanci,Prekmurje,177,535,21,4
2216,Altemaver (Ratitovec),"Škofjeloško, Cerkljansko hribovje in Jelovica",1678,996407,99,14
2217,Gladki vrh (Ratitovec),"Škofjeloško, Cerkljansko hribovje in Jelovica",1667,512295,92,15
2218,Kremant (Ratitovec),"Škofjeloško, Cerkljansko hribovje in Jelovica",1654,307754,74,5
2219,Kosmati vrh (Ratitovec),"Škofjeloško, Cerkljansko hribovje in Jelovica",1643,367788,80,9
2220,Krekova koča na Ratitovcu,"Škofjeloško, Cerkljansko hribovje in Jelovica",1642,919563,99,21
2221,Porezen,"Škofjeloško, Cerkljansko hribovje in Jelovica",1630,902296,99,21
2222,Dom na Poreznu,"Škofjeloško, Cerkljansko hribovje in Jelovica",1590,550610,93,20
2223,Blegoš,"Škofjeloško, Cerkljansko hribovje in Jelovica",1562,1058256,100,13
2224,Kačji rob (Ovharn),"Škofjeloško, Cerkljansko hribovje in Jelovica",1552,351558,78,3
2225,Žbajnek,"Škofjeloško, Cerkljansko hribovje in Jelovica",1538,303490,73,2
2226,Hoč,"Škofjeloško, Cerkljansko hribovje in Jelovica",1514,8997,45,2
2227,Planina Klom,"Škofjeloško, Cerkljansko hribovje in Jelovica",1500,312371,75,3
2228,Črni vrh (nad Soriško planino),"Škofjeloško, Cerkljansko hribovje in Jelovica",1486,17380,47,2
2229,Planina Pečana,"Škofjeloško, Cerkljansko hribovje in Jelovica",1472,364639,79,5
2230,Medrce,"Škofjeloško, Cerkljansko hribovje in Jelovica",1410,232946,67,6
2231,Koprivnik,"Škofjeloško, Cerkljansko hribovje in Jelovica",1393,439878,86,7
2232,Koča na Blegošu,"Škofjeloško, Cerkljansko hribovje in Jelovica",1391,556065,94,8
2233,Mladi vrh,"Škofjeloško, Cerkljansko hribovje in Jelovica",1374,350680,78,6
2234,Kopa (Cimprovka),"Škofjeloško, Cerkljansko hribovje in Jelovica",1360,245730,68,3
2235,Lipniška planina,"Škofjeloško, Cerkljansko hribovje in Jelovica",1330,7298,44,1
2236,Tonderškofel,"Škofjeloško, Cerkljansko hribovje in Jelovica",1326,7840,44,3
2237,Erbelc,"Škofjeloško, Cerkljansko hribovje in Jelovica",1308,6820,43,4
2238,Otavnik,"Škofjeloško, Cerkljansko hribovje in Jelovica",1306,5970,42,2
2239,Kojca,"Škofjeloško, Cerkljansko hribovje in Jelovica",1303,465247,88,10
2240,Črni vrh nad Novaki,"Škofjeloško, Cerkljansko hribovje in Jelovica",1291,355948,78,2
2241,Planina Otavnik,"Škofjeloško, Cerkljansko hribovje in Jelovica",1268,4440,40,2
2242,Koča na Črnem vrhu nad Novaki,"Škofjeloško, Cerkljansko hribovje in Jelovica",1245,341199,77,1
2243,Gozdarske koče Martinček,"Škofjeloško, Cerkljansko hribovje in Jelovica",1240,5619,42,2
2244,Britmanca,"Škofjeloško, Cerkljansko hribovje in Jelovica",1231,1190,28,3
2245,Stari vrh,"Škofjeloško, Cerkljansko hribovje in Jelovica",1217,472153,89,3
2246,Zavetišče gorske straže na Jelencih,"Škofjeloško, Cerkljansko hribovje in Jelovica",1185,369967,80,3
2247,Planina Kališnik,"Škofjeloško, Cerkljansko hribovje in Jelovica",1180,4430,40,2
2248,Bela peč (Podbliška gora),"Škofjeloško, Cerkljansko hribovje in Jelovica",1158,21480,47,12
2249,Hudournik,"Škofjeloško, Cerkljansko hribovje in Jelovica",1148,282359,71,3
2250,Počitniški dom Goričane,"Škofjeloško, Cerkljansko hribovje in Jelovica",1145,198516,63,1
2251,Dražgoška gora,"Škofjeloško, Cerkljansko hribovje in Jelovica",1140,13000,46,2
2252,Selska planina,"Škofjeloško, Cerkljansko hribovje in Jelovica",1140,200862,63,1
2253,Babji zob,"Škofjeloško, Cerkljansko hribovje in Jelovica",1128,592477,95,5
2254,Planina Tamar,"Škofjeloško, Cerkljansko hribovje in Jelovica",1124,405001,83,2
2255,Ribčeva planina,"Škofjeloško, Cerkljansko hribovje in Jelovica",1115,176789,61,2
2256,Partizanski dom na Vodiški planini,"Škofjeloško, Cerkljansko hribovje in Jelovica",1108,567023,94,15
2257,Jelenk,"Škofjeloško, Cerkljansko hribovje in Jelovica",1107,423944,85,3
2258,Partizanska tehnika Meta,"Škofjeloško, Cerkljansko hribovje in Jelovica",1100,3400,38,4
2259,Oblakova planina,"Škofjeloško, Cerkljansko hribovje in Jelovica",1100,182988,62,2
2260,Lovska koča LD Otavnik,"Škofjeloško, Cerkljansko hribovje in Jelovica",1090,2251,33,2
2261,Danejeva planina,"Škofjeloško, Cerkljansko hribovje in Jelovica",1090,306855,74,2
2262,Gozdarska koča Rovtarica,"Škofjeloško, Cerkljansko hribovje in Jelovica",1089,316351,75,1
2263,Vrhovec,"Škofjeloško, Cerkljansko hribovje in Jelovica",1079,270965,70,2
2264,Vojsko,"Škofjeloško, Cerkljansko hribovje in Jelovica",1077,410238,84,6
2265,Malenski vrh,"Škofjeloško, Cerkljansko hribovje in Jelovica",1051,8160,44,4
2266,Bevkov vrh,"Škofjeloško, Cerkljansko hribovje in Jelovica",1051,532088,93,8
2267,Lovska koča na Toli,"Škofjeloško, Cerkljansko hribovje in Jelovica",1040,189877,62,2
2268,Žagarjev hlev v Grobljah,"Škofjeloško, Cerkljansko hribovje in Jelovica",1035,142389,58,1
2269,Koča na Starem vrhu,"Škofjeloško, Cerkljansko hribovje in Jelovica",1032,427865,85,2
2270,Ermanovec,"Škofjeloško, Cerkljansko hribovje in Jelovica",1026,524059,92,11
2271,Lubnik,"Škofjeloško, Cerkljansko hribovje in Jelovica",1025,834140,99,10
2272,Planina Prihod,"Škofjeloško, Cerkljansko hribovje in Jelovica",1017,3526,38,3
2273,Bičkova skala,"Škofjeloško, Cerkljansko hribovje in Jelovica",1012,9750,45,1
2274,Prtovč,"Škofjeloško, Cerkljansko hribovje in Jelovica",1011,323183,76,4
2275,Sivka,"Škofjeloško, Cerkljansko hribovje in Jelovica",1008,505557,91,8
2276,Štor,"Škofjeloško, Cerkljansko hribovje in Jelovica",1005,167813,60,12
2277,Razpok,"Škofjeloško, Cerkljansko hribovje in Jelovica",1002,2610,35,5
2278,Davški slapovi,"Škofjeloško, Cerkljansko hribovje in Jelovica",1000,15030,46,1
2279,Gradišče (nad Spodnjo Idrijo),"Škofjeloško, Cerkljansko hribovje in Jelovica",998,194531,63,5
2280,Loncmanova Sivka (Mrzli Vrh),"Škofjeloško, Cerkljansko hribovje in Jelovica",987,298210,73,7
2281,Cerkev Marijinega vnebovzetja (Gora),"Škofjeloško, Cerkljansko hribovje in Jelovica",987,235966,67,4
2282,Črvov vrh,"Škofjeloško, Cerkljansko hribovje in Jelovica",974,8223,44,8
2283,Škofje,"Škofjeloško, Cerkljansko hribovje in Jelovica",973,198915,63,9
2284,Planinska koča Mrzl'k,"Škofjeloško, Cerkljansko hribovje in Jelovica",971,18770,47,7
2285,Koča na Ermanovcu,"Škofjeloško, Cerkljansko hribovje in Jelovica",968,461460,88,12
2286,Ribenska planina,"Škofjeloško, Cerkljansko hribovje in Jelovica",965,3780,39,2
2287,Ažmanov rovt,"Škofjeloško, Cerkljansko hribovje in Jelovica",960,1870,32,5
2288,Vrhovski grič,"Škofjeloško, Cerkljansko hribovje in Jelovica",958,1170,28,4
2289,Miklavška gora,"Škofjeloško, Cerkljansko hribovje in Jelovica",955,262523,70,2
2290,Suharna,"Škofjeloško, Cerkljansko hribovje in Jelovica",952,4100,39,1
2291,Sveti Mohor (Zabrekve),"Škofjeloško, Cerkljansko hribovje in Jelovica",952,459712,88,8
2292,Krog (Ledinski grič),"Škofjeloško, Cerkljansko hribovje in Jelovica",940,1650,31,6
2293,Planinski dom Goška ravan,"Škofjeloško, Cerkljansko hribovje in Jelovica",933,359228,79,6
2294,Kucelj (nad Kopačnico),"Škofjeloško, Cerkljansko hribovje in Jelovica",920,1780,31,2
2295,Sveti Brikcij (Četena Ravan),"Škofjeloško, Cerkljansko hribovje in Jelovica",920,2450,34,1
2296,Bukovski vrh,"Škofjeloško, Cerkljansko hribovje in Jelovica",918,2510,35,4
2297,Špik (Vranškov grič),"Škofjeloško, Cerkljansko hribovje in Jelovica",908,1550,30,3
2298,Hleviška planina,"Škofjeloško, Cerkljansko hribovje in Jelovica",908,478398,89,5
2299,Bitenjska planina,"Škofjeloško, Cerkljansko hribovje in Jelovica",901,159202,59,2
2300,Planina Vršana,"Škofjeloško, Cerkljansko hribovje in Jelovica",900,2930,36,1
2301,Sleme (Površnica),"Škofjeloško, Cerkljansko hribovje in Jelovica",883,2624,35,4
2302,Tolsti vrh (Talež),"Škofjeloško, Cerkljansko hribovje in Jelovica",883,418987,84,2
2303,Veliki vrh (Lajše),"Škofjeloško, Cerkljansko hribovje in Jelovica",881,148956,58,5
2304,Sveti Marko (Spodnje Danje),"Škofjeloško, Cerkljansko hribovje in Jelovica",878,2350,34,1
2305,Sveti Križ nad Selcami,"Škofjeloško, Cerkljansko hribovje in Jelovica",860,3800,39,4
2306,Sveta Jedert (Lajše),"Škofjeloško, Cerkljansko hribovje in Jelovica",850,2851,36,2
2307,Sveti Jošt nad Kranjem,"Škofjeloško, Cerkljansko hribovje in Jelovica",845,836269,99,12
2308,Špičasti hrib,"Škofjeloško, Cerkljansko hribovje in Jelovica",837,310475,74,4
2309,Sveti Primož in Felicijan (Jamnik),"Škofjeloško, Cerkljansko hribovje in Jelovica",831,475140,89,10
2310,Sveti Primož in Felicijan na Gabrški gori,"Škofjeloško, Cerkljansko hribovje in Jelovica",830,6900,43,1
2311,Gradišče pod Babjim zobom,"Škofjeloško, Cerkljansko hribovje in Jelovica",824,2090,33,1
2312,Sveti nadangel Gabrijel (Planica),"Škofjeloško, Cerkljansko hribovje in Jelovica",824,406724,83,10
2313,Koča na Hleviški planini,"Škofjeloško, Cerkljansko hribovje in Jelovica",815,454310,87,5
2314,Cerkovni vrh,"Škofjeloško, Cerkljansko hribovje in Jelovica",804,168251,60,2
2315,Leskovica,"Škofjeloško, Cerkljansko hribovje in Jelovica",800,162447,60,1
2316,Vrh Slajke,"Škofjeloško, Cerkljansko hribovje in Jelovica",790,2170,33,3
2317,Dom na Slajki,"Škofjeloško, Cerkljansko hribovje in Jelovica",789,386220,81,4
2318,Lepo brdo,"Škofjeloško, Cerkljansko hribovje in Jelovica",778,974,26,1
2319,Zagrebenc,"Škofjeloško, Cerkljansko hribovje in Jelovica",763,140002,57,1
2320,Sveti Tomaž (Vrsnik nad Žirmi),"Škofjeloško, Cerkljansko hribovje in Jelovica",744,5470,42,2
2321,Vrh soteske (Križna gora),"Škofjeloško, Cerkljansko hribovje in Jelovica",735,4140,39,2
2322,Sveti Pavel (Stara Oselica),"Škofjeloško, Cerkljansko hribovje in Jelovica",728,1320,29,1
2323,Lovska koča na Taležu,"Škofjeloško, Cerkljansko hribovje in Jelovica",725,470165,88,3
2324,Rovnik,"Škofjeloško, Cerkljansko hribovje in Jelovica",707,156533,59,2
2325,Hujska,"Škofjeloško, Cerkljansko hribovje in Jelovica",706,3240,37,2
2326,Rodne,"Škofjeloško, Cerkljansko hribovje in Jelovica",698,161006,59,1
2327,Sveti Križ (Križna Gora),"Škofjeloško, Cerkljansko hribovje in Jelovica",680,534931,93,12
2328,Sveti Tomaž nad Praprotnim,"Škofjeloško, Cerkljansko hribovje in Jelovica",666,297365,73,1
2329,Sveti Duh (Labinje),"Škofjeloško, Cerkljansko hribovje in Jelovica",665,1060,27,2
2330,Jagršče,"Škofjeloško, Cerkljansko hribovje in Jelovica",663,149066,58,1
2331,Zaganjalka,"Škofjeloško, Cerkljansko hribovje in Jelovica",661,1810,31,1
2332,Izvir Volaščice,"Škofjeloško, Cerkljansko hribovje in Jelovica",650,158775,59,1
2333,Šmarjetna gora,"Škofjeloško, Cerkljansko hribovje in Jelovica",646,565305,94,6
2334,Sveti Štefan (Kupljenik),"Škofjeloško, Cerkljansko hribovje in Jelovica",642,2810,36,1
2335,Šebrelje,"Škofjeloško, Cerkljansko hribovje in Jelovica",639,247423,68,1
2336,Bolnica Franja,"Škofjeloško, Cerkljansko hribovje in Jelovica",601,475331,89,1
2337,Lipniški grad (Pusti grad nad Lipnico),"Škofjeloško, Cerkljansko hribovje in Jelovica",590,9160,45,9
2338,Sveti Lovrenc na Lovrenški gori,"Škofjeloško, Cerkljansko hribovje in Jelovica",580,228130,66,1
2339,Sveti Jošt v Trebenčah,"Škofjeloško, Cerkljansko hribovje in Jelovica",573,147401,58,1
2340,Sveti Ivan nad Divjimi babami,"Škofjeloško, Cerkljansko hribovje in Jelovica",573,143340,58,1
2341,Cerkev Loretske Matere Božje v Suši,"Škofjeloško, Cerkljansko hribovje in Jelovica",560,142481,58,1
2342,Kapelica Na Koren,"Škofjeloško, Cerkljansko hribovje in Jelovica",550,4086,39,1
2343,Cerkev Marijinega rojstva v Policah,"Škofjeloško, Cerkljansko hribovje in Jelovica",526,854,25,3
2344,Ojstra peč,"Škofjeloško, Cerkljansko hribovje in Jelovica",516,4380,40,10
2345,Sveti Lambert (Lancovo),"Škofjeloško, Cerkljansko hribovje in Jelovica",515,988,26,1
2346,Cerkev Sv. Križa na Brezju nad Srednjo vasjo,"Škofjeloško, Cerkljansko hribovje in Jelovica",511,910,26,3
2347,Slap Grmečica,"Škofjeloško, Cerkljansko hribovje in Jelovica",510,379093,81,4
2348,Zjavka,"Škofjeloško, Cerkljansko hribovje in Jelovica",505,2334,34,6
2349,Sveta Ana (Ledinica),"Škofjeloško, Cerkljansko hribovje in Jelovica",503,1560,30,1
2350,Grad Divja Loka (Stari grad),"Škofjeloško, Cerkljansko hribovje in Jelovica",502,238528,67,2
2351,Stovc (Stolec),"Škofjeloško, Cerkljansko hribovje in Jelovica",474,3220,37,4
2352,Krancelj,"Škofjeloško, Cerkljansko hribovje in Jelovica",453,206467,64,1
2353,Sveti Pavel (Straža),"Škofjeloško, Cerkljansko hribovje in Jelovica",451,995,26,1
2354,Divje babe,"Škofjeloško, Cerkljansko hribovje in Jelovica",450,288529,72,1
2355,Kamnitnik (nad Škofjo Loko),"Škofjeloško, Cerkljansko hribovje in Jelovica",426,3420,38,2
2356,Slap Šum,"Škofjeloško, Cerkljansko hribovje in Jelovica",425,304589,74,1
2357,Srednji Kamnitnik,"Škofjeloško, Cerkljansko hribovje in Jelovica",421,408,18,0
2358,Mali Kamnitnik,"Škofjeloško, Cerkljansko hribovje in Jelovica",416,567,21,0
2359,Medvedja luknja,"Škofjeloško, Cerkljansko hribovje in Jelovica",390,1050,27,0
2360,Slap v Sopotih (Pršjak),"Škofjeloško, Cerkljansko hribovje in Jelovica",360,226343,66,1
2361,Košenjak,"Strojna, Košenjak, Kozjak in Slovenske gorice",1522,574907,94,16
2362,Bivak Piramida,"Strojna, Košenjak, Kozjak in Slovenske gorice",1395,5500,42,7
2363,Kozji vrh (pri Košenjaku),"Strojna, Košenjak, Kozjak in Slovenske gorice",1383,4530,40,4
2364,Sveti Urban (nad Kozjim Vrhom),"Strojna, Košenjak, Kozjak in Slovenske gorice",1329,304286,74,5
2365,Dom na Košenjaku,"Strojna, Košenjak, Kozjak in Slovenske gorice",1169,329057,76,2
2366,Arlov bor,"Strojna, Košenjak, Kozjak in Slovenske gorice",1075,395,18,3
2367,Šteknetov vrh,"Strojna, Košenjak, Kozjak in Slovenske gorice",1061,2310,34,1
2368,Sv. Simon in Juda Tadej (Pernice),"Strojna, Košenjak, Kozjak in Slovenske gorice",1059,3400,38,3
2369,Pokeržnikov vrh,"Strojna, Košenjak, Kozjak in Slovenske gorice",1055,3735,39,3
2370,Kapunar,"Strojna, Košenjak, Kozjak in Slovenske gorice",1051,325707,76,11
2371,Sveti Jernej nad Muto,"Strojna, Košenjak, Kozjak in Slovenske gorice",1038,4912,41,6
2372,Šteharski vrh (Šteharnikov vrh),"Strojna, Košenjak, Kozjak in Slovenske gorice",1018,10390,45,5
2373,Bricnik,"Strojna, Košenjak, Kozjak in Slovenske gorice",1017,5640,42,8
2374,Sveti Urh (Strojna),"Strojna, Košenjak, Kozjak in Slovenske gorice",998,2870,36,2
2375,Sveti Janez Krstnik na Ojstrici,"Strojna, Košenjak, Kozjak in Slovenske gorice",982,197028,63,1
2376,Napečnikov vrh,"Strojna, Košenjak, Kozjak in Slovenske gorice",969,108,7,1
2377,Sršenov vrh,"Strojna, Košenjak, Kozjak in Slovenske gorice",963,2260,34,4
2378,Kranjčeva pečina,"Strojna, Košenjak, Kozjak in Slovenske gorice",960,356,17,2
2379,Možičev vrh,"Strojna, Košenjak, Kozjak in Slovenske gorice",926,1160,28,4
2380,Sveti Urban (Radelca),"Strojna, Košenjak, Kozjak in Slovenske gorice",920,2000,32,6
2381,Žavcarjev vrh,"Strojna, Košenjak, Kozjak in Slovenske gorice",915,527194,92,5
2382,Sveti Duh na Ostrem Vrhu,"Strojna, Košenjak, Kozjak in Slovenske gorice",904,362479,79,6
2383,Sveti Pankracij (Radelca),"Strojna, Košenjak, Kozjak in Slovenske gorice",900,3370,37,9
2384,Koča na Žavcarjevem vrhu,"Strojna, Košenjak, Kozjak in Slovenske gorice",863,364298,79,4
2385,Grilov vrh,"Strojna, Košenjak, Kozjak in Slovenske gorice",835,2080,32,2
2386,Janžev vrh,"Strojna, Košenjak, Kozjak in Slovenske gorice",821,395,18,2
2387,Sveti Trije Kralji (nad Radljami ob Dravi),"Strojna, Košenjak, Kozjak in Slovenske gorice",820,3834,39,3
2388,Sveti Primož nad Muto,"Strojna, Košenjak, Kozjak in Slovenske gorice",806,3390,37,5
2389,Zavetišče Onuk - Glavar,"Strojna, Košenjak, Kozjak in Slovenske gorice",790,829,25,3
2390,Sveta Katarina (Zgornja Kapla),"Strojna, Košenjak, Kozjak in Slovenske gorice",777,708,24,3
2391,Tolsti vrh (na Kozjaku),"Strojna, Košenjak, Kozjak in Slovenske gorice",756,518,21,4
2392,Brinjeva gora (nad Prevaljami),"Strojna, Košenjak, Kozjak in Slovenske gorice",723,13650,46,3
2393,Tojzlov vrh,"Strojna, Košenjak, Kozjak in Slovenske gorice",703,376860,81,6
2394,Planinski dom Kozjak,"Strojna, Košenjak, Kozjak in Slovenske gorice",690,296953,73,5
2395,Sveti Jurij (Remšnik),"Strojna, Košenjak, Kozjak in Slovenske gorice",685,977,26,4
2396,Odomovo jezero,"Strojna, Košenjak, Kozjak in Slovenske gorice",661,1300,29,1
2397,Lovska koča Radlje ob Dravi,"Strojna, Košenjak, Kozjak in Slovenske gorice",622,5390,42,1
2398,Turška peč,"Strojna, Košenjak, Kozjak in Slovenske gorice",612,521,21,2
2399,Petnikov vrh,"Strojna, Košenjak, Kozjak in Slovenske gorice",603,215515,65,1
2400,Sv. Urban nad Mariborom,"Strojna, Košenjak, Kozjak in Slovenske gorice",595,316019,75,7
2401,Stari grad nad Radljami ob Dravi (Mahrenberg),"Strojna, Košenjak, Kozjak in Slovenske gorice",576,2610,35,1
2402,Sv. Križ (Gaj nad Mariborom),"Strojna, Košenjak, Kozjak in Slovenske gorice",575,282032,71,3
2403,Sv. Janez Nepomuk (Šent Janž pri Radljah),"Strojna, Košenjak, Kozjak in Slovenske gorice",550,203,12,2
2404,Sveti Križ pri Dravogradu,"Strojna, Košenjak, Kozjak in Slovenske gorice",528,2200,33,1
2405,Plački vrh,"Strojna, Košenjak, Kozjak in Slovenske gorice",510,256281,69,3
2406,Župank,"Strojna, Košenjak, Kozjak in Slovenske gorice",508,1380,29,1
2407,Sedelnikov slap,"Strojna, Košenjak, Kozjak in Slovenske gorice",500,4421,40,1
2408,Grmada (pri Vurberku),"Strojna, Košenjak, Kozjak in Slovenske gorice",460,759,24,2
2409,Grmada (pri Vurberku) - jugovzhodni vrh,"Strojna, Košenjak, Kozjak in Slovenske gorice",457,515,21,2
2410,Turistična kmetija Dreisiebner (Srce med vinogradi),"Strojna, Košenjak, Kozjak in Slovenske gorice",450,477,20,3
2411,Grad Vurberk,"Strojna, Košenjak, Kozjak in Slovenske gorice",427,1060,27,3
2412,Samotni bor,"Strojna, Košenjak, Kozjak in Slovenske gorice",426,152407,59,1
2413,Čajžič,"Strojna, Košenjak, Kozjak in Slovenske gorice",421,315,16,2
2414,Vavtošek,"Strojna, Košenjak, Kozjak in Slovenske gorice",418,70,4,1
2415,Marija Snežna (Zgornja Velka),"Strojna, Košenjak, Kozjak in Slovenske gorice",407,222,13,1
2416,Sv. Janez Krstnik (Janževa Gora),"Strojna, Košenjak, Kozjak in Slovenske gorice",404,265,14,2
2417,Izvir Rebra,"Strojna, Košenjak, Kozjak in Slovenske gorice",390,68,3,1
2418,Kalvarija (cerkev svete Barbare),"Strojna, Košenjak, Kozjak in Slovenske gorice",375,4170,39,1
2419,Zavrh v Slovenskih goricah,"Strojna, Košenjak, Kozjak in Slovenske gorice",370,380233,81,5
2420,Kapela sv. Rozalije na Samotnem boru,"Strojna, Košenjak, Kozjak in Slovenske gorice",370,713,24,1
2421,Sveta Ana v Slovenskih goricah,"Strojna, Košenjak, Kozjak in Slovenske gorice",358,877,26,2
2422,Beli vrh,"Strojna, Košenjak, Kozjak in Slovenske gorice",355,378,17,1
2423,Gomila,"Strojna, Košenjak, Kozjak in Slovenske gorice",352,4420,40,9
2424,Gorca,"Strojna, Košenjak, Kozjak in Slovenske gorice",347,163448,60,1
2425,Gradišče Novine,"Strojna, Košenjak, Kozjak in Slovenske gorice",346,266,14,3
2426,Cerkvenjak,"Strojna, Košenjak, Kozjak in Slovenske gorice",341,549,21,2
2427,Jeruzalem,"Strojna, Košenjak, Kozjak in Slovenske gorice",338,343363,77,11
2428,Puhov muzej (Sakušak),"Strojna, Košenjak, Kozjak in Slovenske gorice",334,218,13,1
2429,Kogel (Litmerk),"Strojna, Košenjak, Kozjak in Slovenske gorice",330,233,13,2
2430,Kostanj,"Strojna, Košenjak, Kozjak in Slovenske gorice",325,257,14,2
2431,Zeleno okno,"Strojna, Košenjak, Kozjak in Slovenske gorice",325,332,16,3
2432,Kog,"Strojna, Košenjak, Kozjak in Slovenske gorice",316,388,18,2
2433,Razgledna točka Kapela,"Strojna, Košenjak, Kozjak in Slovenske gorice",312,1290,29,3
2434,Kapela sv. Družine (Runeč),"Strojna, Košenjak, Kozjak in Slovenske gorice",311,172,11,2
2435,Piramida (nad Gornjo Radgono),"Strojna, Košenjak, Kozjak in Slovenske gorice",310,1670,31,2
2436,Svetinje,"Strojna, Košenjak, Kozjak in Slovenske gorice",310,584,22,1
2437,Ostragova,"Strojna, Košenjak, Kozjak in Slovenske gorice",309,387,18,1
2438,Norički vrh,"Strojna, Košenjak, Kozjak in Slovenske gorice",303,811,25,1
2439,Hum pri Ormožu,"Strojna, Košenjak, Kozjak in Slovenske gorice",300,496,20,1
2440,Turistično izletniška kmetija Sirk,"Strojna, Košenjak, Kozjak in Slovenske gorice",298,147,10,2
2441,Sveti Trije Kralji v Slovenskih goricah,"Strojna, Košenjak, Kozjak in Slovenske gorice",296,502,20,2
2442,Sveti Andraž (Vitomarci),"Strojna, Košenjak, Kozjak in Slovenske gorice",296,360,17,2
2443,Rojstna hiša Stanka Vraza,"Strojna, Košenjak, Kozjak in Slovenske gorice",293,462,20,2
2444,Sveta Trojica v Slovenskih goricah,"Strojna, Košenjak, Kozjak in Slovenske gorice",291,1630,30,2
2445,Grad Cmurek,"Strojna, Košenjak, Kozjak in Slovenske gorice",290,241,13,2
2446,Grad Negova,"Strojna, Košenjak, Kozjak in Slovenske gorice",289,1400,29,3
2447,Sveti Rupert (Spodnja Voličina),"Strojna, Košenjak, Kozjak in Slovenske gorice",286,48,2,2
2448,Koča v naši grabi,"Strojna, Košenjak, Kozjak in Slovenske gorice",283,351,17,1
2449,Sveta Trojica (Mala Nedelja),"Strojna, Košenjak, Kozjak in Slovenske gorice",280,401,18,1
2450,Črni križ pri Hrastovcu,"Strojna, Košenjak, Kozjak in Slovenske gorice",280,158,10,2
2451,Skrivališče konjev,"Strojna, Košenjak, Kozjak in Slovenske gorice",278,234,13,1
2452,Radgonski grad,"Strojna, Košenjak, Kozjak in Slovenske gorice",267,452,19,3
2453,Sveti Duh (Stara Gora),"Strojna, Košenjak, Kozjak in Slovenske gorice",262,604,22,2
2454,Turistična kmetija Amur,"Strojna, Košenjak, Kozjak in Slovenske gorice",260,1660,31,2
2455,Rimsko gomilno grobišče v Anželovem gozdu,"Strojna, Košenjak, Kozjak in Slovenske gorice",260,373,17,1
2456,Lovska koča LD Negova (Zeleni gaj),"Strojna, Košenjak, Kozjak in Slovenske gorice",256,276,14,1
2457,Kapela sv. Marije (Radehova),"Strojna, Košenjak, Kozjak in Slovenske gorice",251,189,12,1
2458,Perniško jezero,"Strojna, Košenjak, Kozjak in Slovenske gorice",246,203,12,1
2459,Jezero Komarnik,"Strojna, Košenjak, Kozjak in Slovenske gorice",236,421,19,4
2460,Trojiško jezero (Gradiško jezero),"Strojna, Košenjak, Kozjak in Slovenske gorice",234,2430,34,1
2461,Jezero Radehova,"Strojna, Košenjak, Kozjak in Slovenske gorice",233,454,19,1
2462,Sveti Miklavž (Miklavž pri Ormožu),"Strojna, Košenjak, Kozjak in Slovenske gorice",232,316,16,1
2463,Ribnik Gosijak,"Strojna, Košenjak, Kozjak in Slovenske gorice",225,321,16,1
2464,Grad Branek (Mallegg),"Strojna, Košenjak, Kozjak in Slovenske gorice",225,121,8,1
2465,Blaguško jezero,"Strojna, Košenjak, Kozjak in Slovenske gorice",220,1850,31,2
2466,Ptujsko jezero,"Strojna, Košenjak, Kozjak in Slovenske gorice",218,420,18,1
2467,Lovsko zavetišče LD Mala Nedelja,"Strojna, Košenjak, Kozjak in Slovenske gorice",215,155,10,1
2468,Lisjakova struga,"Strojna, Košenjak, Kozjak in Slovenske gorice",206,442,19,1
2469,Ormoške lagune,"Strojna, Košenjak, Kozjak in Slovenske gorice",188,313,15,2
2470,Gajševsko jezero,"Strojna, Košenjak, Kozjak in Slovenske gorice",186,156,10,1
2471,Ormoško jezero,"Strojna, Košenjak, Kozjak in Slovenske gorice",186,308,15,1
2472,Babičev mlin na Muri,"Strojna, Košenjak, Kozjak in Slovenske gorice",182,1843,31,2
2473,Gramoznica Krapje,"Strojna, Košenjak, Kozjak in Slovenske gorice",180,61,3,1
2474,Brod na Muri (Melinci),"Strojna, Košenjak, Kozjak in Slovenske gorice",175,196876,63,1
2475,Razkriški kot (sotočje Mure in Ščavnice),"Strojna, Košenjak, Kozjak in Slovenske gorice",169,585,22,2
