gora_id,ime,cas,zahtevnost
1,Sviščaki - Veliki Snežnik,130,lahka označena pot
1,Kapetanova bajta - Veliki Snežnik,55,lahka označena pot
1,Leskova dolina - Veliki Snežnik,195,lahka označena pot
1,Snežniška Grda jama - Veliki Snežnik (čez Mali Snežnik),85,lahka označena pot
1,Gašperjev hrib - Veliki Snežnik,90,lahka označena pot
1,Sviščaki - Veliki Snežnik (čez Mali Snežnik),135,lahka označena pot
1,Sežanje - Veliki Snežnik,100,lahka označena pot
1,Sviščaki - Veliki Snežnik (po cesti),120,lahka označena pot
1,Grda draga - Veliki Snežnik (čez Mali Snežnik),115,lahka označena pot
1,Mašun - Veliki Snežnik,240,lahka označena pot
2,Snežniška Grda jama - Mali Snežnik,60,lahka označena pot
2,Sviščaki - Mali Snežnik,110,lahka označena pot
2,Grda draga - Mali Snežnik,90,lahka označena pot
2,Mašun - Mali Snežnik,215,lahka označena pot
3,Koča Edmunda Čibeja v Tihi dolini - Mali Golak,120,lahka označena pot
3,Mala Lazna - Mali Golak,85,lahka označena pot
3,Preval Strgarija - Mali Golak,45,lahka označena pot
3,Kozarnice - Mali Golak,65,lahka označena pot
3,Škrbina - Mali Golak,120,lahka označena pot
3,Predmeja (Gorjanka) - Mali Golak,145,lahka označena pot
3,Bevški vrh - Mali Golak,95,lahka označena pot
4,Kozarnice - Srednji Golak (čez Mali Golak),110,lahka označena pot
4,Škrbina - Srednji Golak,75,lahka označena pot
5,Anina koča - Smrekov vrh (Na smrekov vrh),120,zelo zahtevna neoznačena steza
6,Turški klanec - Mrzovec,90,lahka označena pot
6,Mala Lazna - Mrzovec (po cesti),150,lahka neoznačena steza
6,Nemci - Mrzovec,160,lahka neoznačena steza
7,Polomova rajda - Veliki Modrasovec (mimo Koče na Čavnu),85,lahka označena pot
7,Predmeja - Veliki Modrasovec,100,lahka označena pot
7,Lokavec - Veliki Modrasovec,175,lahka označena pot
7,Predmeja (tuneli) - Veliki Modrasovec,115,lahka označena pot
7,Kamnje - Veliki Modrasovec,175,lahka označena pot
7,Vrtovin - Veliki Modrasovec,195,lahka označena pot
7,Stomaž - Veliki Modrasovec,160,lahka označena pot
7,Bevški vrh - Veliki Modrasovec,100,lahka označena pot
9,Razdrto - Suhi vrh (Nanos) (strma pot),200,zahtevna označena pot
9,Strane - Suhi vrh (Nanos) (položna pot),145,lahka označena pot
9,Strane - Suhi vrh (Nanos) (strma pot),135,lahka označena pot
9,Razdrto - Suhi vrh (Nanos) (položna pot),240,lahka označena pot
9,Furlanovo zavetišče pri Abramu - Suhi vrh (Nanos) (strma pot),215,lahka označena pot
9,Eko koča Nanos (Lovska koča Vojkovo) - Suhi vrh (Nanos) (položna pot),215,lahka označena pot
9,Furlanovo zavetišče pri Abramu - Suhi vrh (Nanos) (položna pot),225,lahka označena pot
9,Eko koča Nanos (Lovska koča Vojkovo) - Suhi vrh (Nanos) (strma pot),205,lahka označena pot
9,Lozice - Suhi vrh (Nanos) (položna pot),285,lahka označena pot
9,Lozice - Suhi vrh (Nanos) (strma pot),275,lahka označena pot
10,Polomova rajda - Mali Modrasovec (mimo Koče na Čavnu),70,"lahka označena pot, lahka neoznačena steza"
10,Lokavec - Mali Modrasovec,160,"lahka označena pot, lahka neoznačena steza"
10,Predmeja - Mali Modrasovec,85,"lahka označena pot, lahka neoznačena steza"
10,Bevški vrh - Mali Modrasovec,110,"lahka označena pot, lahka neoznačena steza"
11,Lokve - Poldanovec,90,lahka označena pot
11,Dom na Lazni - Poldanovec,120,delno zahtevna označena pot
11,Gorenja Trebuša - Poldanovec (Poldanovška grapa),180,zahtevna označena pot
12,Gotenica - Goteniški Snežnik,165,lahka označena pot
12,Kočevska Reka - Goteniški Snežnik,195,lahka označena pot
12,Cesta proti Medvedjeku - Goteniški Snežnik,40,lahka označena pot
13,Podkraj - Srednja gora (Hrušica) (vzhodna pot),90,lahka označena pot
13,Podkraj - Srednja gora (Hrušica) (zahodna pot),105,lahka označena pot
14,Rakov Škocjan - Veliki Javornik (Javorniki),120,lahka označena pot
14,Kalce - Veliki Javornik (Javorniki),90,lahka označena pot
14,Jeršiče - Veliki Javornik (Javorniki),140,lahka označena pot
15,Podkraj - Streliški vrh (Hrušica) (vzhodna pot),90,lahka označena pot
15,Podkraj - Streliški vrh (Hrušica) (zahodna pot),80,lahka označena pot
16,Mala Lazna - Iztokova koča pod Golaki,45,lahka označena pot
16,Preval Strgarija - Iztokova koča pod Golaki,5,lahka označena pot
16,Kozarnice - Iztokova koča pod Golaki,25,lahka označena pot
16,Predmeja (Gorjanka) - Iztokova koča pod Golaki (po STKP),105,lahka neoznačena steza
16,Bevški vrh - Iztokova koča pod Golaki,55,lahka označena pot
16,Koča Edmunda Čibeja v Tihi dolini - Iztokova koča pod Golaki (po STKP),80,lahka neoznačena steza
17,Rakitnica - Turn,180,lahka označena pot
18,Solarji - Kuk (Kolovrat),130,lahka neoznačena steza
18,Livške Ravne - Kuk (Kolovrat),20,lahka neoznačena steza
18,Livek - Kuk (Kolovrat),90,lahka neoznačena steza
19,Mašun - Dom na Sviščakih,195,lahka označena pot
20,Predmeja (tuneli) - Koča Antona Bavčerja na Čavnu,90,lahka označena pot
20,Polomova rajda - Koča Antona Bavčerja na Čavnu (po cesti),60,lahka označena pot
20,Lokavec - Koča Antona Bavčerja na Čavnu,150,lahka označena pot
20,Predmeja - Koča Antona Bavčerja na Čavnu,75,lahka označena pot
20,Kamnje - Koča Antona Bavčerja na Čavnu,150,lahka označena pot
20,Stomaž - Koča Antona Bavčerja na Čavnu,135,lahka označena pot
20,Vrtovin - Koča Antona Bavčerja na Čavnu,170,lahka označena pot
20,Bevški vrh - Koča Antona Bavčerja na Čavnu,110,lahka označena pot
21,Lome - Javornik (nad Črnim Vrhom),65,lahka označena pot
21,Črni Vrh (Grom) - Javornik (nad Črnim Vrhom),75,lahka označena pot
21,Črni Vrh - Javornik (nad Črnim Vrhom) (čez Šajsno Ravan),150,lahka označena pot
21,Podkraj - Javornik (nad Črnim Vrhom),150,lahka označena pot
21,Kampelc - Javornik (nad Črnim Vrhom),135,lahka označena pot
21,Repna dolina - Javornik (nad Črnim Vrhom),105,lahka označena pot
21,Col - Javornik (nad Črnim Vrhom),185,lahka označena pot
21,Vodice (Mali Školj) - Javornik (nad Črnim Vrhom),95,lahka označena pot
22,Razdrto - Vojkova koča na Nanosu (položna pot),135,lahka označena pot
22,Razdrto - Vojkova koča na Nanosu (strma pot),105,zahtevna označena pot
22,Eko koča Nanos (Lovska koča Vojkovo) - Vojkova koča na Nanosu,110,lahka označena pot
22,Furlanovo zavetišče pri Abramu - Vojkova koča na Nanosu,120,lahka označena pot
22,Veliko Ubeljsko - Vojkova koča na Nanosu,110,lahka označena pot
22,Strane - Vojkova koča na Nanosu,135,lahka označena pot
22,Gradišče pri Vipavi - Vojkova koča na Nanosu (Furlanova pot),270,zelo zahtevna označena pot
22,Razdrto - Vojkova koča na Nanosu (Janezova pot),120,lahka neoznačena steza
22,Gradišče pri Vipavi - Vojkova koča na Nanosu (lažja pot),270,zahtevna označena pot
22,Podnanos - Vojkova koča na Nanosu (Pod zatrepom),230,lahka označena pot
22,Lozice - Vojkova koča na Nanosu,180,lahka označena pot
22,Gradišče pri Vipavi - Vojkova koča na Nanosu (mimo sv. Miklavža),225,lahka označena pot
22,Podkraj - Vojkova koča na Nanosu,270,lahka označena pot
22,Hrašče - Vojkova koča na Nanosu (mimo korit),190,lahka označena pot
22,Hrašče - Vojkova koča na Nanosu (čez Brižnik),190,lahka označena pot
22,Veliko Ubeljsko - Vojkova koča na Nanosu (mimo sv. Brica),175,"lahka neoznačena steza, lahka označena pot"
23,Vitovlje (Križišče) - Veliki Rob,180,lahka označena pot
23,Krnica - Veliki Rob,40,lahka označena pot
23,Predmeja - Veliki Rob,180,lahka označena pot
23,Vrtovin - Veliki Rob,175,lahka označena pot
23,Vitovlje - Veliki Rob (mimo Vitovskega jezera in čez Sekulak),190,lahka označena pot
23,Lokavec - Veliki Rob (čez Kucelj),255,lahka označena pot
23,Predmeja (tuneli) - Veliki Rob (Srednječavenska pot),180,delno zahtevna označena pot
23,Gojače - Veliki Rob,210,lahka označena pot
23,Malovše - Veliki Rob,215,lahka označena pot
23,Ozeljan - Veliki Rob (čez Sekulak),260,lahka neoznačena steza
23,Polomova rajda - Veliki Rob (čez Kucelj),165,lahka označena pot
24,Vrtovin - Kucelj (na Čavnu),140,lahka označena pot
24,Predmeja (tuneli) - Kucelj (na Čavnu) (Srednječavenska pot),120,delno zahtevna označena pot
24,Predmeja - Kucelj (na Čavnu),120,lahka označena pot
24,Polomova rajda - Kucelj (na Čavnu) (po cesti),105,lahka označena pot
24,Krnica - Kucelj (na Čavnu) (čez Veliki Rob),100,lahka označena pot
24,Lokavec - Kucelj (na Čavnu),195,lahka označena pot
24,Predmeja (tuneli) - Kucelj (na Čavnu) (mimo Koče na Čavnu),135,lahka označena pot
24,Kamnje - Kucelj (na Čavnu),165,lahka označena pot
24,Gojače - Kucelj (na Čavnu),175,lahka označena pot
24,Stomaž - Kucelj (na Čavnu) (mimo Koče na Čavnu),180,lahka označena pot
24,Vrtovin - Kucelj (na Čavnu) (mimo Koče na Mali gori),185,lahka označena pot
24,Malovše - Kucelj (na Čavnu),180,lahka označena pot
25,Rakitnica - Rezinski vrh,160,lahka označena pot
26,Podkraj - Sveti Duh (Hrušica),75,lahka označena pot
26,Col - Sveti Duh (Hrušica),135,lahka označena pot
27,Kalce - Mali Javornik (Javorniki),60,lahka označena pot
27,Jeršiče - Mali Javornik (Javorniki),110,lahka označena pot
28,Matevljek - Petelinjek (mimo Votle stene),80,"delno zahtevna označena pot, lahka neoznačena steza"
28,Matevljek - Petelinjek,75,lahka neoznačena steza
29,Eko koča Nanos (Lovska koča Vojkovo) - Grmada (Nanos),105,lahka neoznačena steza
29,Razdrto - Grmada (Nanos),125,lahka neoznačena steza
29,Podnanos - Grmada (Nanos) (Pod zatrepom),225,lahka neoznačena steza
29,Lozice - Grmada (Nanos),175,lahka neoznačena steza
29,Gradišče pri Vipavi - Grmada (Nanos) (mimo sv. Miklavža),220,lahka neoznačena steza
29,Hrašče - Grmada (Nanos) (čez Brižnik),185,lahka neoznačena steza
29,Hrašče - Grmada (Nanos) (mimo korit),185,lahka neoznačena steza
30,Matevljek - Velika Jazbina,60,delno zahtevna označena pot
31,Solarji - Nagnoj,100,lahka označena pot
31,Livške Ravne - Nagnoj,15,lahka označena pot
32,Ravne - Cerk,90,lahka označena pot
32,Strma Reber - Cerk,105,lahka označena pot
32,18. serpentina ceste na Strmo Reber - Cerk,160,lahka označena pot
32,Osilnica - Cerk,245,lahka označena pot
32,Bezgovica - Cerk,175,lahka označena pot
33,Lokve - Stanov rob,35,lahka neoznačena steza
33,Dom na Lazni - Stanov rob,70,lahka neoznačena steza
34,Vitovlje (Križišče) - Čaven,150,lahka neoznačena steza
34,Vitovlje - Čaven (mimo Vitovskega jezera),160,lahka neoznačena steza
34,Ozeljan - Čaven,230,lahka neoznačena steza
35,Lokve - Škol,40,lahka označena pot
36,Podkraj - Križna gora (Hrušica) (položna pot),80,lahka označena pot
36,Podkraj - Križna gora (Hrušica) (strma pot),60,lahka označena pot
36,Col - Križna gora (Hrušica),140,lahka označena pot
37,Lome - Pirnatova koča na Javorniku,50,lahka označena pot
37,Črni vrh  (Grom) - Pirnatova koča na Javorniku,60,lahka označena pot
37,Podkraj - Pirnatova koča na Javorniku,140,lahka označena pot
37,Repna dolina - Pirnatova koča na Javorniku,95,lahka označena pot
37,Vodice (Mali Školj) - Pirnatova koča na Javorniku,80,lahka označena pot
37,Col - Pirnatova koča na Javorniku,170,lahka označena pot
38,Strane - Maj,80,delno zahtevna neoznačena pot
39,Mala Lazna - Velika ledena jama v Paradani,35,lahka označena pot
40,Vrhnika pri Ložu - Racna gora,105,lahka označena pot
40,Lovska koča Urška - Racna gora,45,lahka označena pot
41,Livške Ravne - Trinški vrh,60,lahka označena pot
41,Solarji - Trinški vrh,55,lahka označena pot
42,Zadlog - Špičasti vrh,75,lahka označena pot
42,Cenc - Špičasti vrh (po markirani poti),90,lahka označena pot
42,Cenc - Špičasti vrh (po cesti čez Novino),90,lahka neoznačena steza
43,Rakitnica - Bela stena,130,lahka označena pot
44,Bosljiva Loka - Krokar (trajno zaprta pot!),195,"delno zahtevna označena pot, lahka neoznačena steza"
45,Livške Ravne - Na gradu,85,lahka označena pot
45,Solarji - Na gradu,30,lahka označena pot
46,Cerknica - Slivnica,100,lahka označena pot
46,Martinjak - Slivnica,85,lahka označena pot
46,Grahovo - Slivnica,90,lahka označena pot
46,Brezje - Slivnica (po cesti),135,lahka označena pot
46,Radlek - Slivnica,80,lahka označena pot
46,Cerknica (Dom starejših občanov) - Slivnica (Zatrepi - Slivnica),90,lahka neoznačena steza
47,Dom v Iškem Vintgarju - Krim,135,lahka označena pot
47,Iška - Krim,130,lahka označena pot
47,Rakitna - Krim,120,lahka označena pot
47,Jezero - Krim (mimo Ledenice),150,lahka označena pot
47,Zamlake - Krim,50,lahka označena pot
47,Mesnice - Krim (po cesti),110,lahka označena pot
47,Polharski dom Krim - Krim,95,lahka označena pot
47,Strahomer - Krim (čez Strmec),130,lahka označena pot
47,Dom v Iškem Vintgarju - Krim (strma pot),120,delno zahtevna označena pot
47,Preserje - Krim,140,lahka označena pot
47,Jezero - Krim (mimo domačije Špelin),140,lahka označena pot
47,Strahomer - Krim (čez Kramarco),130,lahka označena pot
47,Tomišelj - Krim,135,lahka označena pot
47,Dolenja Brezovica - Krim,130,lahka označena pot
47,Vrbljene - Krim,135,lahka označena pot
47,Lovska koča Plehanov laz - Krim,135,lahka označena pot
48,Črni Vrh - Čelkov vrh,90,lahka označena pot
48,Kampelc - Čelkov vrh,50,lahka označena pot
49,Vlačno - Sveta Trojica,80,lahka označena pot
49,Sevski gozd - Sveta Trojica,45,lahka označena pot
49,Slovenska vas - Sveta Trojica,135,lahka označena pot
49,Jeršiče - Sveta Trojica (pot je trajno ZAPRTA!),160,lahka označena pot
50,Kamenščina - Velika Milanja,40,lahka neoznačena steza
51,Juršče - Kršičevec,90,lahka označena pot
51,Bač - Kršičevec,135,lahka neoznačena steza
51,Ravni - Kršičevec,150,lahka neoznačena steza
52,Jeršiče - Baba (pri Javornikih),90,lahka neoznačena steza
52,Mesnice - Baba (pri Javornikih),25,lahka neoznačena steza
53,Zagrad - Razsušica (zahodna pot),75,lahka označena pot
53,Zagrad - Razsušica (čez Ostrič),125,lahka označena pot
54,Gotenica - Kameni zid,90,lahka označena pot
55,Zagrad - Medvižica (čez Ostrič),110,lahka označena pot
55,Zagrad - Medvižica (čez Razsušico),105,lahka označena pot
56,Cerknica - Dom na Slivnici,90,lahka označena pot
56,Radlek - Dom na Slivnici,80,lahka označena pot
56,Grahovo - Dom na Slivnici,85,lahka označena pot
56,Martinjak - Dom na Slivnici,80,lahka označena pot
56,Radlek - Dom na Slivnici,80,lahka označena pot
57,Lokve - Črni vrh (pri Lokvah),25,lahka neoznačena steza
58,Široko - Veliki vrh (nad Lomom) (skozi Kanalski Lom - po poti Lom je moj dom),160,lahka označena pot
58,Široko - Veliki vrh (nad Lomom) (direktna pot),90,lahka označena pot
58,Široko - Veliki vrh (nad Lomom) (skozi Grudnico - po poti Lom je moj dom),110,lahka označena pot
58,Postaja (Most na Soči) - Veliki vrh (nad Lomom),195,lahka označena pot
59,Cvetrež - Lašček,60,lahka označena pot
59,Srednji Lokovec - Lašček (skozi Raštelo),120,lahka označena pot
59,Srednji Lokovec - Lašček (skozi Novo Mesto),105,lahka označena pot
59,Cvetrež - Lašček (po cesti),80,lahka označena pot
60,Solarji - Bivak Zanuso na Kolovratu,75,lahka označena pot
60,Livške Ravne - Bivak Zanuso na Kolovratu,35,lahka označena pot
61,Kamen - Mokrc,40,lahka označena pot
62,Zagrad - Ostrič,65,lahka označena pot
63,Predmeja (tuneli) - Mala gora (Srednječavenska pot),90,delno zahtevna označena pot
63,Kamnje - Mala gora,120,lahka označena pot
63,Stomaž - Mala gora,120,lahka označena pot
63,Vrtovin - Mala gora,140,lahka označena pot
64,Kamenščina - Bele ovce,30,lahka neoznačena steza
65,Podgorje - Slavnik (položna pot),100,lahka označena pot
65,Podgorje - Slavnik (strma pot),80,lahka označena pot
65,Skadanščina - Slavnik,100,lahka označena pot
65,Prešnica - Slavnik,120,lahka označena pot
65,Hrpelje - Slavnik,210,lahka označena pot
65,Skadanščina - Slavnik (mimo planine Jegno),130,lahka označena pot
65,Lovski dom pod Glavico - Slavnik (po cesti),150,"lahka neoznačena steza, lahka označena pot"
65,Skadanščina - Slavnik (čez Mala Vrata),180,lahka označena pot
65,Skadanščina - Slavnik (čez planino Jegno),145,lahka označena pot
65,Povžane - Slavnik,135,lahka označena pot
65,Povžane - Slavnik (čez planino Jegno),150,lahka označena pot
66,Senožeče - Vremščica,105,lahka označena pot
66,Volče - Vremščica,90,lahka označena pot
66,Loščica - Vremščica,75,lahka označena pot
66,Gabrče - Vremščica,120,lahka označena pot
66,Gornje Ležeče - Vremščica,100,lahka označena pot
66,Matavun - Vremščica,195,lahka označena pot
66,Podgora - Vremščica,120,lahka označena pot
66,Famlje - Vremščica (začasno ZAPRTA pot!),150,lahka označena pot
67,Eko koča Nanos (Lovska koča Vojkovo) - Sveti Hieronim (na Nanosu),75,lahka označena pot
67,Razdrto - Sveti Hieronim (na Nanosu),105,lahka označena pot
67,Lozice - Sveti Hieronim (na Nanosu),145,lahka označena pot
67,Hrašče - Sveti Hieronim (na Nanosu) (mimo korit),155,lahka označena pot
67,Gradišče pri Vipavi - Sveti Hieronim (na Nanosu) (mimo sv. Miklavža),195,lahka označena pot
67,Hrašče - Sveti Hieronim (na Nanosu) (čez Brižnik),155,lahka označena pot
67,Podnanos - Sveti Hieronim (na Nanosu) (Pod zatrepom),195,lahka označena pot
68,Studeno - Gora (Sveti Lovrenc),65,lahka označena pot
68,Gorenje - Gora (Sveti Lovrenc),75,lahka označena pot
68,Gorenje - Gora (Sveti Lovrenc) (položna pot),105,lahka neoznačena steza
69,Sedlo nad Lohačo - Špilnik (Zgornja pot - čez Lipovec),40,lahka označena pot
69,Sedlo nad Lohačo - Špilnik (Spodnja pot),30,lahka označena pot
70,Travna Gora - Koča na Kamnem griču,45,lahka označena pot
70,Nova Štifta - Koča na Kamnem griču,95,lahka označena pot
70,Hrib-Loški Potok - Koča na Kamnem griču,75,lahka označena pot
70,Mali Log - Koča na Kamnem griču,50,lahka označena pot
70,Uglov laz - Koča na Kamnem griču (mimo Doma na Travni Gori),120,lahka označena pot
70,Lom - Koča na Kamnem griču,45,lahka označena pot
70,Retjiški gozd - Koča na Kamnem griču,25,lahka označena pot
71,Strma Reber - Firstov rep,65,lahka označena pot
71,Ravne - Firstov rep,85,lahka označena pot
71,Osilnica - Firstov rep,205,lahka označena pot
71,18. serpentina ceste na Strmo Reber - Firstov rep,120,lahka označena pot
71,Bezgovica - Firstov rep,135,lahka označena pot
72,Izvir Hublja - Sinji vrh (mimo Otliškega okna),135,lahka označena pot
72,Otlica - Sinji vrh,80,lahka označena pot
72,Stara baba - Sinji vrh,105,lahka neoznačena steza
72,Predmeja - Sinji vrh (Pot po Robu),175,lahka označena pot
72,Col - Sinji vrh (čez Črne stene),205,lahka označena pot
72,Col - Sinji vrh (zahodna pot),190,lahka označena pot
72,Col - Sinji vrh (vzhodna pot mimo škrapelj),200,lahka označena pot
72,Lovska koča Budanje - Sinji vrh (vzhodna pot mimo škrapelj),190,lahka označena pot
72,Lovska koča Budanje - Sinji vrh (zahodna pot),180,lahka označena pot
72,Jamce - Sinji vrh (vzhodna pot mimo škrapelj),175,lahka označena pot
72,Jamce - Sinji vrh (zahodna pot),165,lahka neoznačena steza
73,Lovski dom pod Glavico - Grmada pri Slavniku,140,lahka neoznačena steza
73,Prešnica - Grmada pri Slavniku,110,lahka neoznačena steza
73,Povžane - Grmada pri Slavniku (čez planino Jegno),140,lahka neoznačena steza
73,Skadanščina - Grmada pri Slavniku (čez planino Jegno),135,lahka neoznačena steza
73,Povžane - Grmada pri Slavniku,135,lahka neoznačena steza
73,Skadanščina - Grmada pri Slavniku (mimo planine Jegno),130,lahka neoznačena steza
74,Rakitna - Županov vrh (vzhodna pot),35,lahka neoznačena steza
74,Brancljeva senožet - Županov vrh,50,lahka neoznačena steza
74,Rakitna - Županov vrh (zahodna pot),35,lahka neoznačena steza
74,Mesnice - Županov vrh,60,lahka neoznačena steza
74,Rakitna - Županov vrh (čez Reber),50,lahka neoznačena steza
74,Mesnice - Županov vrh (čez Reber),45,lahka neoznačena steza
75,Zabočevo - Novaška gora,120,lahka neoznačena steza
76,Jablanica - Koča na Kozleku,105,lahka označena pot
76,Vrbiški dol - Koča na Kozleku,60,lahka označena pot
76,Trpčane - Koča na Kozleku,105,lahka označena pot
77,Col - Špiček (Špečk),55,lahka neoznačena steza
77,Col - Špiček (Špečk) (čez Križno goro),70,lahka neoznačena steza
77,Cenc - Špiček (Špečk),45,lahka označena pot
78,Vitovlje (Križišče) - Lovsko zavetišče pod Čavnom,110,lahka neoznačena steza
79,Kamenščina - Volovja reber,60,lahka neoznačena steza
80,Strane - Sveti Bric (Nanos),50,lahka označena pot
80,Veliko Ubeljsko - Sveti Bric (Nanos),90,lahka neoznačena steza
81,Rakitna - Rotovc,30,lahka označena pot
81,Brancljeva senožet - Rotovc,45,lahka označena pot
81,Mesnice - Rotovc,55,lahka označena pot
81,Mesnice - Rotovc (čez Županov vrh),75,lahka neoznačena steza
82,Brancljeva senožet - Mišnice,20,lahka neoznačena steza
82,Zamlake - Mišnice,20,lahka neoznačena steza
83,Lovska koča Budanje - Kovk,90,lahka označena pot
83,Col - Kovk,60,lahka označena pot
83,Jamce - Kovk,130,lahka neoznačena steza
84,Predmeja (Gorjanka) - Bloudkova skakalnica (Predmeja),35,lahka označena pot
84,Koča Edmunda Čibeja v Tihi dolini - Bloudkova skakalnica (Predmeja),10,lahka neoznačena steza
85,Col - Križna gora nad Colom,55,lahka neoznačena steza
85,Col - Križna gora nad Colom (čez Špiček),70,lahka neoznačena steza
86,Selšček - Velika Špička,45,lahka označena pot
86,Begunje - Velika Špička (čez Cemarovnik),60,lahka označena pot
86,Begunje - Velika Špička,60,lahka označena pot
86,Stražišče - Velika Špička,30,lahka neoznačena steza
87,Velika vrata - Mala Plešivica,35,lahka označena pot
87,Zagrad - Mala Plešivica,90,lahka označena pot
88,Predmeja (Gorjanka) - Koča Edmunda Čibeja v Tihi dolini,25,lahka označena pot
89,Planinski dom pod Ježo - Ježa,30,lahka označena pot
89,Solarji - Ježa,45,lahka označena pot
90,Kamenščina - Milanka,75,lahka neoznačena steza
91,Stražišče - Leskovica (nad Stražiščem),20,lahka neoznačena steza
91,Kožljek - Leskovica (nad Stražiščem),30,lahka neoznačena steza
92,Borovec pri Kočevski Reki - Krempa,50,lahka označena pot
93,Solarji - Deveti konfin (kota 942) (čez Ježo),70,lahka označena pot
93,Planinski dom pod Ježo - Deveti konfin (kota 942),45,lahka označena pot
94,Zabočevo - Krimšček,100,lahko brezpotje
95,Lohača - Petričev hrib,45,lahka neoznačena steza
95,Planina - Petričev hrib,90,lahka neoznačena steza
95,Planina (Dolnja Planina) - Petričev hrib (preko Zavrtnikov),95,lahka neoznačena steza
95,Planina (Dolnja Planina) - Petričev hrib (mimo Sv. Duha),95,lahka neoznačena steza
96,Planinski dom pod Ježo - Deveti konfin (kota 930),55,lahka označena pot
96,Solarji - Deveti konfin (kota 930) (čez Ježo),80,lahka označena pot
97,Vitovlje (Križišče) - Kopitnik (na Čavnu) (preko Sekulaka),150,lahka označena pot
97,Vitovlje (Križišče) - Kopitnik (na Čavnu) (mimo lovske koče LD Lijak),85,lahka označena pot
97,Šmihel - Kopitnik (na Čavnu) (mimo Skoznega),180,lahka neoznačena steza
97,Ozeljan - Kopitnik (na Čavnu) (mimo Vitovskega hriba in lovske koče),165,"lahka neoznačena steza, lahka označena pot"
98,Jablanica - Srednji vrh pri Kozleku,85,lahka označena pot
98,Vrbiški dol - Srednji vrh pri Kozleku,40,lahka označena pot
99,Predmeja - Dolski maj (Pot po Robu),60,lahka označena pot
99,Otlica - Dolski maj,60,lahka označena pot
100,Zagrad - Velika Plešivica (čez Malo Plešivico),135,"lahka neoznačena steza, lahka označena pot"
100,Velika vrata - Velika Plešivica,25,lahka označena pot
100,Skadanščina - Velika Plešivica,135,lahka označena pot
101,Kočevska dolina - Lovska koča Urška,45,lahka označena pot
102,Nova Štifta - Dom na Travni Gori,45,lahka označena pot
102,Uglov laz - Dom na Travni Gori,70,lahka označena pot
103,Gradišče pri Vipavi - Furlanovo zavetišče pri Abramu (lažja varianta),150,zahtevna označena pot
103,Gradišče pri Vipavi - Furlanovo zavetišče pri Abramu (čez Konja),195,lahka označena pot
103,Gradišče pri Vipavi - Furlanovo zavetišče pri Abramu (Furlanova pot),150,zelo zahtevna označena pot
103,Lozice - Furlanovo zavetišče pri Abramu,150,lahka označena pot
103,Podkraj - Furlanovo zavetišče pri Abramu,150,lahka označena pot
103,Podnanos - Furlanovo zavetišče pri Abramu,180,lahka označena pot
103,Hrašče - Furlanovo zavetišče pri Abramu (mimo korit),165,lahka označena pot
103,Hrašče - Furlanovo zavetišče pri Abramu (čez Brižnik),165,lahka označena pot
104,Lovska koča Budanje - Kraguljc,85,lahka označena pot
104,Col - Kraguljc,95,lahka označena pot
104,Jamce - Kraguljc,90,lahka neoznačena steza
105,Osilnica - Bezgarska planina,130,lahka označena pot
105,18. serpentina ceste na Strmo Reber - Bezgarska planina,45,lahka označena pot
105,Bezgovica - Bezgarska planina,60,lahka označena pot
105,Strma Reber - Bezgarska planina,10,lahka označena pot
106,Ledinsko Razpotje - Marutnik (vzhodna pot),50,"lahka označena pot, lahka neoznačena steza"
106,Ledinsko Razpotje - Marutnik (zahodna pot),55,"lahka označena pot, lahka neoznačena steza"
107,Zazid - Golič (čez Kojnik),150,lahka označena pot
107,Zazid - Golič (mimo Lipnika),150,lahka označena pot
107,Podgorje - Golič (mimo lovskega zavetišča),160,lahka označena pot
107,Zazid - Golič (direktna pot),105,lahka neoznačena steza
108,Krvava Peč - Gozdarska koča Pri logarnici,90,lahka označena pot
109,Zazid - Nadglavinjak (mimo Lipnika),130,lahka označena pot
110,Vitovlje (Križišče) - Sekulak,90,lahka označena pot
110,Vitovlje - Sekulak (mimo Vitovskega jezera),100,lahka označena pot
110,Ozeljan - Sekulak,170,lahka neoznačena steza
111,Smrečje - Vrh Svetih Treh Kraljev (po cesti),45,lahka označena pot
111,Rovte - Vrh Svetih Treh Kraljev (strma pot),85,lahka označena pot
111,Rovte - Vrh Svetih Treh Kraljev (položna pot),90,lahka označena pot
111,Račevsko jezero - Vrh Svetih Treh Kraljev,45,lahka označena pot
111,Smrečje - Vrh Svetih Treh Kraljev (pešpot),40,lahka označena pot
111,Žiri - Vrh Svetih Treh Kraljev,150,lahka označena pot
111,Smrečje - Vrh Svetih Treh Kraljev (mimo Jereba),45,lahka označena pot
111,Sopot - Vrh Svetih Treh Kraljev,85,lahka označena pot
111,Dom na Goropekah - Vrh Svetih Treh Kraljev,100,lahka označena pot
112,Zazid - Kavčič (mimo Lipnika),150,lahka označena pot
112,Rakitovec - Kavčič (po kolovozu),45,lahka neoznačena steza
113,Planina - Lovska koča na Planinski gori,50,lahka neoznačena steza
113,Lohača - Lovska koča na Planinski gori (po cesti),65,lahka neoznačena steza
113,Planina (Dolnja Planina) - Lovska koča na Planinski gori (mimo Sv. Duha),55,lahka neoznačena steza
113,Planina (Dolnja Planina) - Lovska koča na Planinski gori (preko Zavrtnikov),55,lahka neoznačena steza
113,Grčarevec - Lovska koča na Planinski gori (Jakobova pot),120,lahka označena pot
114,Strma Reber - Loška stena,90,lahka označena pot
114,Osilnica - Loška stena,230,lahka označena pot
114,Ravne - Loška stena,110,lahka označena pot
114,18. serpentina ceste na Strmo Reber - Loška stena,145,lahka označena pot
114,Bezgovica - Loška stena,160,lahka označena pot
115,Planina - Grmada (Planinska gora),60,lahka neoznačena steza
115,Planina (Dolnja Planina) - Grmada (Planinska gora) (preko Zavrtnikov),65,lahka neoznačena steza
115,Planina (Dolnja Planina) - Grmada (Planinska gora) (mimo Sv. Duha),65,lahka neoznačena steza
115,Grčarevec - Grmada (Planinska gora) (Jakobova pot),110,lahka označena pot
116,Lovska koča Budanje - Sončnica (Reber),70,lahka označena pot
116,Col - Sončnica (Reber),80,lahka označena pot
116,Jamce - Sončnica (Reber),105,lahka neoznačena steza
117,Drnulk - Vrh Skopice,80,lahka označena pot
117,Čepovan (Želinc) - Vrh Skopice,50,lahka neoznačena steza
118,Jurišče - Bele stene (vzhodna pot),60,lahka označena pot
118,Jurišče - Bele stene (zahodna pot),50,lahka označena pot
119,Stružnica - Kuželjska stena,45,lahka označena pot
120,Sveta Ana - Križna gora,20,lahka označena pot
120,Bločice - Križna gora,75,lahka označena pot
120,Križna jama - Križna gora,35,lahka označena pot
121,Izvir Hublja - Navrše,95,lahka označena pot
121,Predmeja - Navrše (Pot po Robu),135,lahka označena pot
121,Otlica - Navrše,40,lahka označena pot
122,Col - Podrta gora nad Ajdovščino,105,lahka označena pot
122,Lovska koča Budanje - Podrta gora nad Ajdovščino,95,lahka označena pot
122,Jamce - Podrta gora nad Ajdovščino,80,lahka neoznačena steza
123,Ledinsko Razpotje - Sveta Marija Magdalena (Gore) (vzhodna pot),60,lahka označena pot
123,Ledinsko Razpotje - Sveta Marija Magdalena (Gore) (zahodna pot),70,lahka označena pot
124,Topol - Belovka,15,lahka neoznačena steza
124,Studenec na Blokah - Belovka,15,lahka neoznačena steza
125,Predmeja - Otliški maj (Pot po Robu),105,lahka označena pot
125,Izvir Hublja - Otliški maj,85,lahka neoznačena steza
125,Otlica - Otliški maj,15,lahka označena pot
126,Župeno - Sveti Vid (Vidovska planota),70,lahka označena pot
126,Pikovnik - Sveti Vid (Vidovska planota),90,lahka označena pot
126,Občina - Sveti Vid (Vidovska planota),90,lahka označena pot
128,Predmeja (tuneli) - Bivak Črna peč (Srednječavenska pot),120,delno zahtevna označena pot
128,Vrtovin - Bivak Črna peč,110,lahka označena pot
129,Visoko - Kurešček,20,lahka označena pot
129,Zapotok - Kurešček,45,lahka označena pot
129,Želimlje - Kurešček,110,lahka označena pot
129,Pirman - Kurešček,105,lahka označena pot
129,Visoko (Mali Kurešček) - Kurešček,15,lahka označena pot
130,Dom na Goropekah - Koča na Vrhu Svetih Treh Kraljev (peš pot),90,lahka označena pot
130,Rovte - Koča na Vrhu Svetih Treh Kraljev (položna pot),80,lahka označena pot
130,Sopot - Koča na Vrhu Svetih Treh Kraljev (po cesti),75,lahka označena pot
130,Smrečje - Koča na Vrhu Svetih Treh Kraljev (po cesti),35,lahka označena pot
130,Račevsko jezero - Koča na Vrhu Svetih Treh Kraljev,35,lahka označena pot
130,Rovte - Koča na Vrhu Svetih Treh Kraljev (strma pot),75,lahka označena pot
130,Smrečje - Koča na Vrhu Svetih Treh Kraljev (pešpot),30,lahka označena pot
130,Žiri - Koča na Vrhu Svetih Treh Kraljev,140,lahka označena pot
130,Smrečje - Koča na Vrhu Svetih Treh Kraljev (mimo Jereba),35,lahka označena pot
131,Lohača - Polšakova koča na Zagori (po cesti),105,lahka neoznačena steza
131,Brunk - Polšakova koča na Zagori,60,lahka neoznačena steza
132,Pivka - Osojnica,60,lahka označena pot
132,Gradec - Osojnica,45,lahka neoznačena steza
133,Izvir Ljubljanice (Močilnik) - Ljubljanski vrh,120,lahka neoznačena steza
134,Jeršiče - Lovska koča Trešnja ravan (pot je trajno ZAPRTA!),110,lahka označena pot
135,Mrše - Sveti Socerb (Artviže),60,lahka označena pot
135,Sveti Mavricij - Sveti Socerb (Artviže),135,lahka označena pot
135,Rodik - Sveti Socerb (Artviže),80,lahka neoznačena steza
136,Begunje - Goli vrh (Cemarovnik),30,lahka označena pot
137,Hotedršica - Medvedje Brdo,75,lahka označena pot
137,Rovte - Medvedje Brdo (čez Kamnikov Grič),75,lahka označena pot
137,Rovte - Medvedje Brdo (po Trtovški grapi),70,lahka neoznačena steza
137,Zavratec - Medvedje Brdo,45,lahka označena pot
137,Ledinsko Razpotje - Medvedje Brdo (vzhodna pot),190,lahka označena pot
137,Ledinsko Razpotje - Medvedje Brdo (zahodna pot),195,lahka označena pot
138,Plave - Korada,150,lahka označena pot
138,Zamedveje - Korada,150,lahka označena pot
138,Kanal - Korada,180,lahka označena pot
139,Kambreško - Globočak,50,lahka označena pot
139,Srednje - Globočak,35,lahka označena pot
140,Borovnica - Mali Trebelnik,90,lahka označena pot
140,Bistra - Mali Trebelnik,105,lahka označena pot
141,Lozice - Eko koča Nanos (Lovska koča Vojkovo),80,lahka označena pot
141,Podnanos - Eko koča Nanos (Lovska koča Vojkovo) (Pod zatrepom),135,lahka označena pot
141,Hrašče - Eko koča Nanos (Lovska koča Vojkovo) (mimo korit),90,lahka označena pot
141,Hrašče - Eko koča Nanos (Lovska koča Vojkovo) (čez Brižnik),90,lahka označena pot
141,Gradišče pri Vipavi - Eko koča Nanos (Lovska koča Vojkovo),135,lahka označena pot
142,Dom v Iškem Vintgarju - Sveti Lenart (Krvava Peč),180,delno zahtevna označena pot
142,Kamen - Sveti Lenart (Krvava Peč),90,lahka označena pot
142,Predgozd - Sveti Lenart (Krvava Peč),60,lahka označena pot
142,Visoko (Mali Kurešček) - Sveti Lenart (Krvava Peč),135,lahka označena pot
142,Visoko (Mali Kurešček) - Sveti Lenart (Krvava Peč) (mimo Pavlinovega brezna),135,lahka neoznačena steza
143,Rodik - Ajdovščina,40,lahka neoznačena steza
144,Zazid - Lipnik,100,lahka označena pot
145,Plave - Zavetišče na Koradi,140,lahka označena pot
145,Zamedveje - Zavetišče na Koradi,140,lahka označena pot
146,Podgorje - Kojnik (strma pot),60,lahka označena pot
146,Zazid - Kojnik,80,lahka označena pot
146,Podgorje - Kojnik (mimo lovskega zavetišča),90,lahka neoznačena steza
147,Kuren - Ulovka,50,lahka označena pot
147,Zaplana (Prezid) - Ulovka,105,lahka označena pot
147,Zaplana (sv. Urh in sv. Martin) - Ulovka,50,lahka označena pot
148,Lanišče - Razgledišče pod Srnjakom nad Logatcem,30,lahka označena pot
148,Kalce - Razgledišče pod Srnjakom nad Logatcem,90,lahka označena pot
148,Grčarevec - Razgledišče pod Srnjakom nad Logatcem,120,lahka označena pot
149,Izvir Hublja - Otliško okno,80,lahka označena pot
149,Otlica - Otliško okno,25,lahka označena pot
149,Predmeja - Otliško okno (Pot po Robu),120,lahka označena pot
150,Zala - Slap Kotel,35,lahka označena pot
151,Črne njive - Ahac,40,lahka označena pot
151,Šembije - Ahac,120,lahka označena pot
151,Vrbovo - Ahac,60,lahka neoznačena steza
151,Jasen - Ahac,60,lahka neoznačena steza
151,Vrbiški dol - Ahac,60,lahka označena pot
151,Žvanov dol - Ahac,20,lahka neoznačena steza
152,Šembije - Gradišče (Čepan),80,lahka neoznačena steza
153,Rakitna (Rakiško jezero) - Rakitna (Gozdna in arheološka učna pot Rimski zid - Rakitna),60,lahka označena pot
153,Zabočevo - Rakitna,105,lahka označena pot
154,Planina - Sveta Marija na Planinski gori,40,lahka neoznačena steza
154,Lohača - Sveta Marija na Planinski gori (po cesti),80,lahka neoznačena steza
154,Planina (Dolnja Planina) - Sveta Marija na Planinski gori (mimo Sv. Duha),45,lahka neoznačena steza
154,Planina (Dolnja Planina) - Sveta Marija na Planinski gori (preko Zavrtnikov),45,lahka neoznačena steza
154,Grčarevec - Sveta Marija na Planinski gori (po Jakobovi poti in mimo lovske koče),130,lahka označena pot
154,Grčarevec - Sveta Marija na Planinski gori (Jakobova pot),120,lahka označena pot
155,Šembije - Vrh,45,lahka neoznačena steza
156,Rakitna - Trenk,75,lahka označena pot
157,Ortnek - Ortneški Stari grad,40,lahka označena pot
158,Jeršiče - Pečna reber,20,lahka označena pot
159,Visoko - Planinski dom na Kureščku,10,lahka označena pot
159,Želimlje - Planinski dom na Kureščku,100,lahka označena pot
159,Pirman - Planinski dom na Kureščku,105,lahka označena pot
160,Postaja (Most na Soči)  - Razgledna točka Široko,100,lahka označena pot
161,Gradišče pri Vipavi - Gradiška Tura (Furlanova pot),85,zelo zahtevna označena pot
161,Gradišče pri Vipavi - Gradiška Tura (Otmarjeva pot),100,zelo zahtevna označena pot
161,Gradišče pri Vipavi - Gradiška Tura (lažja varianta),85,zahtevna označena pot
161,Vipava - Gradiška Tura,120,lahka označena pot
161,Gradišče pri Vipavi - Gradiška Tura (čez Plaz),120,lahka označena pot
162,Sveti Vid (Vidovska planota) - Sveti Primož in Felicijan (Osredek),50,lahka označena pot
163,Pivka - Šilentabor,90,lahka označena pot
163,Narin - Šilentabor,60,lahka označena pot
163,Šembije - Šilentabor (po Brkinškem robu),125,lahka neoznačena steza
163,Podtabor - Šilentabor,110,lahka neoznačena steza
163,Zagorje - Šilentabor,35,lahka označena pot
163,Parje - Šilentabor,75,lahka neoznačena steza
164,Staro Volčje - Bloško jezero,15,lahka označena pot
164,Nova vas - Bloško jezero,25,lahka označena pot
164,Strmca - Bloško jezero,70,lahka označena pot
164,Zvratnice - Bloško jezero,20,lahka označena pot
165,Prelože pri Lokvi - Veliko Gradišče,45,lahka označena pot
165,Krvavi Potok - Veliko Gradišče,60,lahka označena pot
166,Žiri - Dom na Goropekah (po cesti),40,lahka označena pot
166,Žiri - Dom na Goropekah,50,lahka označena pot
167,Solarji - Planinski dom pod Ježo,65,lahka označena pot
168,Ortnek - Sveti Gregor na Slemenih,70,lahka označena pot
169,Hrpelje - Hrpeljska gora,90,lahka označena pot
169,Lovski dom pod Glavico - Hrpeljska gora,35,"lahka neoznačena steza, lahka označena pot"
169,Prešnica - Hrpeljska gora,80,"lahka neoznačena steza, lahka označena pot"
170,Gradišče pri Vipavi - Škavnica,75,lahka označena pot
171,Star maln - Koča na Planini nad Vrhniko,60,lahka označena pot
171,Vrhnika - Koča na Planini nad Vrhniko (čez Špico),60,lahka označena pot
171,Kuren - Koča na Planini nad Vrhniko,45,lahka označena pot
171,Vrhnika - Koča na Planini nad Vrhniko (mimo bukve),65,lahka označena pot
171,Zaplana (sv. Urh in sv. Martin) - Koča na Planini nad Vrhniko,45,lahka označena pot
171,Stara Vrhnika - Koča na Planini nad Vrhniko (mimo Kurna),75,lahka označena pot
171,Stara Vrhnika - Koča na Planini nad Vrhniko (čez Špico),75,lahka označena pot
171,Blatni dol - Koča na Planini nad Vrhniko,70,lahka označena pot
171,Zaplana (Prezid) - Koča na Planini nad Vrhniko,100,lahka označena pot
172,Lovska koča Plehanov laz - Koča na Kavcu,45,lahka označena pot
173,Borovnica - Planina nad Borovnico (Češnjeva pot),55,lahka neoznačena steza
174,Ročinj - Čičer (krožna pot),180,lahka označena pot
175,Logatec (Gorenja vas) - Šenčurjev vrh (skozi Žibrše),90,lahka neoznačena steza
175,Travnarjev gozd (Hotenjsko podolje) - Šenčurjev vrh,110,lahka označena pot
176,Hotedršica - Sveti Urh (Zavratec),120,lahka označena pot
176,Rovte - Sveti Urh (Zavratec) (čez Kamnikov Grič),90,lahka označena pot
176,Rovte - Sveti Urh (Zavratec) (po Trtovški grapi),100,lahka označena pot
177,Narin - Sveti Martin (Šilentabor),55,lahka označena pot
177,Šembije - Sveti Martin (Šilentabor) (po Brkinškem robu),120,lahka neoznačena steza
177,Podtabor - Sveti Martin (Šilentabor),105,lahka neoznačena steza
177,Zagorje - Sveti Martin (Šilentabor),30,lahka označena pot
178,Pivka - Primož,25,lahka označena pot
178,Parje - Primož,40,lahka neoznačena steza
179,Hrpelje - Planina Jegno,150,lahka označena pot
179,Povžane - Planina Jegno,75,lahka označena pot
179,Skadanščina - Planina Jegno,70,lahka označena pot
180,Grad Hošperk - Stari grad,40,lahka neoznačena steza
181,Prelože pri Lokvi - Obrovnik,70,"lahko brezpotje, lahka označena pot"
182,Morava - Mali Mošenik,20,lahka neoznačena steza
183,Lož - Grad Lož (Pusti grad),20,lahka označena pot
184,Žiri - Sveti Janez Krstnik (Goropeke),40,lahka označena pot
185,Skalnica - Sveta Gora (peš pot),55,lahka označena pot
185,Skalnica - Sveta Gora (pot po jarkih),60,delno zahtevna označena pot
185,Skalnica - Sveta Gora (po cesti),60,lahka označena pot
185,Pod Skalnico - Sveta Gora,80,"lahka neoznačena steza, lahka označena pot"
185,Grgar - Sveta Gora (pot Po sredi),75,lahka označena pot
185,Grgar - Sveta Gora (čez Frančiškov hrib),85,lahka označena pot
185,Grgar - Sveta Gora (po Ranjekah),90,lahka označena pot
185,Zagora - Sveta Gora,125,lahka označena pot
185,Grgar - Sveta Gora (čez Križce),90,lahka označena pot
185,Plave - Sveta Gora (čez Kuk in Vodice),185,lahka neoznačena steza
185,Plave - Sveta Gora (čez Prižnico in Vodice),195,lahka neoznačena steza
185,Plave - Sveta Gora (čez Paljevo in Vodice),175,lahka neoznačena steza
185,Grgar - Sveta Gora (po cesti),75,lahka neoznačena steza
185,Solkan - Sveta Gora (mimo Kramarce),100,lahka neoznačena steza
186,Kopališče Lajšt - Krekovše (mimo Brusovih in Putrihovih klavž),105,lahka neoznačena steza
187,Branček - Sv. Katarina nad Novokračinami,30,lahka označena pot
187,Rjavi bg - Sv. Katarina nad Novokračinami,40,lahka neoznačena steza
188,Travnarjev gozd (Hotenjsko podolje) - Sveta Barbara (Ravnik pri Hotedršici),35,lahka označena pot
189,Žiri - Goropeški grič (Pikrej),30,lahka označena pot
190,Šmihel - Skozno,60,lahka označena pot
190,Vitovlje (Križišče) - Skozno,120,lahka označena pot
191,Lokev - Kokoš,90,lahka označena pot
191,Mejni prehod Lipica - Kokoš (po cesti),60,lahka označena pot
191,Lipica (Škibini) - Kokoš,50,lahka označena pot
191,Krvavi Potok - Kokoš,90,lahka označena pot
191,Mejni prehod Lipica - Kokoš (strma pot),50,lahka označena pot
191,Lokev - Kokoš (mimo izvira Vroček),120,lahka označena pot
191,Pesek / Pese - Kokoš,40,lahka označena pot
191,Grozzana / Gročana - Kokoš,40,lahka označena pot
191,Prelože pri Lokvi - Kokoš,90,lahka označena pot
192,Želimlje - Sv. Marjeta na Golem (najkrajša pot),40,lahka neoznačena steza
193,Sveta Gora - Vodice,45,lahka označena pot
193,Pod Skalnico - Vodice,80,"lahka neoznačena steza, lahka označena pot"
193,Skalnica - Vodice (pot po jarkih),105,delno zahtevna označena pot
193,Grgar - Vodice (po Ranjekah),90,lahka označena pot
193,Grgar - Vodice (po trasi plinovoda),90,lahka neoznačena steza
193,Zagora - Vodice (čez Vodice),120,lahka označena pot
193,Zagora - Vodice (čez Preški vrh),125,lahka označena pot
193,Plave - Vodice (čez Kuk),140,lahka neoznačena steza
193,Plave - Vodice (čez Paljevo),130,lahka neoznačena steza
193,Plave - Vodice (čez Prižnico),150,lahka neoznačena steza
193,Grgar - Vodice (po cesti),75,lahka neoznačena steza
194,Zazid - Jampršnik,60,lahka označena pot
194,Podgorje - Jampršnik,60,lahka neoznačena steza
195,Kekec - Škabrijel,50,lahka označena pot
195,Vratca - Škabrijel,40,lahka označena pot
195,Prevala - Škabrijel (čez Veliki hrib),65,lahka označena pot
195,Prevala - Škabrijel,50,lahka označena pot
195,Prevala - Škabrijel (mimo madžarske piramide),60,lahka označena pot
195,Nova Gorica (Hotel Perla) - Škabrijel (direktna pot),120,lahka označena pot
196,Gora - Trstelj,50,lahka označena pot
196,Lipa - Trstelj,40,lahka označena pot
196,Črni hribi - Trstelj,120,lahka označena pot
196,Železna vrata - Trstelj,35,lahka označena pot
196,Renče - Trstelj,120,lahka označena pot
196,Lokvica - Trstelj,240,lahka označena pot
196,Pedrovo - Trstelj,120,lahka označena pot
196,Branik - Trstelj (po gozdni poti),180,lahka označena pot
196,Branik - Trstelj (po kolovozu),190,lahka označena pot
197,Zaplana (Jamnik) - Vranje pečine (Rajna peč),40,lahka označena pot
198,Lanišče - Rimska trdnjava (Lanišče),1,lahka označena pot
198,Kalce - Rimska trdnjava (Lanišče),60,lahka označena pot
198,Grčarevec - Rimska trdnjava (Lanišče) (mimo razgledišča),140,lahka označena pot
199,Skalnica - Frančiškov hrib (pot po jarkih),50,delno zahtevna označena pot
199,Sveta Gora - Frančiškov hrib,10,lahka označena pot
199,Grgar - Frančiškov hrib,75,lahka označena pot
200,Lokvica - Stol (Črni hribi),220,lahka označena pot
201,Cesta na Zaplano - Strmica,10,lahka neoznačena steza
202,Preserje - Lovska koča Plehanov laz,70,lahka neoznačena steza
203,Dom v Iškem Vintgarju - Partizanska bolnica Krvavice,60,lahka označena pot
204,Plave - Kuk nad Paljevim,95,lahka neoznačena steza
204,Plave  - Kuk nad Paljevim (čez Prižnico),125,lahka neoznačena steza
204,Plave - Kuk nad Paljevim (čez Paljevo),105,lahka neoznačena steza
205,Hrpelje - Lovski dom pod Glavico,45,lahka neoznačena steza
205,Prešnica - Lovski dom pod Glavico,45,lahka neoznačena steza
206,Gora - Stjenkova koča na Trstelju,45,lahka označena pot
206,Črni hribi - Stjenkova koča na Trstelju,125,lahka označena pot
206,Lipa - Stjenkova koča na Trstelju,35,lahka označena pot
206,Pedrovo - Stjenkova koča na Trstelju,115,lahka označena pot
206,Železna vrata - Stjenkova koča na Trstelju,30,lahka označena pot
206,Branik - Stjenkova koča na Trstelju (po gozdni poti),175,lahka označena pot
206,Lokvica - Stjenkova koča na Trstelju,245,lahka označena pot
206,Branik - Stjenkova koča na Trstelju (po kolovozu),185,lahka označena pot
207,Solkan - Sabotin (južna pot),90,lahka označena pot
207,Solkan - Sabotin (severna pot),120,delno zahtevna označena pot
207,Za koridorjem - Sabotin (direktna pot),60,lahka označena pot
207,Za koridorjem - Sabotin (po grebenu),75,lahka označena pot
207,Podsabotin - Sabotin,120,lahka označena pot
208,Vitovlje - Vitovski hrib (zahodna pot),40,lahka označena pot
208,Vitovlje - Vitovski hrib (mimo Vitovskega jezera),40,lahka označena pot
208,Vitovlje (Križišče) - Vitovski hrib (po cesti),30,lahka označena pot
208,Ozeljan - Vitovski hrib,115,lahka neoznačena steza
209,Povir - Stari tabor,70,lahka označena pot
209,Vilenica - Stari tabor,45,lahka označena pot
209,Lokev - Stari tabor,45,lahka označena pot
209,Povir - Stari tabor (težja pot),75,lahka označena pot
209,Vilenica - Stari tabor (mimo Tuple jame),50,lahka neoznačena steza
210,Grad Hošperk - Unška koliševka,30,lahka neoznačena steza
210,Unec - Unška koliševka,35,lahka neoznačena steza
211,Markovščina - Sveti Rok (Skadanščina),45,lahka označena pot
211,Skadanščina - Sveti Rok (Skadanščina),5,lahka označena pot
212,Sežana - Zidovnik (Sedovnik) (po cesti),60,lahka neoznačena steza
213,Jezero - Sveti Tomaž (Planinca) (mimo Ledenice),60,lahka označena pot
213,Jezero - Sveti Tomaž (Planinca) (mimo domačije Špelin),50,lahka označena pot
213,Preserje - Sveti Tomaž (Planinca),50,lahka označena pot
214,Kopališče Lajšt - Putrihove klavže (po gozdni cesti mimo Brusovih klavž),85,lahka neoznačena steza
215,Gostišče Pekel - Soteska Pekel 5. slap (po soteski),75,zahtevna označena pot
215,Gostišče Pekel - Soteska Pekel 5. slap (čez Pristavo),90,lahka označena pot
216,Lokvica - Stolovec,195,lahka označena pot
217,Podnanos - Sveta Ana (Razguri) (mimo Vrabč),120,lahka neoznačena steza
218,Solkan - Dom na Sabotinu (južna pot),100,lahka označena pot
218,Solkan - Dom na Sabotinu (severna pot),105,delno zahtevna označena pot
219,Podnanos - Sveti Socerb (Vipavska brda) (položna pot),90,lahka neoznačena steza
219,Sveta Ana (Razguri) - Sveti Socerb (Vipavska brda),25,lahka neoznačena steza
220,Želimlje - Stari grad nad Želimljami,50,lahka neoznačena steza
221,Vratca  - Štanjel (Sveti Danijel) (Vratca - Sv. Danijel (Štanjel)),60,lahka označena pot
222,Lokvica - Lešenjak,165,lahka označena pot
223,Pliskovica - Volnik,90,lahka označena pot
224,Logatec - Sekirica (mimo skakalnic),20,lahka neoznačena steza
224,Logatec - Sekirica (mimo nogometnega igrišča),10,lahka neoznačena steza
225,Dolenja vas - Griček,10,lahka neoznačena steza
226,Temnica - Sveti Ambrož (Tabor) (zahodna pot),45,lahka neoznačena steza
226,Temnica - Sveti Ambrož (Tabor) (severna pot),50,lahka neoznačena steza
227,Drevesnica Štivan - Štivanski log,20,lahka neoznačena steza
228,Slovenska vas - Petelinjsko jezero,20,lahka označena pot
229,Gradišče pri Vipavi - Plaz,40,lahka označena pot
230,Prevala - Veliki hrib (kota 526),35,lahka označena pot
231,Stara Vrhnika - Kuren (Sveti Miklavž),35,lahka označena pot
232,Vrtovin - Školj sv. Pavla nad Vrtovinom,35,lahka označena pot
232,Gojače - Školj sv. Pavla nad Vrtovinom (mimo korita),60,lahka označena pot
232,Gojače - Školj sv. Pavla nad Vrtovinom (mimo vodnega stolpa),60,lahka neoznačena steza
232,Malovše - Školj sv. Pavla nad Vrtovinom,65,lahka označena pot
233,Pri Ruski rajdi - Planinski dom v Novem Svetu,25,lahka označena pot
234,Rakov Škocjan (hotel) - Rakov Škocjan (Rakova pot),170,lahka označena pot
234,Rakov Škocjan (hotel) - Rakov Škocjan (Tkalčeva pot),105,lahka označena pot
234,Rakov Škocjan (hotel) - Rakov Škocjan (Jamarska pot),70,lahka označena pot
235,Povir - Gura,35,lahka neoznačena steza
236,Komare doline - Veliki Gradež,90,lahka označena pot
236,Krog - Veliki Gradež,155,lahka označena pot
236,Zazid - Veliki Gradež,45,lahka označena pot
237,Lokvica - Vrtovka,140,lahka označena pot
238,Skrilje - Skrivski izvir (Skrlanka),90,lahka označena pot
239,Planina - Planinska jama,5,lahka označena pot
240,Krog - Tri učke,135,lahka neoznačena steza
240,Zazid - Tri učke,90,lahka neoznačena steza
240,Komare doline - Tri učke,110,lahka neoznačena steza
241,Krog - Kuk,170,lahka označena pot
241,Zazid - Kuk,60,lahka označena pot
241,Komare doline - Kuk,75,lahka označena pot
242,Kopališče Lajšt - Brusove klavže (po gozdni cesti),60,lahka neoznačena steza
243,Podpeč - Sveta Ana,30,lahka označena pot
243,Jezero - Sveta Ana,35,lahka označena pot
243,Preserje - Sveta Ana,20,lahka označena pot
244,Rimska trdnjava (Lanišče) - Grčarevec (mimo Razgledišča),120,lahka označena pot
245,Dom v Iškem Vintgarju - Klada (Evropska pešpot E6),170,lahka označena pot
246,"Sežana - Veliki Medvejk / Monte Orsario (čez Živi muzej Krasa, Orlek in Fernetiče)",150,lahka označena pot
247,Črnotiče - Marija Snežna na Gradišcah,40,lahka neoznačena steza
247,Praproče - Marija Snežna na Gradišcah,25,lahka označena pot
248,Lokvica - Veliki vrh (Črni hribi),90,lahka označena pot
248,Kostanjevica na Krasu - Veliki vrh (Črni hribi),75,lahka neoznačena steza
249,Volče - Mengore,40,lahka neoznačena steza
249,Preval Poljance - Mengore (strma pot),30,lahka neoznačena steza
250,Hrastovlje - Lačna,75,lahka označena pot
250,Gračišče - Lačna,30,lahka označena pot
250,Kubed - Lačna,45,lahka označena pot
250,Komare doline - Lačna,35,lahka označena pot
250,Zazid - Lačna,130,lahka označena pot
250,Krog - Lačna,240,lahka označena pot
251,Vilenica - Tupla jama,20,lahka neoznačena steza
252,Grčarevec - Laze (čez Vranjo jamo),90,"lahka označena pot, delno zahtevna označena pot"
253,Podpeč - Zjat,25,delno zahtevna označena pot
253,Hrastovlje - Zjat,100,delno zahtevna označena pot
253,Slačka baba - Zjat,65,"lahka neoznačena steza, delno zahtevna označena pot"
253,Črnotiče - Zjat,80,lahka neoznačena steza
253,Praproče - Zjat,25,lahka označena pot
254,Lokvica - Renški vrh,115,lahka označena pot
255,Vitovlje - Vitovsko jezero,20,lahka označena pot
256,Gostišče Pekel - Soteska Pekel 3. slap,25,delno zahtevna označena pot
257,Preserje - Sveti Jožef (Mlečnik),15,lahka neoznačena steza
258,Gradišče pri Vipavi - Sveti Miklavž nad Vipavo,35,lahka označena pot
258,Podnanos - Sveti Miklavž nad Vipavo,65,lahka označena pot
259,Osp - Grad Socerb (čez Spodnji kras),85,lahka označena pot
259,Osp - Grad Socerb,75,lahka označena pot
259,Varda - Grad Socerb,35,lahka označena pot
259,Osp - Grad Socerb (skozi Kastelec),90,lahka označena pot
259,Žlebinje - Grad Socerb,50,lahka označena pot
259,Petrinje - Grad Socerb,80,lahka označena pot
260,Lokvica - Fajti hrib,60,lahka označena pot
260,Kostanjevica na Krasu - Fajti hrib,70,lahka neoznačena steza
261,Dolina Drage - Sveti Gregor na Dobravici,25,lahka neoznačena steza
262,Osp - Črnokalska Varda,85,lahka označena pot
262,Varda - Črnokalska Varda,5,lahka označena pot
262,Žlebinje - Črnokalska Varda,10,lahka označena pot
264,Lipica (Škibini)  - Jama Vilenica,60,lahka označena pot
265,Dom v Iškem Vintgarju - Iški Vintgar (Vrbica),75,delno zahtevna označena pot
267,Preserje - Žalostna gora pri Preserju,30,lahka označena pot
267,Prevalje pod Krimom - Žalostna gora pri Preserju,10,lahka neoznačena steza
268,Komare doline - Krog,50,lahka neoznačena steza
268,Zazid - Krog,80,lahka neoznačena steza
268,Krog - Krog,190,"lahka označena pot, lahko brezpotje"
269,Komare doline - Vrh križa,40,lahka označena pot
269,Zazid - Vrh križa,95,lahka označena pot
269,Krog - Vrh križa,205,lahka označena pot
270,Dolina Drage - Sveti Rupert nad Drago,20,lahka neoznačena steza
271,Krog - Sveti Kvirik,75,lahka označena pot
271,Komare doline - Sveti Kvirik,80,lahka označena pot
272,Kostel - Grad Kostel,15,lahka označena pot
272,Gorenja Žaga - Grad Kostel,35,lahka označena pot
273,Ročinj  - Sveti Pavel (nad Ročinjem) (čez Sedlo),45,lahka označena pot
273,Ročinj  - Sveti Pavel (nad Ročinjem) (mimo znamenj),35,lahka označena pot
273,Ročinj  - Sveti Pavel (nad Ročinjem) (čez Preval),40,lahka označena pot
274,Tišenpolj - Izvir Nežice,20,lahka označena pot
275,Plave  - Prižnica,50,lahka neoznačena steza
275,Plave - Prižnica (po cesti),75,lahka neoznačena steza
276,Osp - Tinjan,60,lahka označena pot
276,Dekani - Tinjan (po poti vzpona krožne poti),80,lahka označena pot
276,Stepani - Tinjan,50,lahka označena pot
276,Dekani - Tinjan (po poti sestopa krožne poti),90,lahka označena pot
276,Spodnje Škofije - Tinjan,75,lahka označena pot
276,Plavje - Tinjan,70,lahka neoznačena steza
277,Divača (Lokavska cesta) - Udornica Risnik (krasoslovno naravoslovna učna pot),75,lahka označena pot
278,Branik - Sveti Duh (Pedrovo) (po gozdni poti),60,lahka označena pot
278,Branik - Sveti Duh (Pedrovo) (po kolovozu),70,lahka označena pot
279,Kampel (Kapelca) - Pomjan (pot Vinka Lovrečiča),105,lahka označena pot
279,Kampel (Kapelca) - Pomjan (stara pot),90,lahka označena pot
280,Osredek - Dom v Iškem Vintgarju,150,lahka označena pot
281,Sveti Kvirik - Orlovo gnezdo (Veli Badin),60,"lahka označena pot, zahtevna označena pot"
281,Komare doline - Orlovo gnezdo (Veli Badin),140,"lahka označena pot, zahtevna označena pot"
282,"Idrijca - Divje jezero (krožna pot,  ni več prehodna!)",10,lahka označena pot
282,Most čez Jezernico - Divje jezero (južna pot),5,lahka neoznačena steza
282,Most čez Jezernico - Divje jezero (severna pot),5,lahka neoznačena steza
283,Lokvica - Veliko Cerje,5,lahka označena pot
283,Kostanjevica na Krasu - Veliko Cerje (mimo Borojevićevega prestola),75,lahka neoznačena steza
283,Kostanjevica na Krasu - Veliko Cerje (čez Fajti hrib),115,lahka neoznačena steza
284,Jezero - Sveti Lovrenc (Jezero),5,lahka neoznačena steza
285,Plave  - Sveti Kvirin na Paljevem (čez Prižnico),65,lahka neoznačena steza
285,Plave - Sveti Kvirin na Paljevem (po cesti),55,lahka neoznačena steza
286,Boljunec / Bagnoli della Rosandra - Dolina reke Glinščice / Val Rosandra,240,lahka označena pot
287,Dolina Drage - Dolina Drage (Gozdna učna pot Draga),50,lahka označena pot
288,Izvir Ljubljanice (Močilnik) - Izvir Ljubljanice (Retovje),20,lahka označena pot
290,Lopar (Hiša od Bardinca) - Lopar (po poti oslovega hrbta),150,lahka neoznačena steza
291,Kostanjevica na Krasu - Jama Pečinka (mimo Borojevićevega prestola),60,lahka neoznačena steza
292,Lipe - Iški morost,30,lahka označena pot
292,Iški morost - Iški morost (Koščeva učna pot),35,lahka označena pot
292,V Tracu - Iški morost,20,lahka neoznačena steza
293,Vanganel - Marezige,60,lahka označena pot
293,Vanganel - Marezige (mimo Vanganelskega jezera),105,lahka označena pot
294,Orlek - Orleška draga,20,lahka neoznačena steza
295,Ročinj - Sveti Peter (Nad Ajbo),50,lahka neoznačena steza
296,Dragonja (Križišče) - Sveti Duh (Sveti Peter) (severozahodna pot),75,lahka označena pot
296,Dragonja (Križišče) - Sveti Duh (Sveti Peter) (jugovzhodna pot),90,lahka označena pot
297,Hrastovlje - Sveti Štefan (Zanigrad),40,lahka označena pot
297,Slačka baba - Sveti Štefan (Zanigrad),50,lahka neoznačena steza
298,Vipava - Stari grad Vipava,20,lahka označena pot
299,Dekani - Lovsko zavetišče Kolombar (vzhodna pot),55,lahka označena pot
299,Dekani - Lovsko zavetišče Kolombar (zahodna pot),40,lahka označena pot
300,Dekani - Goli hrib (zahodna pot),40,lahka označena pot
300,Dekani - Goli hrib (vzhodna pot),40,lahka označena pot
301,Prvačina - Kamno čelo (Mandrija) (Po cesti),25,lahka neoznačena steza
302,Ankaran - Črni vrh (Iskra),20,"lahka označena pot, lahka neoznačena steza"
303,Ankaran - Jurjev hrib,35,lahka neoznačena steza
304,Dekani - Slap potoka Struga,15,lahka označena pot
305,Vanganel - Vanganelsko jezero,25,lahka označena pot
306,Izola (Jagodje) - Strunjanski križ,45,lahka označena pot
306,Strunjan - Strunjanski križ,20,lahka označena pot
306,Srgaši (Križišče) - Strunjanski križ,210,lahka označena pot
307,Ankaran - Debeli rtič,45,lahka označena pot
308,Ankaran - Ankaran (Beblerjeva planinska pot),120,lahka označena pot
308,Osp - Ankaran,210,lahka označena pot
308,Zaliv sv. Jerneja - Ankaran,45,lahka označena pot
309,Strunjan - Strunjanske soline (krožna učna pot Strunjan v podobah morja),90,lahka označena pot
309,Izola (Jagodje) - Strunjanske soline,70,lahka označena pot
310,Aljažev dom v Vratih - Triglav (Tominškova pot),370,zelo zahtevna označena pot
310,Konec ceste na Pokljuki - Triglav (čez Planiko in Mali Triglav),360,zelo zahtevna označena pot
310,Dolina Krma - Triglav (čez Kredarico),375,zelo zahtevna označena pot
310,Aljažev dom v Vratih - Triglav (čez Plemenice),390,zelo zahtevna označena pot
310,Aljažev dom v Vratih - Triglav (čez Prag),380,zelo zahtevna označena pot
310,Dolina Krma - Triglav (čez Planiko in Mali Triglav),360,zelo zahtevna označena pot
310,Koča pri Savici - Triglav (po Dolini Triglavskih jezer),535,zelo zahtevna označena pot
310,Zadnjica - Triglav (čez Dolič),450,zelo zahtevna označena pot
310,Rudno polje - Triglav (čez Kredarico),400,zelo zahtevna označena pot
310,Konec  ceste na Pokljuki - Triglav (čez Planiko in Triglavsko škrbino),355,zelo zahtevna označena pot
310,Konec ceste na Pokljuki - Triglav (čez Kredarico),375,zelo zahtevna označena pot
310,Dolina Kot - Triglav,385,zelo zahtevna označena pot
310,Dolina Krma - Triglav (čez Planiko in Triglavsko škrbino),355,zelo zahtevna označena pot
310,Turkov rovt (Vrata) - Triglav (po dolini Za Cmirom),385,"lahko brezpotje, zelo zahtevna označena pot"
310,Zadnjica - Triglav (čez Plemenice),440,zelo zahtevna označena pot
310,Rudno polje - Triglav (čez Kugyjevo polico),455,"zahtevno brezpotje, zelo zahtevna označena pot"
310,"Planina Blato - Triglav (čez Grintovico, Planiko in Mali Triglav)",410,"lahka neoznačena steza, zelo zahtevna označena pot"
310,Uskovnica (Razpotje) - Triglav (čez Planiko in Mali Triglav),390,zelo zahtevna označena pot
310,Stara Fužina - Triglav (čez Planiko in Mali Triglav),470,zelo zahtevna označena pot
310,Zadnjica - Triglav (čez Komar),430,zelo zahtevna označena pot
310,Planina Blato - Triglav (po dolini Za Kopico),480,zelo zahtevna označena pot
310,Stara Fužina - Triglav (čez Planiko in Triglavsko škrbino),465,zelo zahtevna označena pot
310,Uskovnica (Razpotje) - Triglav (čez Triglavsko škrbino),385,zelo zahtevna označena pot
310,Rudno polje - Triglav (mimo Doma Planika in čez Mali Triglav),385,zelo zahtevna označena pot
310,Zadnjica - Triglav (Kugyjeva pot na Triglav),450,"zelo zahtevna označena pot, zahtevna neoznačena steza"
310,Uskovnica (Lom) - Triglav (čez Triglavsko škrbino),390,zelo zahtevna označena pot
310,Srednja vas - Triglav (Za Ribnico in čez Triglavsko škrbino),485,zelo zahtevna označena pot
310,Rudno polje - Triglav (mimo Doma Planika in čez Triglavsko škrbino),380,zelo zahtevna označena pot
311,"Pecol - Montaž / Jôf di Montasio (mimo koče, čez Pipanovo lestev)",210,zelo zahtevna označena pot
311,Pecol - Montaž / Jôf di Montasio (čez Findeneggov ozebnik),225,zelo zahtevna označena pot
311,Planina Zajzera - Montaž / Jôf di Montasio (Via Amalia),405,zelo zahtevna označena pot
312,Aljažev dom v Vratih - Škrlatica,360,zelo zahtevna označena pot
312,Ruski križ - Škrlatica (čez Kriško steno),465,zelo zahtevna označena pot
312,Zadnjica - Škrlatica,535,zelo zahtevna označena pot
312,Gozd Martuljek  - Škrlatica (grebensko prečenje Mali Oltar-Škrlatica),870,alpinistični vzpon
312,Pišnica - Škrlatica (čez Kriško steno),505,zelo zahtevna označena pot
313,Aljažev dom v Vratih - Mali Triglav (Tominškova pot),335,zelo zahtevna označena pot
313,Aljažev dom v Vratih - Mali Triglav (čez Prag),345,zelo zahtevna označena pot
313,Dolina Kot - Mali Triglav,350,zelo zahtevna označena pot
313,Konec ceste na Pokljuki - Mali Triglav (čez Kredarico),340,zelo zahtevna označena pot
313,Rudno polje - Mali Triglav (mimo Doma Planika),350,zelo zahtevna označena pot
313,Uskovnica (Razpotje) - Mali Triglav (čez Planiko),355,zelo zahtevna označena pot
313,Konec ceste na Pokljuki - Mali Triglav (čez Planiko),325,zelo zahtevna označena pot
313,Dolina Krma - Mali Triglav (mimo Doma Planika pod Triglavom),325,zelo zahtevna označena pot
313,Dolina Krma - Mali Triglav (čez Kredarico),340,zelo zahtevna označena pot
313,Rudno polje - Mali Triglav (čez kredarico),365,zelo zahtevna označena pot
314,Mangartsko sedlo - Mangart (Slovenska pot),120,zelo zahtevna označena pot
314,Mangartsko sedlo - Mangart (Italijanska pot),120,zahtevna označena pot
314,Belopeška jezera - Mangart (Via Italiana),330,izjemno zahtevna označena pot
314,Loška Koritnica - Mangart,420,zelo zahtevna označena pot
314,Pri Mlinču - Mangart (slovenska pot),285,zelo zahtevna označena pot
314,Pri Mlinču - Mangart (italijanska pot),285,zahtevna označena pot
314,Pri Mlinču - Mangart (čez Gladki rob in po slovenski poti),285,"lahka neoznačena steza, zelo zahtevna označena pot"
314,Pri Mlinču - Mangart (čez Gladki rob in po italijanski poti),285,"lahka neoznačena steza, zahtevna označena pot"
315,Nevejski preval - Viš/Jof Fuart,300,zahtevna označena pot
315,Cave del Mole - Viš/Jof Fuart,270,zahtevna označena pot
315,Zajzera - Viš/Jof Fuart (Severovzhodna deber),360,izjemno zahtevna označena pot
315,Cave del Mole - Viš/Jof Fuart (Anita Goitan),330,zelo zahtevna označena pot
315,Bele vode - Viš/Jof Fuart (Pot stoletnice),360,zelo zahtevna označena pot
316,Pecol - Vrh Brda / Cima Verde,190,zelo zahtevna neoznačena steza
317,Poldov rovt (Vrata) - Visoki Rokav,390,alpinistični vzpon
317,Poldov rovt (Vrata) - Visoki Rokav (preko Velikega Oltarja (po grebenu)),540,alpinistični vzpon
318,NC Planica - Jalovec (mimo bivaka in čez Kotovo sedlo),370,zelo zahtevna označena pot
318,Vršič - Jalovec (mimo Zavetišča pod Špičkom),360,zelo zahtevna označena pot
318,Vršič - Jalovec (čez Jalovško škrbino),355,zelo zahtevna označena pot
318,Zadnja Trenta (Flori) - Jalovec (mimo Zavetišča pod Špičkom),345,zelo zahtevna označena pot
318,NC Planica - Jalovec (čez Jalovško škrbino),390,zelo zahtevna označena pot
318,Zadnja Trenta (Flori) - Jalovec (čez Jalovško škrbino),340,zelo zahtevna označena pot
318,Dom v Tamarju - Jalovec (zimski plezalni vzpon skozi zimski kamin),330,zelo zahtevno brezpotje
318,Loška Koritnica - Jalovec (mimo Zavetišča pod Špičkom),450,zelo zahtevna označena pot
318,NC Planica - Jalovec (po melišču in čez Kotovo sedlo),370,zelo zahtevna označena pot
318,Bavšica - Jalovec,455,zelo zahtevna označena pot
319,Poldov rovt (Vrata) - Veliki Oltar (mimo bivaka),360,zelo zahtevno brezpotje
319,Ruski križ - Veliki Oltar (po SZ grebenu),360,alpinistični vzpon
320,Ruski križ - Velika Martuljška Ponca,360,zelo zahtevno brezpotje
321,Zadnjica - Razor,360,zelo zahtevna označena pot
321,Vršič - Razor,330,zelo zahtevna označena pot
321,Aljažev dom v Vratih - Razor (čez Sovatno),390,zelo zahtevna označena pot
321,Ruski križ - Razor (čez Kriško steno),450,zelo zahtevna označena pot
322,Aljažev dom v Vratih - Dolkova špica (zahodna pot),315,zahtevna označena pot
322,Aljažev dom v Vratih - Dolkova špica (vzhodna pot),330,zelo zahtevna označena pot
322,Aljažev dom v Vratih - Dolkova špica (po JV grebenu),300,zelo zahtevno brezpotje
322,Ruski križ - Dolkova špica (čez Kriško steno),355,zelo zahtevna označena pot
322,Pišnica - Dolkova špica (čez Kriško steno),395,zelo zahtevna označena pot
322,Zadnjica - Dolkova špica,425,zahtevna označena pot
323,D Postaja - Visoki Kanin,150,zelo zahtevna označena pot
323,Nevejski preval - Visoki Kanin (Via ferrata Divisione Julia),285,zelo zahtevna označena pot
323,Gozdec - Visoki Kanin (čez Zadnji dol),360,zelo zahtevna označena pot
323,Nevejski preval - Visoki Kanin (Via ferrata Rosalba Grasselli),375,zelo zahtevna označena pot
323,Gozdec - Visoki Kanin (mimo Doma Petra Skalarja na Kaninu),400,zelo zahtevna označena pot
323,Gozdec - Visoki Kanin (Visoka Rezijanska pot),420,zelo zahtevna označena pot
323,Korito / Coritis - Visoki Kanin (Via Normale Resiana),370,"zahtevna označena pot, zahtevno brezpotje"
323,Korito / Coritis - Visoki Kanin (Via ferrata Rosalba Grasselli),410,zelo zahtevna označena pot
324,Dom Planika pod Triglavom - Rjavec,60,zelo zahtevno brezpotje
325,D Postaja - Mali Kanin,165,zelo zahtevna označena pot
325,Korito / Coritis - Mali Kanin (Via Normale Resiana),350,"zahtevna označena pot, zahtevno brezpotje"
325,Gozdec - Mali Kanin (Visoka Rezijanska pot),400,zelo zahtevna označena pot
326,Zadnjica - Kanjavec (Zahodni vrh) (čez Prehodavce),375,"lahka označena pot, lahka neoznačena steza"
326,Zadnjica - Kanjavec (Zahodni vrh) (čez Dolič),405,"zahtevna označena pot, lahka neoznačena steza"
326,Planina Blato - Kanjavec (Zahodni vrh) (čez Planino v Lazu in po Dolini za Debelim vrhom),345,lahko brezpotje
326,Planina Blato - Kanjavec (Zahodni vrh) (čez Planino Krstenico in po Dolini za Debelim vrhom),360,lahko brezpotje
327,Zadnjica - Kanjavec (čez Prehodavce),375,lahka označena pot
327,Planina Blato - Kanjavec (po dolini Za Kopico),335,lahka označena pot
327,Koča pri Savici - Kanjavec (po Dolini Triglavskih jezer),390,zahtevna označena pot
327,Zadnjica - Kanjavec (čez Dolič),395,zahtevna označena pot
327,Planina Blato - Kanjavec (po Dolini za Debelim vrhom),345,lahko brezpotje
327,Planina Blato - Kanjavec (po Dolini za Mišelj vrhom),375,lahko brezpotje
327,Planina Blato - Kanjavec (čez Planino Krstenico in po Dolini za Debelim vrhom),360,lahko brezpotje
327,Aljažev dom v Vratih - Kanjavec,420,zahtevna označena pot
328,Zadnjica - Glava v Zaplanji (čez Dolič),390,lahka neoznačena steza
328,Aljažev dom v Vratih - Glava v Zaplanji (čez Plemenice),335,"zelo zahtevna označena pot, lahka neoznačena steza"
328,Zadnjica - Glava v Zaplanji (čez Plemenice),385,"zelo zahtevna označena pot, lahka neoznačena steza"
328,Planina Blato - Glava v Zaplanji (po dolini Za Kopico),425,lahka neoznačena steza
329,Aljažev dom v Vratih - Rogljica (zahodna pot),320,zelo zahtevno brezpotje
330,Vršič - Prisank / Prisojnik (Kopiščarjeva pot),230,zelo zahtevna označena pot
330,Vršič - Prisank / Prisojnik (Slovenska pot),210,zahtevna označena pot
330,Vršič - Prisank / Prisojnik (Grebenska pot),210,zelo zahtevna označena pot
330,Koča na Gozdu - Prisank / Prisojnik (Hanzova pot),300,zelo zahtevna označena pot
330,Vršič - Prisank / Prisojnik (Jubilejna pot),360,zelo zahtevna označena pot
330,Erjavčeva koča na Vršiču - Prisank / Prisojnik (Slovenska pot),225,zahtevna označena pot
330,Erjavčeva koča na Vršiču - Prisank / Prisojnik (Kopiščarjeva pot),240,zelo zahtevna označena pot
330,Erjavčeva koča na Vršiču - Prisank / Prisojnik (grebenska pot),225,zelo zahtevna označena pot
330,Vršič - Prisank / Prisojnik (čez Kajzljevo škrbino),270,zelo zahtevna označena pot
330,Erjavčeva koča na Vršiču - Prisank / Prisojnik (Jubilejna pot),375,zelo zahtevna označena pot
330,Erjavčeva koča na Vršiču - Prisank / Prisojnik (čez Kajzljevo škrbino),300,zelo zahtevna označena pot
332,Poldov rovt (Vrata) - Dovški križ (mimo bivaka),330,zelo zahtevna neoznačena steza
332,Poldov rovt (Vrata) - Dovški križ (čez Brinje),345,zelo zahtevna neoznačena steza
333,Dolina Krma - Kredarica,305,lahka označena pot
333,Konec ceste na Pokljuki - Kredarica,305,zahtevna označena pot
333,Dolina Kot - Kredarica,305,zahtevna označena pot
333,Rudno polje - Kredarica,330,zahtevna označena pot
333,Aljažev dom v Vratih - Kredarica (Tominškova pot),300,zelo zahtevna označena pot
333,Aljažev dom v Vratih - Kredarica (čez Prag),305,zelo zahtevna označena pot
333,Turkov rovt (Vrata) - Kredarica (po dolini Za Cmirom),305,"lahko brezpotje, zahtevna označena pot"
334,Dolina Kot - Rž,295,zahtevno brezpotje
334,Aljažev dom v Vratih - Rž (Tominškova pot),310,"zelo zahtevna označena pot, zahtevno brezpotje"
334,Aljažev dom v Vratih - Rž (čez Prag),315,"zelo zahtevna označena pot, zahtevno brezpotje"
334,Dolina Krma - Rž,360,zahtevno brezpotje
335,Dolina Kot - Rjavina (plezalna pot),300,zelo zahtevna označena pot
335,Dolina Kot - Rjavina (grebenska pot),370,zelo zahtevna označena pot
335,Dolina Krma - Rjavina (čez Teme),320,zahtevno brezpotje
335,Aljažev dom v Vratih - Rjavina (Tominškova pot),385,zelo zahtevna označena pot
335,Aljažev dom v Vratih - Rjavina (čez Prag),390,zelo zahtevna označena pot
335,Dolina Krma - Rjavina (grebenska pot),405,zelo zahtevna označena pot
335,Dolina Kot - Rjavina (grebensko prečenje Macesnovec-Rjavina),480,zelo zahtevno brezpotje
335,Konec ceste na Pokljuki - Rjavina,385,zelo zahtevna označena pot
335,Rudno polje - Rjavina,410,zelo zahtevna označena pot
336,Pecol - Špik nad Nosom / Foronon del Buinz (Ceria Merlone),225,zelo zahtevna označena pot
336,Nevejski preval - Špik nad Nosom / Foronon del Buinz (čez Škrbino prednje Špranje),360,zelo zahtevna označena pot
337,Zadnjica - Triglavska vojašnica Viktorja Emanuela III. (čez Dolič),390,"lahka označena pot, lahka neoznačena steza"
337,Zadnjica - Triglavska vojašnica Viktorja Emanuela III. (čez Plemenice),380,"zelo zahtevna označena pot, lahka neoznačena steza"
337,Planina Blato - Triglavska vojašnica Viktorja Emanuela III. (po dolini Za Kopico),420,lahka neoznačena steza
337,Aljažev dom v Vratih - Triglavska vojašnica Viktorja Emanuela III. (čez Plemenice),330,"zelo zahtevna označena pot, lahka neoznačena steza"
338,Dolina Krma - Triglavski dom na Kredarici,300,lahka označena pot
338,Rudno polje - Triglavski dom na Kredarici,325,zahtevna označena pot
338,Aljažev dom v Vratih - Triglavski dom na Kredarici (Tominškova pot),295,zelo zahtevna označena pot
338,Aljažev dom v Vratih - Triglavski dom na Kredarici (čez Prag),300,zelo zahtevna označena pot
338,Konec ceste na Pokljuki - Triglavski dom na Kredarici,300,zahtevna označena pot
338,Dolina Kot - Triglavski dom na Kredarici,310,zahtevna označena pot
338,Zadnjica - Triglavski dom na Kredarici,450,zahtevna označena pot
338,Stara Fužina - Triglavski dom na Kredarici,410,lahka označena pot
338,Uskovnica (Lom) - Triglavski dom na Kredarici (čez planino Spodnji Tosc),335,zahtevna označena pot
338,Uskovnica (Razpotje) - Triglavski dom na Kredarici (čez planino Spodnji Tosc),330,zahtevna označena pot
338,Turkov rovt (Vrata) - Triglavski dom na Kredarici (po dolini Za Cmirom),310,"lahko brezpotje, zahtevna označena pot"
339,Mrzla Voda (dolina) - Divja koza (Čez Trbiško škrbino),870,zelo zahtevna neoznačena steza
340,Nevejski preval - Koštrunove špice (čez Škrbino prednje Špranje),270,zahtevna označena pot
340,Cave del Mole - Koštrunove špice (čez Škrbino prednje Špranje),240,zahtevna označena pot
340,Cave del Mole - Koštrunove špice (čez Škrbino zadnje Špranje),240,zahtevna označena pot
341,Gozd Martuljek - Mala Martuljška Ponca,390,zelo zahtevno brezpotje
342,Aljažev dom v Vratih - Stenar (čez Sovatno),315,delno zahtevna označena pot
342,Zadnjica - Stenar,360,lahka označena pot
342,Aljažev dom v Vratih - Stenar (čez Stenarska vratca),305,zahtevna neoznačena steza
342,Ruski križ - Stenar (čez Križ),375,zelo zahtevna označena pot
342,Pišnica - Stenar (čez Križ),415,zelo zahtevna označena pot
343,Aljažev dom v Vratih  - Spodnji Rokav (Potočnik - Tominšek),300,alpinistični vzpon
344,D postaja - Prestreljenik,45,delno zahtevna označena pot
344,Nevejski Preval - Prestreljenik (mimo koče Gilberti),255,zahtevna označena pot
344,B postaja - Prestreljenik (čez Krnico),265,zahtevna označena pot
344,Nevejski preval - Prestreljenik (pot 636),225,zahtevna označena pot
344,Nevejski preval - Prestreljenik (po smučarski progi),210,delno zahtevna označena pot
344,Gozdec - Prestreljenik (mimo Doma Petra Skalarja),345,zahtevna označena pot
345,Gozd Martuljek - Široka peč,300,alpinistični vzpon
346,Zadnjica - Poprovec (čez Dolič),440,"zahtevna označena pot, lahko brezpotje"
346,Planina Blato - Poprovec (čez Planino v Lazu in po Dolini za Debelim vrhom),380,lahko brezpotje
346,Planina Blato - Poprovec (čez Planino Krstenico in po Dolini za Debelim vrhom),395,lahko brezpotje
347,Planina Blato - Teme (Hribarice) (čez Planino v Lazu in po Dolini za Debelim vrhom),365,lahko brezpotje
347,Planina Blato - Teme (Hribarice) (čez Planino Krstenico in po Dolini za Debelim vrhom),380,lahko brezpotje
347,Zadnjica - Teme (Hribarice) (čez Dolič),425,"zahtevna označena pot, lahko brezpotje"
348,Vršič - Veliki Ozebnik (čez Jalovško škrbino),335,zahtevno brezpotje
348,Vršič - Veliki Ozebnik (mimo Zavetišča pod Špičkom),320,zahtevno brezpotje
348,Zadnja Trenta (Flori) - Veliki Ozebnik (mimo Zavetišča pod Špičkom),305,zahtevno brezpotje
348,Zadnja Trenta (Flori) - Veliki Ozebnik (čez Jalovško škrbino),320,zahtevno brezpotje
349,Koča na Doliču pod Triglavom - Vrh Zelenic,60,zahtevno brezpotje
350,Pišnica - Špik (skozi Kačji graben),280,zahtevna označena pot
350,Ruski križ - Špik (mimo Koče v Krnici),290,zelo zahtevna označena pot
350,Ruski križ - Špik (skozi Kačji graben),285,zahtevna označena pot
350,Pišnica - Špik (mimo Koče v Krnici),330,zelo zahtevna označena pot
351,Zadnjica - Mišeljski Konec (čez Dolič),375,zahtevno brezpotje
352,Dolina Kot - Begunjski vrh,280,zahtevna označena pot
352,Aljažev dom v Vratih - Begunjski vrh (Tominškova pot),295,zelo zahtevna označena pot
352,Aljažev dom v Vratih - Begunjski vrh (čez Prag),300,zelo zahtevna označena pot
352,Turkov rovt (Vrata) - Begunjski vrh (snežni pristop),270,lahko brezpotje
352,Dolina Krma - Begunjski vrh,345,lahka označena pot
352,Konec ceste na Pokljuki - Begunjski vrh,355,zahtevna označena pot
353,Zadnjica - Planja,345,zahtevna označena pot
353,Vršič - Planja,305,zahtevna označena pot
353,Aljažev dom v Vratih - Planja (čez Sovatno),365,zahtevna označena pot
353,Ruski križ - Planja (čez Kriško steno),425,zelo zahtevna označena pot
354,Gozdec - Vrh Laške Planje,300,zelo zahtevna označena pot
354,Parkirišče Kot - Vrh Laške Planje,345,zelo zahtevna označena pot
355,Planina Blato - Vršaki (Vzhodni vrh) (čez Planino v Lazu in po Dolini za Debelim vrhom),300,lahko brezpotje
355,Koča pri Savici - Vršaki (Vzhodni vrh),380,"zahtevna označena pot, lahko brezpotje"
355,Zadnjica - Vršaki (Vzhodni vrh) (čez Dolič),385,lahko brezpotje
355,Planina Blato - Vršaki (Vzhodni vrh) (čez Planino Krstenico in po Dolini za Debelim vrhom),315,lahko brezpotje
356,Nevejski preval - Vrh Krnice,315,zelo zahtevna označena pot
356,Korito / Coritis - Vrh Krnice,350,zelo zahtevna označena pot
357,Planina Blato - Vršaki (Južni vrh) (čez Planino v Lazu in po Dolini za Debelim vrhom),350,lahko brezpotje
357,Planina Blato - Vršaki (Južni vrh) (čez Planino Krstenico in po Dolini za Debelim vrhom),365,lahko brezpotje
358,Pecol - Špik Hude police / Cima di Terrarossa,165,lahka neoznačena steza
358,Pecol - Špik Hude police / Cima di Terrarossa (Leva),270,zelo zahtevna označena pot
359,Pecol - Bivak Suringar,165,zelo zahtevna označena pot
359,Planina Zajzera - Bivak Suringar (Via Amalia),345,zelo zahtevna označena pot
360,Gozdec - Pod Kaninom (Visoka Rezijanska pot),375,zelo zahtevna označena pot
361,Plaz Črlovec - Kukova špica (čez Gulce),300,zahtevna neoznačena steza
361,Plaz Črlovec - Kukova špica (čez JV raz),360,alpinistični vzpon
362,Planina Blato - Vršaki (Srednji vrh) (čez Planino Krstenico in po Dolini za Debelim vrhom),335,lahko brezpotje
362,Planina Blato - Vršaki (Srednji vrh) (čez Planino v Lazu in po Dolini za Debelim vrhom),320,lahko brezpotje
363,Gozdec - Črni Vogel,330,zelo zahtevna označena pot
364,Planina Blato - Vršaki (Vrh za Koritami) ( čez Planino Krstenico in po Dolini za Debelim vrhom),355,lahko brezpotje
364,Planina Blato - Vršaki (Vrh za Koritami) (čez Planino v Lazu in po Dolini za Debelim vrhom),340,lahko brezpotje
365,Aljažev dom v Vratih - Pihavec (čez Luknjo),270,zahtevno brezpotje
365,Aljažev dom v Vratih - Pihavec (čez Sovatno),315,zahtevna označena pot
365,Zadnjica - Pihavec,315,zahtevna označena pot
365,Zadnjica - Pihavec (čez Luknjo),315,zahtevno brezpotje
366,Ruski križ - Lipnica (mimo Koče v Krnici),255,zahtevna označena pot
366,Pišnica - Lipnica (mimo Koče v Krnici),295,zelo zahtevna označena pot
367,Prelaz Na Žlebeh / Sella Nevea - Špik nad Planjo / Punta Plagnis (neoznačena mulatjera),270,delno zahtevna neoznačena pot
368,Aljažev dom v Vratih - Križ (mimo bivaka na Rušju),270,delno zahtevna označena pot
368,Zadnjica - Križ (čez Bovška vratica),330,delno zahtevna označena pot
368,Aljažev dom v Vratih - Križ (čez Sovatno),300,zahtevna označena pot
368,Ruski križ - Križ,285,zelo zahtevna označena pot
368,Zadnjica - Križ (čez Dovška vrata),345,zahtevna označena pot
368,Aljažev dom v Vratih - Križ (čez Stenarska vratca),290,"zahtevna neoznačena steza, zahtevna označena pot"
368,Pišnica - Križ,325,zelo zahtevna označena pot
369,Dolina Kot - Visoka Vrbanova špica (pot Lojzeta Rekarja),310,zelo zahtevna označena pot
369,Dolina Kot - Visoka Vrbanova špica (mimo Staničevega doma),270,zahtevna označena pot
369,Dolina Krma - Visoka Vrbanova špica,335,lahka označena pot
369,Aljažev dom v Vratih - Visoka Vrbanova špica (čez Prag),290,zelo zahtevna označena pot
369,Konec ceste na Pokljuki - Visoka Vrbanova špica,345,zahtevna označena pot
369,Turkov rovt (Vrata) - Visoka Vrbanova špica (snežni pristop),260,lahko brezpotje
369,Aljažev dom v Vratih - Visoka Vrbanova špica (Tominškova pot),285,zelo zahtevna označena pot
370,Planina Krnica - Lopa,240,zelo zahtevno brezpotje
370,D postaja - Lopa,135,zelo zahtevno brezpotje
371,Aljažev dom v Vratih - Gubno (nad Kriško steno),280,lahko brezpotje
371,Ruski križ - Gubno (nad Kriško steno),295,"zelo zahtevna označena pot, lahko brezpotje"
371,Pišnica - Gubno (nad Kriško steno),335,"zelo zahtevna označena pot, lahko brezpotje"
372,Dolina Krma - Dom Planika pod Triglavom,270,lahka označena pot
372,Konec ceste na Pokljuki - Dom Planika pod Triglavom,270,zahtevna označena pot
372,Zadnjica - Dom Planika pod Triglavom,405,zahtevna označena pot
372,Stara Fužina - Dom Planika pod Triglavom,380,zahtevna označena pot
372,Uskovnica (Razpotje) - Dom Planika pod Triglavom (čez planino Spodnji Tosc),300,zahtevna označena pot
372,Planina Blato - Dom Planika pod Triglavom (čez Grintovico),320,"lahka neoznačena steza, zahtevna označena pot"
372,Uskovnica (Lom) - Dom Planika pod Triglavom (čez planino Spodnji Tosc),305,zahtevna označena pot
372,Srednja vas - Dom Planika pod Triglavom (Za Ribnico in čez planino Spodnji Tosc),390,zahtevna označena pot
372,Rudno polje - Dom Planika pod Triglavom,295,zelo zahtevna označena pot
373,Koča pri Savici - Veliko Špičje,340,zahtevna označena pot
373,Koča  pri Savici - Veliko Špičje (mimo Zasavske koče),435,zahtevna označena pot
373,Planina Blato - Veliko Špičje (čez Štapce),345,zahtevna označena pot
373,Planina Blato - Veliko Špičje (po dolini Za Kopico),440,zahtevna označena pot
373,Vas na Skali - Veliko Špičje (na greben Špičja po Tumovi smeri),300,zelo zahtevno brezpotje
373,Trenta - Veliko Špičje,390,zahtevna označena pot
373,Zadnjica - Veliko Špičje,380,zahtevna označena pot
374,Dolina Kot - Cmir,370,zahtevna označena pot
374,Aljažev dom v Vratih - Cmir (Tominškova pot),385,zelo zahtevna označena pot
374,Aljažev dom v Vratih - Cmir (čez Prag),390,zelo zahtevna označena pot
374,Dolina Krma - Cmir,435,zahtevna označena pot
375,Aljažev dom v Vratih - Bovški Gamsovec (čez Luknjo),275,zahtevna označena pot
375,Aljažev dom v Vratih - Bovški Gamsovec (čez Sovatno),285,zahtevna označena pot
375,Zadnjica - Bovški Gamsovec (čez Luknjo),315,zahtevna označena pot
375,Zadnjica - Bovški Gamsovec (čez Dovška vrata),330,zahtevna označena pot
376,D postaja - Prestreljeniško okno,35,zahtevna označena pot
376,Križišče nad B postajo - Prestreljeniško okno (Ferata),285,zelo zahtevna označena pot
376,Križišče nad B postajo - Prestreljeniško okno,270,zahtevna označena pot
377,Planina Blato - Debeli vrh (čez Planino v Lazu),250,zahtevno brezpotje
377,Planina Blato - Debeli vrh (čez Planino Krstenico),265,lahko brezpotje
378,Planina Blato - Vrh Hribaric (čez Planino v Lazu in po Dolini za Debelim vrhom),300,lahko brezpotje
378,Zadnjica - Vrh Hribaric (čez Dolič),385,lahko brezpotje
378,Planina Blato - Vrh Hribaric (čez Planino Krstenico in po Dolini za Debelim vrhom),315,lahko brezpotje
378,Koča pri Savici - Vrh Hribaric,380,"zahtevna označena pot, lahko brezpotje"
379,Zadnjica - Šplevta (Indijanec),330,lahko brezpotje
379,Aljažev dom v Vratih - Šplevta (Indijanec),360,"delno zahtevna označena pot, lahko brezpotje"
380,Planina Pecol - Strma peč / Monte Cimone (pot 640 mimo škrbine Vandul),240,zahtevna označena pot
380,Planina Pecol - Strma peč / Monte Cimone (pot 641 po pobočju Viene),285,zahtevna označena pot
381,Vršič - Travnik (pri Mojstrovkah) (po grebenu),280,zahtevno brezpotje
381,Vršič - Travnik (pri Mojstrovkah),260,"delno zahtevna označena pot, zahtevno brezpotje"
382,Aljažev dom v Vratih - Kucelj (Julijske Alpe),285,"lahko brezpotje, delno zahtevna označena pot"
383,Gozdec - Vrh Osojnic,280,lahka označena pot
383,D postaja - Vrh Osojnic,50,zahtevna označena pot
383,D postaja - Vrh Osojnic (mimo Doma Petra Skalarja na Kaninu),75,zahtevna označena pot
384,Vršič - Velika Mojstrovka (zahodni vrh),160,"delno zahtevna označena pot, zahtevno brezpotje"
384,Vršič - Velika Mojstrovka (zahodni vrh) (čez Šitno glavo),180,zahtevna neoznačena steza
385,Zadnjica - Kriški rob,315,zahtevno brezpotje
385,Aljažev dom v Vratih - Kriški rob (čez Sovatno in mimo Pogačnikovega doma),345,"delno zahtevna označena pot, zahtevno brezpotje"
386,Vršič - Velika Mojstrovka (vzhodni vrh) (južna pot),150,zahtevna neoznačena steza
386,Vršič - Velika Mojstrovka (vzhodni vrh) (vzhodni pristop),145,"delno zahtevna označena pot, zahtevna neoznačena steza"
386,Vršič - Velika Mojstrovka (vzhodni vrh),145,"delno zahtevna označena pot, zahtevno brezpotje"
386,Vršič - Velika Mojstrovka (vzhodni vrh) (čez Šitno glavo),165,zahtevna neoznačena steza
387,Konec ceste na Pokljuki - Šmarjetna glava,360,zahtevno brezpotje
387,Zadnjica - Šmarjetna glava,380,zahtevno brezpotje
387,Dolina Krma - Šmarjetna glava,370,zahtevno brezpotje
387,Aljažev dom v Vratih - Šmarjetna glava (mimo Koče na Doliču),405,zahtevno brezpotje
388,Aljažev dom v Vratih - Spodnji Stenar (čez Sovatno),300,"delno zahtevna označena pot, lahko brezpotje"
389,Vršič - Zadnja Mojstrovka (čez Šitno glavo),205,zahtevno brezpotje
389,Vršič - Zadnja Mojstrovka,185,"delno zahtevna označena pot, zahtevno brezpotje"
390,Nevejski preval / Sella Nevea - Vrh Krnega dola / Monte Cregnedul (neoznačena mulatjera),225,delno zahtevna neoznačena pot
391,Vršič - Kol (po grebenu),295,zahtevno brezpotje
391,Vršič - Kol,275,"delno zahtevna označena pot, zahtevno brezpotje"
392,Zadnjica - Mišelj vrh (čez Dolič),435,zahtevno brezpotje
393,Pod Zjabci - Plaski Vogel (čez Travnik),345,zahtevno brezpotje
394,Soča - Bavški Grintavec,315,zahtevna označena pot
394,Zadnja Trenta (Flori) - Bavški Grintavec (direktna pot),270,zelo zahtevna označena pot
394,Zadnja Trenta (Flori) - Bavški Grintavec (čez Kanski preval),285,zelo zahtevna označena pot
395,Bavšica - Briceljk,300,zahtevna neoznačena steza
396,Belopeška jezera - Vevnica (pot življenja / Via della Vita),360,izjemno zahtevna označena pot
397,Dolina Krma - Vrh Snežne konte,285,lahko brezpotje
397,Konec ceste na Pokljuki - Vrh Snežne konte,285,"zahtevna označena pot, lahko brezpotje"
397,Uskovnica (Razpotje) - Vrh Snežne konte (čez planino Spodnji Tosc),315,"zahtevna označena pot, lahko brezpotje"
398,Parkirišče Kot - Vrh Žlebi,285,zelo zahtevna označena pot
399,D postaja - Velika Črnelska špica,215,zahtevna označena pot
399,Nevejski preval - Velika Črnelska špica (pot 636),285,zahtevna označena pot
399,Nevejski preval - Velika Črnelska špica (po smučarski progi),270,zahtevna označena pot
400,Vršič - Mala Mojstrovka (Hanzova pot),135,zelo zahtevna označena pot
400,Vršič - Mala Mojstrovka (južna pot),135,delno zahtevna označena pot
400,Vršič - Mala Mojstrovka (čez Šitno glavo),135,"lahka neoznačena steza, zahtevna označena pot"
400,NC Planica - Mala Mojstrovka (skozi Grlo),275,zelo zahtevna označena pot
400,Erjavčeva koča na Vršiču - Mala Mojstrovka (Hanzova pot),145,zelo zahtevna označena pot
401,Dolina Kot - Dom Valentina Staniča pod Triglavom,250,zahtevna označena pot
401,Dolina Krma - Dom Valentina Staniča pod Triglavom,315,lahka označena pot
401,Aljažev dom v Vratih - Dom Valentina Staniča pod Triglavom (Tominškova pot),265,zelo zahtevna označena pot
401,Aljažev dom v Vratih - Dom Valentina Staniča pod Triglavom (čez Prag),270,zelo zahtevna označena pot
401,Konec ceste na Pokljuki - Dom Valentina Staniča pod Triglavom,325,zahtevna označena pot
401,Dolina Krma - Dom Valentina Staniča pod Triglavom (skozi Travno dolino),300,lahka neoznačena steza
401,Turkov rovt (Vrata) - Dom Valentina Staniča pod Triglavom (snežni pristop),250,lahko brezpotje
401,Uskovnica (Lom) - Dom Valentina Staniča pod Triglavom (čez planino Spodnji Tosc),360,zahtevna označena pot
401,Stara Fužina - Dom Valentina Staniča pod Triglavom,465,lahka označena pot
401,Uskovnica (Razpotje) - Dom Valentina Staniča pod Triglavom (čez planino Spodnji Tosc),355,zahtevna označena pot
401,Rudno polje - Dom Valentina Staniča pod Triglavom,350,zahtevna označena pot
401,Dolina Kot - Dom Valentina Staniča pod Triglavom (pot Lojzeta Rekarja),325,zelo zahtevna označena pot
402,Planina Blato - Zadnji Vogel (snežni pristop),255,lahko brezpotje
403,Bavšica - Mali Ozebnik,290,"zelo zahtevna označena pot, zelo zahtevno brezpotje"
403,Loška Koritnica - Mali Ozebnik,265,"zelo zahtevna označena pot, zelo zahtevno brezpotje"
404,Rifugio Gilberti - Žrd / Sart,195,delno zahtevna označena pot
404,Reklanska dolina - Žrd / Sart,315,zahtevna označena pot
404,Solbica / Stolvizza - Žrd / Sart (mimo Ricovero Igor Crasso),360,zahtevna označena pot
404,Ladina - Žrd / Sart (mimo bivaka Marussich),360,delno zahtevna označena pot
404,Korito / Coritis - Žrd / Sart,340,delno zahtevna označena pot
405,Planina Blato - Velika Zelnarica (po dolini Za Kopico),255,lahko brezpotje
405,Planina  Blato - Velika Zelnarica (čez Štapce),345,"delno zahtevna označena pot, lahko brezpotje"
405,Koča pri Savici - Velika Zelnarica (čez Vrata),400,"zahtevna označena pot, lahko brezpotje"
405,Koča pri Savici - Velika Zelnarica (čez Štapce),390,"zahtevna označena pot, lahko brezpotje"
405,Konec ceste na Vogar - Velika Zelnarica (čez Štapce),350,"delno zahtevna označena pot, lahko brezpotje"
406,Zajzera - Veliki Nabojs / Monte Nabois grande,270,zelo zahtevna označena pot
406,Zajzera - Veliki Nabojs / Monte Nabois grande (grebenska pot),270,zelo zahtevna označena pot
407,Koča pri  Savici - Malo Špičje (mimo Zasavske koče),360,"zahtevna označena pot, lahka neoznačena steza"
407,Planina Blato - Malo Špičje (po dolini Za Kopico),365,"lahka označena pot, lahka neoznačena steza"
407,Trenta - Malo Špičje,315,"lahka označena pot, lahka neoznačena steza"
407,Zadnjica - Malo Špičje,305,"lahka označena pot, lahka neoznačena steza"
408,Planina Blato - Mala Zelnarica (po dolini Za Kopico),255,delno zahtevna označena pot
408,Planina Blato - Mala Zelnarica (čez Štapce),310,delno zahtevna označena pot
408,Koča pri Savici - Mala Zelnarica (čez Štapce),355,zahtevna označena pot
408,Koča pri Savici - Mala Zelnarica (čez Vrata),400,zahtevna označena pot
408,Konec ceste na Vogar - Mala Zelnarica (čez Štapce),315,delno zahtevna označena pot
409,Planina Blato - Škednjovec (po zahodnem grebenu),270,zelo zahtevno brezpotje
409,Planina Blato - Škednjovec (po vzhodnem grebenu),300,zelo zahtevno brezpotje
410,Dolina Kot - Spodnja Vrbanova špica (pot Lojzeta Rekarja),240,zelo zahtevna označena pot
411,D postaja - Konjc,60,zelo zahtevno brezpotje
411,Gozdec - Konjc,265,zelo zahtevno brezpotje
412,Pišnica - Frdamane police,270,zelo zahtevno brezpotje
413,Zadnjica - Na Nizkem (čez Dolič),415,zahtevno brezpotje
414,Konec ceste na Pokljuki - Tosc,205,lahka neoznačena steza
414,Uskovnica (Razpotje) - Tosc,235,"zahtevna označena pot, lahka neoznačena steza"
414,Rudno polje - Tosc,230,lahka neoznačena steza
414,Uskovnica (Lom) - Tosc (čez planino Spodnji Tosc),240,"zahtevna označena pot, lahka neoznačena steza"
414,Krma  - Tosc (severni pristop iz Bohinjskih vratc),300,"delno zahtevna označena pot, zelo zahtevno brezpotje"
414,Srednja vas - Tosc (Za Ribnico in čez planino Spodnji Tosc),325,"zahtevna označena pot, lahka neoznačena steza"
415,NC Planica - Visoka Ponca,285,zelo zahtevna označena pot
415,Belopeška jezera - Visoka Ponca (via normale),240,zelo zahtevna označena pot
415,Belopeška jezera - Visoka Ponca (ferrata),240,zelo zahtevna označena pot
416,Poldov  rovt (Vrata) - Šplevta (čez Brinje),285,zahtevna neoznačena steza
416,Poldov  rovt (Vrata) - Šplevta (mimo bivaka),270,zahtevna neoznačena steza
417,Belopeška jezera - Strug (pot življenja / Via della Vita - Vevnica - Strug),540,izjemno zahtevna označena pot
418,Gozdec - Dom Petra Skalarja na Kaninu,255,lahka označena pot
418,D postaja - Dom Petra Skalarja na Kaninu,50,zahtevna označena pot
418,D postaja - Dom Petra Skalarja na Kaninu (čez Vrh Osojnic),70,zahtevna označena pot
419,Bele vode / Rio Bianco - Visoka Bela Špica / Cima Alta di Riobianco (Normalni pristop iz Zgornje škrbine Belega potoka),300,alpinistični vzpon
420,Pod Zjabci - Travnik,285,"zahtevna neoznačena steza, lahko brezpotje"
421,Dolina Kot - Plesišče (Vrbanove špice) (pot Lojzeta Rekarja),255,zelo zahtevna označena pot
422,Planina Kuhinja - Krn,195,lahka označena pot
422,Dom v Lepeni - Krn,300,lahka označena pot
422,Drežnica - Krn (pot Silva Korena),300,zelo zahtevna označena pot
422,Koča pri Savici - Krn (mimo Krnskega jezera),470,lahka označena pot
422,Planina Kuhinja - Krn (mimo jezera v Lužnici),285,delno zahtevna označena pot
422,Drežnica - Krn (južna pot),285,lahka označena pot
422,Planina Kuhinja - Krn (čez Krnsko škrbino),210,lahka označena pot
422,Koča pri Savici - Krn (čez Prehodce),475,delno zahtevna označena pot
422,Krn - Krn (čez planino Sleme),325,delno zahtevna označena pot
422,Planina Polog - Krn (čez Prehodce),405,delno zahtevna označena pot
422,Planina Polog - Krn (čez planino Sleme),390,delno zahtevna označena pot
422,Planina Zapleč - Krn,270,zahtevna označena pot
422,Tolminske Ravne - Krn,450,zahtevna označena pot
422,Drežnica - Krn (mimo italijanske kapelice na Planici),315,"lahka neoznačena steza, lahka označena pot"
423,Konec ceste na Pokljuki - Veliki Draški vrh,165,delno zahtevna neoznačena pot
423,Rudno polje - Veliki Draški vrh (čez Kačji rob),210,"zahtevna označena pot, delno zahtevna neoznačena pot"
423,Rudno polje - Veliki Draški vrh (čez Jezerce in Studorski preval),190,delno zahtevna neoznačena pot
423,Uskovnica (Razpotje) - Veliki Draški vrh (čez planino Spodnji Tosc),270,"zahtevna označena pot, delno zahtevna neoznačena pot"
423,Konec ceste na Pokljuki  - Veliki Draški vrh (pot čez severni raz),195,zahtevno brezpotje
423,Uskovnica (Razpotje) - Veliki Draški vrh (čez Jezerce in Studorski preval),200,delno zahtevna neoznačena pot
423,Uskovnica (Lom) - Veliki Draški vrh (čez Jezerce in Studorski preval),220,delno zahtevna neoznačena pot
423,Uskovnica (Lom) - Veliki Draški vrh (čez planino Spodnji Tosc),275,"zahtevna označena pot, delno zahtevna neoznačena pot"
423,Srednja vas - Veliki Draški vrh (Za Ribnico in čez planino Spodnji Tosc),360,"zahtevna označena pot, delno zahtevna neoznačena pot"
423,"Srednja vas - Veliki Draški vrh (Za Ribnico, čez Jezerce in Studorski preval)",305,delno zahtevna neoznačena pot
424,NC Planica - Zadnja Ponca,290,zelo zahtevna označena pot
424,Belopeška jezera - Zadnja Ponca,270,zelo zahtevna označena pot
425,Rifugio Gilberti - Vrh Grubje,150,lahko brezpotje
426,NC Planica - Srednja Ponca,240,zahtevna označena pot
426,Belopeška jezera - Srednja Ponca,225,zelo zahtevna označena pot
427,Pod Zjabci - Čelo,315,lahko brezpotje
427,Koča pri Savici - Čelo (mimo Dvojnega jezera),415,"zahtevna označena pot, lahko brezpotje"
427,Konec ceste na Vogar - Čelo (čez Prode),425,lahko brezpotje
427,Planina Blato - Čelo (čez Štapce),420,"delno zahtevna označena pot, lahko brezpotje"
427,Planina Blato - Čelo (čez Prode),420,lahko brezpotje
427,Konec ceste na Vogar - Čelo (čez Štapce),425,"delno zahtevna označena pot, lahko brezpotje"
427,Koča pri Savici - Čelo (čez Komno),460,lahko brezpotje
428,Planina Blato - Srednji Vogel,240,lahko brezpotje
428,Konec ceste na Vogar - Srednji Vogel (mimo Grive),285,lahko brezpotje
429,Konec ceste na Pokljuki - Vernar,255,zelo zahtevno brezpotje
429,Dolina Krma - Vernar,245,zelo zahtevno brezpotje
429,Stara Fužina - Vernar,365,zelo zahtevno brezpotje
429,Planina Blato - Vernar (čez Grintovico),305,zelo zahtevno brezpotje
429,Uskovnica (Razpotje) - Vernar,285,zelo zahtevno brezpotje
429,Uskovnica (Lom) - Vernar,290,zelo zahtevno brezpotje
429,Srednja vas - Vernar (Za Ribnico in čez planino Spodnji Tosc),375,zelo zahtevno brezpotje
429,Rudno polje - Vernar,280,zelo zahtevno brezpotje
430,Trdnjava Kluže - Rombon,300,zahtevna označena pot
430,Zavrzelno - Rombon,285,zahtevna označena pot
430,D postaja - Rombon,300,zahtevna označena pot
430,Nevejski preval - Rombon (pot 636),405,zahtevna označena pot
430,Nevejski preval - Rombon (po smučarski progi),390,zahtevna označena pot
431,Zadnjica - Vodnikov Vršac (Vršac nad Zadnjico),295,lahko brezpotje
431,Zadnjica - Vodnikov Vršac (Vršac nad Zadnjico) (pot Mire Marko Debelakove),405,"zelo zahtevna označena pot, lahko brezpotje"
431,Trenta - Vodnikov Vršac (Vršac nad Zadnjico),295,lahko brezpotje
431,Koča pri Savici - Vodnikov Vršac (Vršac nad Zadnjico),350,"zahtevna označena pot, lahko brezpotje"
431,Planina Blato - Vodnikov Vršac (Vršac nad Zadnjico) (po dolini Za Kopico),345,lahko brezpotje
432,Planina Blato - Kopica (čez Štapce),270,"lahka označena pot, lahko brezpotje"
432,Koča pri Savici - Kopica (čez Štapce),315,"zahtevna označena pot, lahko brezpotje"
432,Konec ceste na Vogar - Kopica (čez Štapce),275,"lahka označena pot, lahko brezpotje"
433,Loška Koritnica - Plešivec (Loška stena),235,"zelo zahtevna označena pot, delno zahtevna neoznačena pot"
433,Bavšica - Plešivec (Loška stena),260,delno zahtevna neoznačena pot
434,Planina Kuhinja - Gomiščkovo zavetišče na Krnu,185,lahka označena pot
434,Dom v Lepeni - Gomiščkovo zavetišče na Krnu,300,lahka označena pot
434,Drežnica - Gomiščkovo zavetišče na Krnu (pot Silva Korena),290,zelo zahtevna označena pot
434,Planina Kuhinja - Gomiščkovo zavetišče na Krnu (čez Krnsko škrbino),210,lahka označena pot
434,Drežnica - Gomiščkovo zavetišče na Krnu (južna pot),275,lahka označena pot
434,Tolminske Ravne - Gomiščkovo zavetišče na Krnu,450,zahtevna označena pot
434,Drežnica - Gomiščkovo zavetišče na Krnu (mimo italijanske kapele na Planici),305,"lahka neoznačena steza, lahka označena pot"
434,Koča pri Savici - Gomiščkovo zavetišče na Krnu (mimo Krnskega jezera),470,lahka označena pot
434,Koča pri Savici - Gomiščkovo zavetišče na Krnu (čez Prehodce),475,delno zahtevna označena pot
435,Planina Blato - Prvi Vogel,230,lahko brezpotje
435,Konec ceste na Vogar - Prvi Vogel (mimo Grive),275,lahko brezpotje
436,Ruski križ - Bivak v Veliki Dnini,225,zahtevno brezpotje
437,Planina Kuhinja - Vrh nad Peski,240,lahka neoznačena steza
437,Dom v Lepeni - Vrh nad Peski (čez Prag),285,lahka neoznačena steza
437,Planina Polog - Vrh nad Peski (čez Prehodce),325,lahka neoznačena steza
437,Krn - Vrh nad Peski (čez planino Sleme),280,lahka neoznačena steza
437,Planina Polog - Vrh nad Peski (čez planino Sleme),345,lahka neoznačena steza
437,Koča pri Savici - Vrh nad Peski (čez Prehodce),415,lahka neoznačena steza
437,Tolminske Ravne - Vrh nad Peski,370,"zahtevna označena pot, lahka neoznačena steza"
438,Planina Kuhinja - Batognica,200,delno zahtevna označena pot
438,Planina Kuhinja - Batognica (mimo jezera v Lužnici),240,lahka označena pot
438,Dom v Lepeni - Batognica (čez Krnsko škrbino),290,delno zahtevna označena pot
438,Krn - Batognica (čez planino Sleme),280,lahka označena pot
438,Dom v Lepeni - Batognica (čez Prag),285,lahka neoznačena steza
438,Koča pri Savici - Batognica (čez Prehodce),430,lahka označena pot
438,Koča pri Savici - Batognica (mimo Krnskega jezera in čez Krnsko škrbino),460,delno zahtevna označena pot
438,Planina Polog - Batognica (čez Prehodce),360,lahka označena pot
438,Planina Polog - Batognica (čez planino Sleme),345,lahka označena pot
438,Tolminske Ravne - Batognica,405,zahtevna označena pot
438,Drežnica - Batognica (južna pot),290,lahka označena pot
438,Koča pri Savici - Batognica (mimo Krnskega jezera in čez Prag),450,lahka označena pot
439,Zadnjica - Zgornje Kriško jezero,285,lahka neoznačena steza
439,Aljažev dom v Vratih - Zgornje Kriško jezero (čez Sovatno in mimo Pogačnikovega doma),315,"delno zahtevna označena pot, lahka neoznačena steza"
440,Zadnjica - Koča na Doliču,305,lahka označena pot
440,Konec ceste na Pokljuki - Koča na Doliču,285,lahka označena pot
440,Zadnjica - Koča na Doliču (čez Komar),285,zelo zahtevna označena pot
440,Planina Blato - Koča na Doliču (Za Kopico),330,lahka označena pot
440,Koča pri Savici - Koča na Doliču,385,zahtevna označena pot
440,Dolina Krma - Koča na Doliču,330,lahka označena pot
440,Aljažev dom v Vratih - Koča na Doliču,330,lahka označena pot
440,Zadnjica - Koča na Doliču (pot Mire Marko Debelakove),405,zelo zahtevna označena pot
440,Planina Blato - Koča na Doliču (čez Grintovico),340,lahka neoznačena steza
440,Rudno polje - Koča na Doliču,310,lahka označena pot
442,Parkirišče Kot - Velika Baba (Kanin) (preko Zg. Brda in sedla Med Baban),195,zahtevna označena pot
442,Žaga - Velika Baba (Kanin),350,delno zahtevna označena pot
442,Parkirišče Kot - Velika Baba (Kanin) (čez Med Babo),225,"delno zahtevna označena pot, lahko brezpotje"
442,Hotel Boka - Velika Baba (Kanin),340,"delno zahtevna neoznačena pot, delno zahtevna označena pot"
442,Parkirišče Kot - Velika Baba (Kanin) (čez Skutnik),260,zahtevna označena pot
443,Nevejski preval - Bela peč/Monte Bila pec,165,zahtevna označena pot
444,Planina Zapleč - Krnčica (neoznačena mulatjera ),180,delno zahtevna neoznačena pot
444,Planina Zapleč - Krnčica (s planine Zaprikraj čez Vršič),240,delno zahtevna neoznačena pot
444,Planina Zapleč - Krnčica,160,zahtevna označena pot
445,Dolina Krma - Teme (pri Rjavini),260,zahtevno brezpotje
446,Planina Zapleč - Srednji vrh (pri Krnu),190,zahtevna označena pot
447,NC Planica - Kotovo sedlo (mimo bivaka),235,zahtevna označena pot
447,NC Planica - Kotovo sedlo (po melišču),235,lahka označena pot
448,Rudno polje - Mali Draški vrh (čez Viševnik),180,zahtevna neoznačena steza
448,Rudno polje - Mali Draški vrh (čez Kačji rob),165,zahtevna neoznačena steza
448,Konec ceste na Pokljuki - Mali Draški vrh,140,zahtevna neoznačena steza
448,Rudno polje - Mali Draški vrh (čez Jezerce in Srenjski preval),175,zahtevna neoznačena steza
448,Rudno polje - Mali Draški vrh (skozi Zgornji Razor),215,zahtevna neoznačena steza
448,Uskovnica (Lom) - Mali Draški vrh,205,zahtevna neoznačena steza
448,Uskovnica (Razpotje) - Mali Draški vrh,185,zahtevna neoznačena steza
448,Srednja vas - Mali Draški vrh (Za Ribnico),290,zahtevna neoznačena steza
449,Koča pri Savici - Glava za Bajto (čez Komno),435,lahko brezpotje
449,Planina Blato - Glava za Bajto (čez Štapce),395,"delno zahtevna označena pot, lahko brezpotje"
449,Planina Blato - Glava za Bajto (čez Prode),395,lahko brezpotje
449,Koča pri Savici - Glava za Bajto (mimo Dvojnega jezera),390,"zahtevna označena pot, lahko brezpotje"
450,Bele Vode - Jerebica,210,delno zahtevna označena pot
450,Možnica - Jerebica,300,zahtevna označena pot
451,Gozdec - Veliki Babanski Skedenj (preko Ruše in čez sedlo Jezerca),210,delno zahtevna neoznačena pot
452,Zadnja Trenta (Flori) - Šmihelovec,260,"zahtevno brezpotje, zahtevna označena pot"
452,Zadnja Trenta (Flori) - Šmihelovec (čez Prehodec),410,"zahtevno brezpotje, zelo zahtevna označena pot"
453,Poldov rovt (Vrata) - Bivak na Jezerih,240,zahtevna neoznačena steza
454,Galerija Berebica v Trenti - Trentski Pelc (Stara vojaška cesta - Trentski Pelc),270,zelo zahtevno brezpotje
455,Zadnja Trenta (Flori) - Vršac (nad Zadnjo Trento),270,"zahtevno brezpotje, zelo zahtevna označena pot"
455,Zadnja Trenta (Flori) - Vršac (nad Zadnjo Trento) (čez Srednjico),285,"zahtevno brezpotje, zelo zahtevna označena pot"
456,Vršič - Suhi vrh,135,zahtevno brezpotje
457,Mlinarica - Goličica,220,zahtevna neoznačena steza
459,Planina Blato - Velika Tičarica (čez Štapce),230,zahtevno brezpotje
459,Koča pri Savici - Velika Tičarica (čez Štapce),275,zahtevno brezpotje
459,Konec ceste na Vogar - Velika Tičarica (čez Štapce),235,zahtevno brezpotje
460,Zadnja Trenta (Flori) - Zagorelec,250,"lahko brezpotje, zahtevna označena pot"
460,Zadnja Trenta (Flori) - Zagorelec (čez Prehodec),390,"lahko brezpotje, zelo zahtevna označena pot"
461,Planina Zajzera - Poldašnja špica/Jof di Miezegnot,180,zelo zahtevna označena pot
461,Ovčja vas / Valbruna - Poldašnja špica/Jof di Miezegnot (čez Planino Ravne),225,zahtevna označena pot
461,Ovčja vas / Valbruna - Poldašnja špica/Jof di Miezegnot (čez Planino Strehica),240,zahtevna označena pot
461,Naborjet / Malborghetto - Poldašnja špica/Jof di Miezegnot,240,zahtevna označena pot
462,Rudno polje - Oklo,265,"zahtevna označena pot, zahtevno brezpotje"
463,Planina Blato - Ogradi,165,lahka neoznačena steza
463,Planina Blato - Ogradi (čez Planino Krstenica),195,lahka neoznačena steza
463,Stara Fužina - Ogradi,320,lahka neoznačena steza
464,Vršič - Šitna glava,80,lahka neoznačena steza
465,Planina Kuk - Tolminski Kuk,270,delno zahtevna označena pot
465,Tolminske Ravne - Tolminski Kuk (mimo planine Kal),240,lahka označena pot
465,Koča pri Savici - Tolminski Kuk (čez Vrh Planje),360,zahtevna označena pot
465,Tolminske Ravne - Tolminski Kuk (čez planino Razor),285,zahtevna označena pot
465,Koča pri Savici - Tolminski Kuk (direktna pot),310,"zahtevna označena pot, lahka neoznačena steza"
465,Koča pri Savici - Tolminski Kuk (mimo Doma na Komni in čez Škrbino),395,delno zahtevna označena pot
465,Ski hotel Vogel - Tolminski Kuk,335,delno zahtevna označena pot
465,Ukanc - Tolminski Kuk,330,"lahka neoznačena steza, delno zahtevna označena pot"
465,Planina Polog - Tolminski Kuk (čez planino Dobrenjščico),375,"lahko brezpotje, zahtevna označena pot"
465,Kneške Ravne - Tolminski Kuk (čez Škrbino),375,"lahka neoznačena steza, delno zahtevna označena pot"
465,Tolminske Ravne - Tolminski Kuk (po dolini pod Ploščo),275,delno zahtevna označena pot
466,Zadnjica - Zadnjiški Ozebnik,255,lahka neoznačena steza
466,Trenta - Zadnjiški Ozebnik,255,lahka neoznačena steza
467,Mojstrana - Sleme,255,lahka označena pot
467,Plaz Črlovec - Sleme (zgornja pot),265,"delno zahtevna neoznačena pot, lahka označena pot"
467,Plaz Črlovec - Sleme (čez Vrtaško planino),240,"zahtevna neoznačena steza, lahka označena pot"
468,Planina Blato - Slatna,185,lahko brezpotje
468,Planina  Blato - Slatna (čez Kredo),200,lahko brezpotje
468,Konec ceste na Vogar - Slatna (mimo Grive),230,lahka neoznačena steza
469,Planina Blato - Prevalski Stog (čez Adama in Evo),225,lahko brezpotje
469,Planina Blato - Prevalski Stog,215,delno zahtevna neoznačena pot
469,Konec ceste na Pokljuki - Prevalski Stog,275,delno zahtevna neoznačena pot
469,Stara Fužina - Prevalski Stog (čez planino Krstenica in Mišeljski preval),305,delno zahtevna neoznačena pot
469,Rudno polje - Prevalski Stog,300,delno zahtevna neoznačena pot
470,Gozd Martuljek - Rigljica (normalni pristop),300,alpinistični vzpon
471,Svete Višarje / Monte Lussari - Kamniti lovec / Cima del Cacciatore,90,zahtevna označena pot
471,Žabnice / Camporosso in Valcanale - Kamniti lovec / Cima del Cacciatore,210,zahtevna označena pot
471,Ovčja vas / Valbruna - Kamniti lovec / Cima del Cacciatore,240,zahtevna označena pot
471,Trbiž / Tarviso - Kamniti lovec / Cima del Cacciatore (po servisni cesti),265,"lahka neoznačena steza, zahtevna označena pot"
472,Zadnjica - Zasavska koča na Prehodavcih,255,lahka označena pot
472,Trenta - Zasavska koča na Prehodavcih,255,lahka označena pot
472,Planina Blato - Zasavska koča na Prehodavcih (po dolini Za Kopico),305,lahka označena pot
472,Koča pri Savici - Zasavska koča na Prehodavcih,310,zahtevna označena pot
472,Planina Blato - Zasavska koča na Prehodavcih (čez Prode),315,lahka označena pot
472,Planina Blato - Zasavska koča na Prehodavcih (čez Štapce),315,delno zahtevna označena pot
472,Zadnjica - Zasavska koča na Prehodavcih (pot Mire Marko Debelakove),415,zelo zahtevna označena pot
473,Planina Blato - Mala Tičarica (čez Štapce),205,lahka označena pot
473,Koča pri Savici - Mala Tičarica,250,zahtevna označena pot
473,Konec ceste na Vogar - Mala Tičarica (čez Štapce),210,lahka označena pot
473,Planina Blato - Mala Tičarica (snežni pristop),210,lahko brezpotje
474,Planina Zajzera - Visoki Pipar (po poti 648),180,delno zahtevna označena pot
474,Planina Zajzera - Visoki Pipar,220,zelo zahtevna označena pot
475,Vršič - Zavetišče pod Špičkom,225,delno zahtevna označena pot
475,Zadnja Trenta (Flori) - Zavetišče pod Špičkom,210,lahka označena pot
475,Bavšica - Zavetišče pod Špičkom,320,zelo zahtevna označena pot
475,Loška Koritnica - Zavetišče pod Špičkom,295,zelo zahtevna označena pot
476,Belopeška jezera - Poldnik (Kopa) / Picco di Mezzodi,180,zelo zahtevna označena pot
477,Ski hotel Vogel - Podrta gora (po Bohinjski planinski poti),280,zahtevno brezpotje
477,Koča pri Savici - Podrta gora (pristop po grebenu iz zahodne strani),420,zahtevno brezpotje
477,Ski hotel Vogel - Podrta gora (po BPP pod Rušnatim vrhom in čez Mejo in Škrbino),290,"zelo zahtevna označena pot, zahtevno brezpotje"
478,Dolina Krma - Veliki Pršivec,240,lahko brezpotje
479,Planina Kuk - Vrh nad Škrbino (čez Škrbino),225,zelo zahtevna označena pot
479,Planina Kuk - Vrh nad Škrbino (direktna pot),195,delno zahtevna označena pot
479,Ukanc - Vrh nad Škrbino,285,"lahka neoznačena steza, zelo zahtevna označena pot"
479,Koča pri Savici - Vrh nad Škrbino (mimo Doma na Komni in čez Škrbino),350,zelo zahtevna označena pot
479,Ski hotel Vogel - Vrh nad Škrbino,290,zelo zahtevna označena pot
479,Tolminske Ravne - Vrh nad Škrbino (po strmi in direktni poti),210,zahtevna označena pot
479,Tolminske Ravne - Vrh nad Škrbino (po strmi poti in čez Škrbino),240,zelo zahtevna označena pot
479,Tolminske Ravne - Vrh nad Škrbino (po mulatjeri in direktni poti),240,delno zahtevna označena pot
479,Ski hotel Vogel - Vrh nad Škrbino (po Bohinjski planinski poti),270,zelo zahtevna označena pot
479,Ski hotel Vogel - Vrh nad Škrbino (po BPP pod Rušnatim vrhom in po grebenu čez Mejo),230,zahtevno brezpotje
479,Kneške Ravne - Vrh nad Škrbino (čez Škrbino),330,"lahka neoznačena steza, zelo zahtevna označena pot"
479,Kneške Ravne - Vrh nad Škrbino (direktna pot),300,"lahka neoznačena steza, delno zahtevna označena pot"
480,Planina Kuk - Zeleni vrh,245,delno zahtevna označena pot
480,Koča pri Savici - Zeleni vrh (mimo Doma na Komni in čez Škrbino),370,delno zahtevna označena pot
480,Ukanc - Zeleni vrh,305,"lahka neoznačena steza, delno zahtevna označena pot"
480,Ski hotel Vogel - Zeleni vrh,310,delno zahtevna označena pot
480,Tolminske Ravne - Zeleni vrh (čez planino Razor),260,zahtevna označena pot
480,Tolminske Ravne - Zeleni vrh (po dolini pod Ploščo),250,delno zahtevna označena pot
480,Kneške Ravne - Zeleni vrh (čez Škrbino),350,"lahka neoznačena steza, delno zahtevna označena pot"
481,Zadnjica - Pogačnikov dom na Kriških podih,240,lahka označena pot
481,Aljažev dom v Vratih - Pogačnikov dom na Kriških podih (čez Sovatno),270,delno zahtevna označena pot
481,Ruski križ - Pogačnikov dom na Kriških podih (čez Kriško steno),330,zelo zahtevna označena pot
481,Pišnica - Pogačnikov dom na Kriških podih,370,zelo zahtevna označena pot
482,Rudno polje - Viševnik,120,lahka označena pot
482,Rudno polje - Viševnik (čez Kačji rob),150,delno zahtevna označena pot
482,Konec ceste na Pokljuki - Viševnik (čez Srenjski preval),135,delno zahtevna označena pot
482,Rudno polje - Viševnik (čez Jezerce in Srenjski preval),160,delno zahtevna označena pot
482,Rudno polje - Viševnik (skozi Zgornji Razor),200,"lahka neoznačena steza, delno zahtevna označena pot"
482,Planina Zajavornik - Viševnik,210,delno zahtevna označena pot
482,Medvedova konta - Viševnik,195,delno zahtevna označena pot
482,Konec ceste na Pokljuki - Viševnik (čez Golo Ravan),135,lahka neoznačena steza
482,Rudno polje - Viševnik (mimo izvira Zlate vode),140,lahka neoznačena steza
482,Rudno polje - Viševnik (čez Golo Ravan),135,lahka neoznačena steza
482,Pri Rupah - Viševnik,195,delno zahtevna označena pot
482,Konec ceste na Pokljuki - Viševnik (mimo izvira Zlate vode),140,lahka neoznačena steza
482,Uskovnica (Lom) - Viševnik (čez Srenjski preval),190,delno zahtevna označena pot
482,Uskovnica (Razpotje) - Viševnik (mimo izvira Zlate vode),175,lahka neoznačena steza
482,Uskovnica (Razpotje) - Viševnik (čez Srenjski preval),175,delno zahtevna označena pot
482,Uskovnica (Lom) - Viševnik (mimo izvira Zlate vode),195,lahka neoznačena steza
482,Srednja vas - Viševnik (Za Ribnico in čez Srenjski preval),275,delno zahtevna označena pot
482,Uskovnica (Razpotje) - Viševnik (čez Golo Ravan),170,lahka neoznačena steza
482,Uskovnica (Lom) - Viševnik (čez Golo Ravan),190,lahka neoznačena steza
482,Srednja vas - Viševnik (Za Ribnico in mimo izvira Zlate vode),280,lahka neoznačena steza
482,Srednja vas - Viševnik (Za Ribnico in čez Golo Ravan),275,lahka neoznačena steza
484,Planina Zajzera - Cima Alta (Dve špici) (po poti 648),240,zelo zahtevna označena pot
484,Lužnice - Cima Alta (Dve špici),240,zahtevna označena pot
484,Naborjet / Malborghetto - Cima Alta (Dve špici) (po poti 605),265,zahtevna označena pot
484,Ombrico - Cima Alta (Dve špici),230,"lahka neoznačena steza, zahtevna označena pot"
484,Lužnice - Cima Alta (Dve špici) (čez Forcella Cuel Tarond),345,zelo zahtevna označena pot
485,Dom v Lepeni - Veliki Lemež,270,zahtevno brezpotje
485,Lepena - Veliki Lemež (čez planino Zagreben),360,zahtevno brezpotje
486,Rifugio Gilberti - Bivak Marussich,120,lahka označena pot
486,Reklanska dolina - Bivak Marussich,240,zahtevna označena pot
486,Korito / Coritis - Bivak Marussich,260,delno zahtevna označena pot
486,Solbica / Stolvizza - Bivak Marussich (mimo Ricovero Igor Crasso),360,delno zahtevna označena pot
486,Ladina - Bivak Marussich (pot 634),280,delno zahtevna označena pot
487,Planina Blato - Jezerski Stog,180,delno zahtevna neoznačena pot
487,Stara Fužina - Jezerski Stog (čez planino Krstenica in Jezerski preval),290,delno zahtevna neoznačena pot
487,Stara Fužina - Jezerski Stog (čez planino pod Mišelj vrhom),345,"lahka označena pot, delno zahtevna neoznačena pot"
487,Konec ceste na Pokljuki - Jezerski Stog,275,"lahka označena pot, delno zahtevna neoznačena pot"
487,Planina Blato - Jezerski Stog (čez planino pod Mišelj vrhom),285,delno zahtevna neoznačena pot
487,Uskovnica (Lom) - Jezerski Stog (čez planino Spodnji Tosc),315,"zahtevna označena pot, delno zahtevna neoznačena pot"
488,Gozd Martuljek - Na Pečeh (čez Kotle),270,"zahtevna neoznačena steza, lahko brezpotje"
489,Krn - Srednji vrh (nad jezerom v Lužnici) (čez planino Sleme),250,"lahka označena pot, lahko brezpotje"
489,Planina Polog - Srednji vrh (nad jezerom v Lužnici),315,"lahka označena pot, lahko brezpotje"
489,Planina Kuninja - Srednji vrh (nad jezerom v Lužnici),210,"lahka označena pot, lahko brezpotje"
490,Mojstrana - Drobeče Sleme,255,lahka neoznačena steza
490,Plaz Črlovec - Drobeče Sleme (zgornja pot),265,"delno zahtevna neoznačena pot, lahka označena pot"
490,Plaz Črlovec - Drobeče Sleme (čez Vrtaško planino),240,"zahtevna neoznačena steza, lahka označena pot"
491,Planina  Blato - Kreda (direktna pot),175,lahka neoznačena steza
491,Planina Blato - Kreda (čez Slatno),200,lahko brezpotje
492,Planina Blato - Eva (čez Adama),210,lahko brezpotje
493,Dom v Lepeni - Velika Baba,240,lahka označena pot
493,Koča pri Savici - Velika Baba (čez Bogatinsko sedlo in Lanževico),360,lahko brezpotje
493,Koča pri Savici - Velika Baba (mimo Velike Monture),335,lahka neoznačena steza
493,Planina Polog - Velika Baba (mimo Velike Monture),340,lahka neoznačena steza
494,Medvedova konta - Debela peč,135,lahka označena pot
494,Pri Rupah - Debela peč,135,lahka označena pot
494,Planina Zajavornik - Debela peč,150,lahka označena pot
494,Rudno polje - Debela peč,195,lahka označena pot
494,Dolina Krma - Debela peč,210,zahtevna označena pot
494,Šport hotel - Debela peč,210,lahka označena pot
494,Strmec - Debela peč,150,lahka označena pot
494,Kovinarska koča v Krmi - Debela peč (lovska pot),225,zelo zahtevno brezpotje
494,Krnica - Debela peč,330,lahka označena pot
494,Strmec - Debela peč (mimo Spodnjih Brd),165,lahka označena pot
494,Strmec - Debela peč (stara pot),135,lahka označena pot
494,Medvedova konta - Debela peč (mimo Kotla in po stari poti),130,"lahko brezpotje, lahka označena pot"
494,Medvedova konta - Debela peč (mimo Kotla),145,"lahko brezpotje, lahka označena pot"
495,Drežniške Ravne - Lopatnik,180,lahka označena pot
496,Planina Blato - Adam,200,lahko brezpotje
497,Planina Zajzera - Cima Vildiver (Dve špici),195,"zelo zahtevna označena pot, lahka neoznačena steza"
497,Naborjet / Malborghetto - Cima Vildiver (Dve špici) (pot 605),220,"lahka označena pot, lahka neoznačena steza"
498,Koča pri Savici - Mahavšček (čez vrh Bogatina),300,delno zahtevna označena pot
498,Koča pri Savici - Mahavšček (čez Planino Govnjač),295,lahka označena pot
498,Planina Polog - Mahavšček (čez planino Dobrenjščico),300,lahko brezpotje
498,Planina Polog - Mahavšček (čez Prehodce),375,delno zahtevna označena pot
498,Dom v Lepeni - Mahavšček (čez Bogatinsko sedlo),300,delno zahtevna označena pot
498,Tolminske Ravne - Mahavšček (čez planino Dobrenjščico),315,"zahtevna označena pot, lahko brezpotje"
499,Medvedova konta - Brda (zahodna pot),120,lahka označena pot
499,Medvedova konta - Brda (vzhodna pot),120,lahka označena pot
499,Dolina Krma - Brda,175,zahtevna označena pot
499,Planina Zajavornik - Brda (vzhodna pot),135,lahka označena pot
499,Šport hotel - Brda (vzhodna pot),195,lahka označena pot
499,Rudno polje - Brda (vzhodna pot),190,lahka označena pot
499,Rudno polje - Brda (zahodna pot),175,lahka označena pot
499,Pri Rupah - Brda (vzhodna pot),120,lahka označena pot
499,Pri Rupah - Brda (zahodna pot),120,lahka označena pot
500,Planina Blato - Rjavo jezero (po dolini Za Kopico),290,lahka označena pot
500,Koča pri Savici - Rjavo jezero,300,zahtevna označena pot
500,Planina  Blato - Rjavo jezero (čez Štapce),305,delno zahtevna označena pot
500,Planina Blato - Rjavo jezero (čez Prode),305,lahka označena pot
500,Zadnjica - Rjavo jezero,265,lahka označena pot
501,Konec ceste na Pokljuki - Ablanca,140,zahtevna neoznačena steza
501,Rudno polje - Ablanca (čez Srenjski preval),210,zahtevna neoznačena steza
501,Rudno polje - Ablanca (čez Jezerce in Studorski preval),150,zahtevna neoznačena steza
501,Uskovnica (Razpotje) - Ablanca (čez planino Spodnji Tosc),215,zahtevna neoznačena steza
501,Uskovnica (Razpotje) - Ablanca (čez Jezerce in Studorski preval),160,zahtevna neoznačena steza
501,Uskovnica (Lom) - Ablanca (čez Jezerce in Studorski preval),180,zahtevna neoznačena steza
501,Uskovnica (Lom) - Ablanca (čez planino Spodnji Tosc),220,zahtevna neoznačena steza
501,"Srednja vas - Ablanca (Za Ribnico, čez Jezerce in Studorski preval)",265,zahtevna neoznačena steza
501,Srednja vas - Ablanca (Za Ribnico in čez planino Spodnji Tosc),320,zahtevna neoznačena steza
502,Koča pri Savici - Lanževica (čez Bogatinsko sedlo),300,lahka označena pot
502,Koča pri Savici - Lanževica (čez Lepo Komno),300,lahka označena pot
502,Pod Zjabci - Lanževica (po Rapalski meji),240,zahtevno brezpotje
502,Pod Zjabci - Lanževica (čez Lepo Komno),300,lahka označena pot
502,Dom v Lepeni - Lanževica (čez Bogatinsko sedlo),300,lahka označena pot
502,Dom v Lepeni - Lanževica (mimo Velike Babe),280,lahko brezpotje
503,Koča pri Savici - Kal (nad Komno) (čez Lepo Komno),305,lahko brezpotje
504,Ski hotel Vogel - Meja (čez Konjsko sedlo),240,lahko brezpotje
504,Ribčev Laz - Meja (čez Konjsko sedlo),420,lahko brezpotje
504,Ski hotel Vogel - Meja (z BPP za Rušnatim vrhom na greben),210,"delno zahtevna označena pot, lahko brezpotje"
504,Ski hotel Vogel - Meja (po Bohinjski planinski poti in čez Vrh nad Škrbino),290,zelo zahtevna označena pot
504,Ukanc - Meja (skozi Žagarjev graben in čez Konjsko sedlo),320,lahko brezpotje
505,Planina Blato - Vrh nad Vodeno Rupo,180,lahko brezpotje
506,Planina Blato - Zeleno jezero (po dolini Za Kopico),285,lahka označena pot
506,Koča pri Savici - Zeleno jezero,290,zahtevna označena pot
506,Planina  Blato - Zeleno jezero (čez Štapce),295,delno zahtevna označena pot
506,Planina Blato - Zeleno jezero (čez Prode),295,lahka označena pot
507,ZipLine Kanin pred planino Krnica - Vratni vrh (Vojaška mulatjera na Vratni vrh),120,"lahka označena pot, delno zahtevna neoznačena pot"
508,Dom v Lepeni - Vogel (nad Lepeno),240,zahtevno brezpotje
508,Lepena - Vogel (nad Lepeno) (čez planino Zagreben),330,zahtevno brezpotje
509,Nevejski preval - Velika Bavha / Monte Robon (pot 637),160,delno zahtevna neoznačena pot
509,Rifugio Gilberti - Velika Bavha / Monte Robon,140,delno zahtevna neoznačena pot
509,Nevejski preval - Velika Bavha / Monte Robon (pot 636 in 637),210,delno zahtevna neoznačena pot
510,Aljažev dom v Vratih - Bivak na Rušju,180,lahka označena pot
511,Rudno polje - Draški rob,125,lahko brezpotje
511,Rudno polje - Draški rob (skozi Zgornji Razor),180,lahko brezpotje
512,NC Planica - Bivak pod Kotovim sedlom,210,zahtevna označena pot
512,NC Planica - Bivak pod Kotovim sedlom (po melišču),235,lahka označena pot
513,Koča pri Savici - Bogatin (čez Bogatinsko sedlo),270,delno zahtevna označena pot
513,Koča pri Savici - Bogatin (čez planino Govnjač),325,delno zahtevna označena pot
513,Planina Polog - Bogatin (čez Prehodce),345,delno zahtevna označena pot
513,Dom v Lepeni - Bogatin (čez Bogatinsko sedlo),270,delno zahtevna označena pot
514,Soča - Pri Banderi,230,lahko brezpotje
515,Pri Rupah - Lipanski vrh,105,lahka označena pot
515,Dolina Krma - Lipanski vrh,165,zahtevna označena pot
515,Rudno polje - Lipanski vrh (skozi Zgornji Razor),125,"lahka neoznačena steza, delno zahtevna označena pot"
515,Rudno polje - Lipanski vrh,175,lahka označena pot
515,Rudno polje - Lipanski vrh (čez Mrežce),170,delno zahtevna označena pot
516,Koča pri Savici - Vrh Planje (čez sedlo Planja),290,"lahka neoznačena steza, delno zahtevna označena pot"
516,Koča pri Savici - Vrh Planje (čez Kser),305,delno zahtevna označena pot
516,Planina Polog - Vrh Planje (čez planino Dobrenjščico),330,"lahko brezpotje, delno zahtevna označena pot"
517,Lužnice - Monte Gosadon,230,zelo zahtevna označena pot
517,Ombrico - Monte Gosadon,220,lahka neoznačena steza
517,Planina Zajzera - Monte Gosadon,250,zelo zahtevna označena pot
517,Lužnice - Monte Gosadon (čez Forcella Cuel Tarond),335,zelo zahtevna označena pot
518,Pod Debelo glavo - Raskovec,145,lahko brezpotje
518,Javorje - Raskovec (čez Rodico),225,lahka neoznačena steza
518,Pod Debelo glavo - Raskovec (mimo lovske koče),160,lahko brezpotje
518,Rutarski gozd - Raskovec (čez Rodico),210,lahka neoznačena steza
518,Vodel - Raskovec,165,lahko brezpotje
518,Grant - Raskovec (čez Rodico),270,lahko brezpotje
519,Javorje - Rodica (markirana pot),165,lahka označena pot
519,Rutarski gozd - Rodica,150,lahka označena pot
519,Ski hotel Vogel - Rodica,180,lahka označena pot
519,Ravne - Rodica (čez Črno prst),365,delno zahtevna označena pot
519,Ribčev Laz - Rodica (preko sedla Čez Suho),255,lahka označena pot
519,Javorje - Rodica (čez Lepo Suho),150,lahka neoznačena steza
519,Grant - Rodica,210,lahka označena pot
519,Ribčev Laz - Rodica (čez Lepo Suho),240,lahka neoznačena steza
519,Stržišče - Rodica,255,lahka označena pot
519,Kneške Ravne (Prošček) - Rodica,285,"lahka neoznačena steza, zahtevna označena pot"
520,Soča - Vrh Ovčje planje,240,lahko brezpotje
521,Pri Rupah - Okroglež,115,lahka označena pot
521,Rudno polje - Okroglež,175,lahka označena pot
521,Dolina Krma - Okroglež,190,zahtevna označena pot
522,Planina Zajavornik - Mrežce,115,lahka označena pot
522,Pri Rupah - Mrežce (direktna pot),100,lahka označena pot
522,Pri Rupah - Mrežce (čez Lipanski vrh),110,delno zahtevna označena pot
522,Šport hotel - Mrežce,160,lahka označena pot
522,Planina Zajavornik - Mrežce (položna pot),120,lahka označena pot
522,Rudno polje - Mrežce (skozi Zgornji Razor),120,lahka neoznačena steza
522,Dolina Krma - Mrežce,175,zahtevna označena pot
522,Rudno polje - Mrežce,160,lahka označena pot
523,ZipLine Kanin pred planino Krnica - Plešivec,120,delno zahtevna neoznačena pot
524,Rudno polje - Debeli vrh (nad Lipanco) (čez Kačji rob),165,lahka označena pot
524,Medvedova konta - Debeli vrh (nad Lipanco),135,lahka označena pot
524,Planina Zajavornik - Debeli vrh (nad Lipanco),150,lahka označena pot
524,Rudno polje - Debeli vrh (nad Lipanco) (skozi Zgornji Razor),135,lahka neoznačena steza
524,Šport hotel - Debeli vrh (nad Lipanco),195,lahka označena pot
524,Rudno polje - Debeli vrh (nad Lipanco) (mimo Blejske koče),165,lahka označena pot
525,Dom v Lepeni - Velika Montura,235,lahka neoznačena steza
525,Planina Polog - Velika Montura,330,lahka neoznačena steza
526,Tugliezzo  - Lopič / Monte Plauris (CAI 701),270,zahtevna označena pot
526,Zgornji Pobič / Povici di Sopra - Lopič / Monte Plauris (CAI 702),330,zelo zahtevna označena pot
527,Soča - Vrh Leh,230,lahko brezpotje
528,Rudno polje - Veliki Selišnik (čez Kačji rob),135,lahko brezpotje
529,Bele vode - Bivak Gorizia,150,lahka označena pot
530,Javorje - Mali Raskovec (preko sedla Čez Suho),225,lahko brezpotje
530,Javorje - Mali Raskovec (čez Lepo Suho),210,lahko brezpotje
530,Rutarski gozd - Mali Raskovec,210,lahko brezpotje
530,Grant - Mali Raskovec (čez Rodico),270,lahko brezpotje
531,Javorje - Suha Rodica (Novi vrh) (preko sedla Čez Suho),210,lahko brezpotje
531,Rutarski gozd - Suha Rodica (Novi vrh),195,lahko brezpotje
531,Javorje - Suha Rodica (Novi vrh) (čez Lepo Suho),195,lahko brezpotje
531,Grant - Suha Rodica (Novi vrh),255,lahko brezpotje
532,Dom v Lepeni - Veliki Šmohor (čez Mali Šmohor),270,lahko brezpotje
532,Dom v Lepeni - Veliki Šmohor (čez planino na Polju),270,lahko brezpotje
533,Vršič - Prednje Robičje,60,lahka neoznačena steza
533,Erjavčeva koča na Vršiču - Prednje Robičje,70,lahka neoznačena steza
534,Dom v Lepeni - Mali Šmohor,240,lahka označena pot
534,Koča pri Savici - Mali Šmohor,390,lahka označena pot
535,Pod Luknjo - Matajurski vrh,230,"delno zahtevna označena pot, lahko brezpotje"
535,Polje - Matajurski vrh,305,"delno zahtevna označena pot, lahko brezpotje"
535,Podbrdo - Matajurski vrh (čez Črno prst),295,"delno zahtevna označena pot, lahko brezpotje"
535,Ravne - Matajurski vrh (čez Črno prst),285,"delno zahtevna označena pot, lahko brezpotje"
536,Koča pri Savici - Vrh Škrli,270,lahka neoznačena steza
536,Planina Polog - Vrh Škrli (čez planino Dobrenjščico),275,lahko brezpotje
537,Dolina Kot - Macesnovec,210,zahtevna neoznačena steza
538,Planina Blato - Bela glava,180,lahko brezpotje
539,Belopeška jezera - Mala Ponca,165,zahtevna označena pot
539,NC Planica - Mala Ponca (ob skakalnici),190,zahtevna neoznačena steza
539,Rateče (Ledine) - Mala Ponca,210,zahtevna neoznačena steza
539,Spodnje Belopeško jezero - Mala Ponca (po grebenu),180,zahtevna označena pot
540,Ski hotel Vogel - Vogel (mimo zgornje postaje sedežnice Zadnji Vogel),150,delno zahtevna označena pot
540,Planina Kuk - Vogel (direktna pot),165,lahka označena pot
540,Ski hotel Vogel - Vogel (pod pobočji Orlovih glav),150,delno zahtevna označena pot
540,Ukanc - Vogel (čez planino Zadnji Vogel),270,lahka označena pot
540,Ski hotel Vogel - Vogel (čez planino Zadnji Vogel),150,lahka označena pot
540,Planina Kuk - Vogel (čez Globoko),210,lahka označena pot
540,Ski hotel Vogel - Vogel (čez sedlo Šija),180,delno zahtevna označena pot
540,Tolminske Ravne - Vogel (po mulatjeri),210,lahka označena pot
540,Tolminske Ravne - Vogel (strma pot),180,zahtevna označena pot
540,Planina Storeča raven - Vogel (pod pobočji Orlovih glav),225,delno zahtevna označena pot
540,Planina Storeča raven - Vogel (mimo zgornje postaje sedežnice Zadnji Vogel),225,delno zahtevna označena pot
540,Ukanc - Vogel (čez Globoko),255,lahka označena pot
540,Kneške Ravne - Vogel (mimo Koče na planini Razor),270,"lahka neoznačena steza, lahka označena pot"
540,Tolminske Ravne - Vogel (strma pot in čez Globoko),225,zahtevna označena pot
540,Tolminske Ravne - Vogel (po mulatjeri in čez Globoko),255,lahka označena pot
540,Kneške Ravne - Vogel (čez Žabiški Kuk),275,"lahka neoznačena steza, delno zahtevna označena pot"
540,Kneške Ravne (Prošček) - Vogel (mimo Koče na planini Razor),315,"lahka neoznačena steza, lahka označena pot"
540,Kneške Ravne (Prošček) - Vogel (čez Žabiški Kuk),320,"lahka neoznačena steza, delno zahtevna označena pot"
541,Ski hotel Vogel - Rušnati vrh (čez Konjsko sedlo),210,lahko brezpotje
541,Ribčev Laz - Rušnati vrh (čez Konjsko sedlo),390,lahko brezpotje
541,Ukanc - Rušnati vrh (skozi Žagarjev graben in čez Konjsko sedlo),290,lahko brezpotje
542,Dom v Lepeni - Rdeči rob,345,lahko brezpotje
542,Planina Polog - Rdeči rob (čez Prehodce),300,lahka neoznačena steza
542,Planina Polog - Rdeči rob (mimo Javorce in planine Sleme),270,"lahka označena pot, delno zahtevna neoznačena pot"
543,Rabelj/Cave del Predil - Kraljevska špica/Monte Re,150,delno zahtevna označena pot
544,Vršič - Slemenova špica,75,lahka označena pot
544,NC Planica - Slemenova špica (mimo Črnih vod),175,zahtevna označena pot
544,NC Planica - Slemenova špica (skozi Grlo),175,zahtevna označena pot
544,Erjavčeva koča na Vršiču - Slemenova špica,85,lahka označena pot
544,Jasna - Slemenova špica (skozi dolino Male Pišnice),225,"delno zahtevna neoznačena pot, zahtevna označena pot"
544,Koča pri izviru Soče - Slemenova špica,205,lahka označena pot
545,Nevejski preval - Speleološki bivak Modonutti - Savoia (pot 637),140,lahka označena pot
545,Nevejski preval - Speleološki bivak Modonutti - Savoia (pot 636 in 637),190,lahka označena pot
545,Rifugio Gilberti - Speleološki bivak Modonutti - Savoia,120,lahka označena pot
546,Planina Zajzera - Bivak Bernardinis (po poti 648),180,zelo zahtevna označena pot
546,Naborjet / Malborghetto - Bivak Bernardinis (pot 605),205,lahka označena pot
547,Pri Mlinču - Mangartska koča na Mangartskem sedlu (po cesti),165,lahka označena pot
547,Pri Mlinču - Mangartska koča na Mangartskem sedlu,140,lahka označena pot
547,Pri Mlinču - Mangartska koča na Mangartskem sedlu (čez Gladki rob),150,lahka neoznačena steza
548,Javorje - Mala Rodica (čez Lepo Suho),140,lahko brezpotje
548,Ribčev Laz - Mala Rodica,230,lahko brezpotje
549,Koča pri Savici - Kser,270,lahka označena pot
549,Planina Polog - Kser (čez planino Dobrenjščico),270,lahko brezpotje
550,Planina Blato - Rušnata glava,175,lahko brezpotje
550,Koča pri Savici - Rušnata glava (čez Štapce),225,"zahtevna označena pot, lahko brezpotje"
551,Mojstrana - Vrtaški vrh,220,lahka označena pot
551,Mojstrana - Vrtaški vrh (stara pot),210,lahka neoznačena steza
551,Plaz Črlovec - Vrtaški vrh (zgornja pot),230,"delno zahtevna neoznačena pot, lahka označena pot"
551,Plaz Črlovec - Vrtaški vrh (čez Vrtaško planino),205,"zahtevna neoznačena steza, lahka označena pot"
552,Pod Luknjo - Poljanski vrh,210,"delno zahtevna označena pot, lahko brezpotje"
552,Polje - Poljanski vrh,285,delno zahtevna označena pot
552,Ravne - Poljanski vrh (čez Črno prst),265,"delno zahtevna označena pot, lahko brezpotje"
552,Podbrdo - Poljanski vrh (čez Črno prst),275,"delno zahtevna označena pot, lahko brezpotje"
553,Ski hotel Vogel - Vrh Krnic (mimo zgornje postaje sedežnice Zadnji Vogel),150,delno zahtevna označena pot
553,Ski hotel Vogel - Vrh Krnic (pod pobočji Orlovih glav),150,lahka neoznačena steza
553,Planina Kuk - Vrh Krnic (čez Vogel),175,"lahka označena pot, lahka neoznačena steza"
553,Tolminske Ravne - Vrh Krnic (strma pot in čez Globoko),220,"zahtevna označena pot, lahka neoznačena steza"
553,Tolminske Ravne - Vrh Krnic (po mulatjeri in čez Globoko),250,"lahka označena pot, lahka neoznačena steza"
553,Tolminske Ravne - Vrh Krnic (po mulatjeri in čez Vogel),220,"lahka označena pot, lahka neoznačena steza"
553,Tolminske Ravne - Vrh Krnic (strma pot in čez Vogel),190,"zahtevna označena pot, lahka neoznačena steza"
553,Ukanc - Vrh Krnic (čez Globoko),250,"lahka označena pot, lahka neoznačena steza"
554,Pri Rupah - Vrh Razora,120,lahko brezpotje
554,Planina Zajavornik - Vrh Razora,135,lahko brezpotje
554,Šport hotel - Vrh Razora,180,lahko brezpotje
555,Konec ceste na Pokljuki - Studorski preval,105,lahka označena pot
555,Rudno polje - Studorski preval,130,lahka označena pot
555,Uskovnica (Lom) - Studorski preval (čez Jezerce),160,lahka označena pot
555,Uskovnica (Razpotje) - Studorski preval (čez Jezerce),140,lahka označena pot
555,Uskovnica (Lom) - Studorski preval (čez planino Spodnji Tosc),200,zelo zahtevna označena pot
555,Uskovnica (Razpotje) - Studorski preval (čez planino Spodnji Tosc),210,"zahtevna označena pot, delno zahtevna neoznačena pot"
556,Rudno polje - Srednji Selišnik (snežni pristop),135,lahko brezpotje
557,Planina Zajzera - Krniška glavica / Jof di Sompdogna,150,lahka označena pot
557,Planina Zajzera - Krniška glavica / Jof di Sompdogna (pot 639 in 652),190,lahka označena pot
559,Log v Trenti - Velika Glava (Pot čez Trebiški dol),240,"lahka označena pot, lahka neoznačena steza"
559,Log v Trenti - Velika Glava (Stara vojaška mulatjera na Veliko Glavo),240,delno zahtevna neoznačena pot
560,Ski hotel Vogel - Šija,90,lahka označena pot
560,Javorje - Šija (čez Zadnjo Suho),150,lahka označena pot
560,Ukanc - Šija (čez planino Zadnji Vogel),265,lahka označena pot
560,Javorje - Šija (čez Kratki plaz),160,lahka neoznačena steza
560,Ukanc - Šija (skozi Žagarjev graben),240,lahka označena pot
561,Zadnjica - Spodnje Kriško jezero,220,"lahka označena pot, lahka neoznačena steza"
562,Planina Blato - Krsteniški Stog (čez Krsteniški preval),145,lahka neoznačena steza
562,Stara Fužina - Krsteniški Stog (čez Krsteniški preval),255,lahka neoznačena steza
563,Pod Luknjo - Konjski vrh,195,"delno zahtevna označena pot, lahko brezpotje"
563,Polje - Konjski vrh,270,"delno zahtevna označena pot, lahko brezpotje"
563,Ravne - Konjski vrh (čez Črno prst),250,"delno zahtevna označena pot, lahko brezpotje"
563,Podbrdo - Konjski vrh (čez Črno prst),260,"delno zahtevna označena pot, lahko brezpotje"
564,Parkirišče Kot - Velika Kuhinja,155,zahtevno brezpotje
564,Žaga - Velika Kuhinja,330,zahtevno brezpotje
564,Hotel Boka - Velika Kuhinja,320,zahtevno brezpotje
565,Vas na Skali - Čisti vrh,210,lahka neoznačena steza
566,Nevejski preval - Rifugio Corsi,170,lahka označena pot
566,Cave del Mole - Rifugio Corsi,130,lahka označena pot
566,Cave del Mole - Rifugio Corsi (sentiero dei tedeschi),120,delno zahtevna označena pot
566,Bele vode / Rio Bianco - Rifugio Corsi (čez Krniško škrbino),240,delno zahtevna označena pot
567,Karnica / Sella Carnizza - Vrh Muzcev (vzhodni vrh),150,"delno zahtevna označena pot, delno zahtevna neoznačena pot"
568,Tolminske Ravne - Tolminski Migovec,165,lahka označena pot
568,Čadrg - Tolminski Migovec,210,delno zahtevna označena pot
569,Turkov rovt (Vrata) - Požgana Mlinarica,165,lahko brezpotje
569,Dolina Kot - Požgana Mlinarica,240,zahtevna neoznačena steza
569,Kosmačev preval - Požgana Mlinarica,375,zelo zahtevna neoznačena steza
570,La AleGra - Vrh Muzcev (zahodni vrh),210,zelo zahtevna označena pot
570,Karnica / Sella Carnizza - Vrh Muzcev (zahodni vrh),210,zelo zahtevna označena pot
571,Planina Kuk - Vrh Planje (nad Globokim),165,lahka neoznačena steza
571,Tolminske Ravne - Vrh Planje (nad Globokim) (po mulatjeri),210,"lahka označena pot, lahka neoznačena steza"
571,Tolminske Ravne - Vrh Planje (nad Globokim) (strma pot),180,"zahtevna označena pot, lahka neoznačena steza"
571,Kneške Ravne - Vrh Planje (nad Globokim),270,lahka neoznačena steza
571,Ski hotel Vogel - Vrh Planje (nad Globokim) (čez pl. Zadnji Vogel in skozi zatrep Žagarjevega grabna),160,"lahka označena pot, lahka neoznačena steza"
571,Ukanc - Vrh Planje (nad Globokim) (čez Globoko),240,lahka neoznačena steza
572,Planina Mangrt - Skutnik/Torre Guarda,120,delno zahtevna neoznačena pot
573,Ski hotel Vogel - Vrh Dlani,100,lahka neoznačena steza
574,Belopeška jezera - Bivak Nogara,195,zahtevna označena pot
575,Nevejski preval - Rifugio Gilberti,105,lahka označena pot
575,Nevejski preval - Rifugio Gilberti (pot 636),135,lahka označena pot
576,Rabelj / Cave del Predil - Šober / Monte Sciober Grande,165,lahka označena pot
576,Remšendol - Šober / Monte Sciober Grande (pot 518),180,delno zahtevna označena pot
576,Mangartska planina - Šober / Monte Sciober Grande (čez Stože),140,lahka označena pot
576,Mangartska planina - Šober / Monte Sciober Grande (čez Dren),155,lahka neoznačena steza
577,Planina Kuk - Žabiški Kuk (čez planino Razor),180,lahka neoznačena steza
577,Planina Kuk - Žabiški Kuk (pot mimo Gradiča (stara vojaška pot)),140,delno zahtevna označena pot
577,Tolminske Ravne - Žabiški Kuk (strma pot),195,"zahtevna označena pot, lahka neoznačena steza"
577,Tolminske Ravne - Žabiški Kuk (po mulatjeri),225,lahka neoznačena steza
577,Kneške Ravne (Prošček) - Žabiški Kuk (pot mimo Gradiča (stara vojaška pot)),290,"lahka neoznačena steza, delno zahtevna označena pot"
577,Kneške Ravne - Žabiški Kuk (pot mimo Gradiča (stara vojaška pot)),245,"lahka neoznačena steza, delno zahtevna označena pot"
578,Ravne - Črna prst (mimo Orožnove koče),185,lahka označena pot
578,Kal - Črna prst,150,lahka označena pot
578,Pod Luknjo - Črna prst,150,lahka označena pot
578,Podbrdo - Črna prst,195,lahka označena pot
578,Bohinjska Bistrica - Črna prst (mimo Orožnove koče),220,lahka označena pot
578,Kocenpohar - Črna prst,165,lahka označena pot
578,Ravne - Črna prst (čez planino za Črno goro),205,lahka označena pot
578,Vrh Bače - Črna prst,190,lahka označena pot
578,Bohinjsko sedlo - Črna prst,300,lahka označena pot
578,Petrovo Brdo - Črna prst,280,lahka označena pot
578,Polje - Črna prst,225,lahka označena pot
578,Kuk - Črna prst,210,lahka neoznačena steza
578,Podbrdo - Črna prst (čez Vrh Bače),325,lahka označena pot
578,Polje - Črna prst (mimo Orožnove koče),240,lahka označena pot
578,Bohinjska Bistrica - Črna prst (čez planino za Črno goro),240,lahka označena pot
579,Pri Mlinču - Škrbinica (Sinji dol) (lovska pot),120,"lahko brezpotje, delno zahtevna neoznačena pot"
580,Pod Luknjo - Četrt,180,"delno zahtevna označena pot, lahko brezpotje"
580,Polje - Četrt,255,"delno zahtevna označena pot, lahko brezpotje"
580,Ravne - Četrt (čez Črno prst),235,"delno zahtevna označena pot, lahko brezpotje"
580,Podbrdo - Četrt (čez Črno prst),245,delno zahtevna označena pot
581,Planina Blato - Jezero v Ledvicah (čez Štapce),255,delno zahtevna označena pot
581,Koča pri Savici - Jezero v Ledvicah,250,zahtevna označena pot
581,Planina Blato - Jezero v Ledvicah (čez Prode),255,lahka označena pot
582,Planina Blato - Kovačičeva glava (snežni pristop),150,lahko brezpotje
583,Planina Blato - Visoka glava,150,lahko brezpotje
584,Konec ceste na Pokljuki - Vodnikov dom na Velem polju,180,lahka označena pot
584,Rudno polje - Vodnikov dom na Velem polju,205,lahka označena pot
584,Dolina Krma - Vodnikov dom na Velem polju,210,lahka označena pot
584,Stara Fužina - Vodnikov dom na Velem polju,290,lahka označena pot
584,Uskovnica (Razpotje) - Vodnikov dom na Velem polju (čez planino Spodnji Tosc),210,zahtevna označena pot
584,Planina Blato - Vodnikov dom na Velem polju (čez Grintovico),230,lahka neoznačena steza
584,Uskovnica (Lom) - Vodnikov dom na Velem polju (čez planino Spodnji Tosc),215,zahtevna označena pot
584,Srednja vas - Vodnikov dom na Velem polju (Za Ribnico in čez planino Spodnji Tosc),300,zahtevna označena pot
585,Tam na Meji - Zajavor,180,delno zahtevna označena pot
585,Kapelica sv. Ane - Zajavor,135,delno zahtevna označena pot
586,Gozdec - Stara koča na Kaninu,130,lahka označena pot
587,Gozd Martuljek - Pri treh macesnih,220,zelo zahtevna neoznačena steza
588,Planina Blato - Vrtec (čez Planino Dedno polje),180,lahko brezpotje
589,Planina Kuhinja - Jezero v Lužnici,180,lahka označena pot
589,Krn - Jezero v Lužnici (čez planino Sleme),220,lahka označena pot
589,Planina Polog - Jezero v Lužnici,285,lahka označena pot
590,Ski hotel Vogel - Visoki Orlov rob,75,lahka označena pot
590,Ukanc - Visoki Orlov rob (skozi Žagarjev graben),225,lahka označena pot
591,Bele vode - Škraplja,150,delno zahtevna označena pot
592,Rudno polje - Plesišče,80,"lahka označena pot, lahka neoznačena steza"
593,Koča na Gozdu - Kumlehova glava,120,zahtevna neoznačena steza
593,2. serpentina vršiške ceste - Kumlehova glava (Za Kumlehom),165,zahtevna neoznačena steza
594,Kal - Rušni vrh,140,lahka neoznačena steza
594,Podbrdo - Rušni vrh,185,lahka neoznačena steza
594,Kuk - Rušni vrh,200,lahka neoznačena steza
594,Bohinjsko sedlo - Rušni vrh,290,lahka neoznačena steza
594,Petrovo Brdo - Rušni vrh,270,lahka neoznačena steza
594,Vrh Bače - Rušni vrh,180,lahka neoznačena steza
594,Podbrdo - Rušni vrh (čez Vrh Bače),270,lahka neoznačena steza
594,Ravne - Rušni vrh (mimo Orožnove koče),175,"lahka označena pot, lahka neoznačena steza"
594,Ravne - Rušni vrh (čez planino za Črno goro),195,"lahka označena pot, lahka neoznačena steza"
594,Bohinjska Bistrica - Rušni vrh (čez planino za Črno goro),230,lahka neoznačena steza
595,Planina Blato - Stadorski Orliči (čez planino Dedno polje),185,zahtevno brezpotje
596,Dolina Kot - Rušnata Mlinarica,180,zahtevna neoznačena steza
596,Kosmačev preval - Rušnata Mlinarica,315,zahtevna neoznačena steza
597,Drežniške Ravne - Krasji vrh (mimo snežne jame),180,lahka označena pot
597,Planina Zapleč - Krasji vrh (mimo kolujev),120,lahka označena pot
597,Planina Zapleč - Krasji vrh (mimo snežne jame),120,lahka označena pot
598,Planina Blato - Rigeljc (čez planino Dedno polje),185,lahko brezpotje
599,Magozd - Veliki vrh (Polovnik) (Štefkina pot),330,delno zahtevna neoznačena pot
600,Zavrzelno - Čukla,180,lahka označena pot
601,Žabnice / Camporosso in Valcanale - Svete Višarje / Monte Lussari,150,lahka označena pot
601,Zajzera - Svete Višarje / Monte Lussari (po cesti),180,lahka označena pot
601,Ovčja vas/Valbruna - Svete Višarje / Monte Lussari,150,lahka označena pot
601,Trbiž / Tarviso - Svete Višarje / Monte Lussari (po servisni cesti),205,lahka neoznačena steza
602,Aljažev dom v Vratih - Luknja,155,lahka označena pot
602,Zadnjica - Luknja,205,lahka označena pot
603,Gozd Martuljek - Kurji vrh,180,delno zahtevna neoznačena pot
603,Jasna - Kurji vrh,180,delno zahtevna neoznačena pot
604,Konec ceste na Vogar - Pršivec (direktna pot),90,lahka označena pot
604,Planina Blato - Pršivec,150,lahka označena pot
604,Stara Fužina - Pršivec (direktna pot),225,lahka označena pot
604,Konec ceste na Vogar - Pršivec (čez Planino Viševnik),140,lahka označena pot
604,Koča pri Savici - Pršivec,250,zahtevna označena pot
604,Planina Blato - Pršivec,150,lahka označena pot
604,Ukanc - Pršivec (Ferata Ožarjeni kamen),300,izjemno zahtevna označena pot
605,NC Planica - Glave (ob skakalnici),150,lahka neoznačena steza
605,Rateče (Ledine) - Glave,170,lahka neoznačena steza
606,Vršič - Sovna glava,30,lahka označena pot
606,Tonkina koča na Vršiču - Sovna glava (po stari cesti),70,lahka označena pot
606,Koča pri izviru Soče - Sovna glava,160,lahka označena pot
606,Erjavčeva koča na Vršiču - Sovna glava (po stari cesti),50,lahka označena pot
606,Erjavčeva koča na Vršiču - Sovna glava (po pešpoti),45,lahka označena pot
607,Ski hotel Vogel - Zavitar,60,lahka neoznačena steza
607,Javorje - Zavitar (čez Kratki plaz),120,lahko brezpotje
608,Kranjska Gora - Visoka peč (mimo Bedančevega doma),205,lahka neoznačena steza
608,Jasna - Visoka peč (mimo Mojčinega doma),210,lahka neoznačena steza
608,Dom Planica - Visoka peč (lovska pot),165,delno zahtevna neoznačena pot
608,Zelenci - Visoka peč,180,"lahko brezpotje, lahka neoznačena steza"
609,Jasna - Ciprnik (mimo Mojčinega doma),180,lahka označena pot
609,Dom Planica - Ciprnik (lovska pot),135,"delno zahtevna neoznačena pot, lahka označena pot"
609,Kranjska Gora - Ciprnik (mimo Bedančevega doma),175,lahka označena pot
609,Zelenci - Ciprnik,150,lahko brezpotje
610,Vršič - Vršič vrh,30,lahka označena pot
610,Koča na Gozdu - Vršič vrh (po stari cesti),90,lahka neoznačena steza
610,Tonkina koča na Vršiču - Vršič vrh,60,lahka označena pot
610,Koča pri izviru Soče - Vršič vrh,160,lahka označena pot
611,Učja - Skutnik / Monte Guarda,225,lahka označena pot
611,Parkirišče Kot - Skutnik / Monte Guarda,120,lahka označena pot
612,Planina Blato - Planina Jezerce,120,lahka neoznačena steza
612,Stara Fužina - Planina Jezerce,230,lahka označena pot
613,Dolina Krma - Planina Zgornja Krma,150,lahka označena pot
614,Scuglielârs - Veliki Karman / Monte Chiampon (CAI 713),210,zahtevna označena pot
614,Rivoli bianchi - Veliki Karman / Monte Chiampon (CAI 708 - 713),300,delno zahtevna označena pot
614,Strada di Foredor - Veliki Karman / Monte Chiampon (713),130,delno zahtevna označena pot
615,Planina Zapleč - Kal (greben Krnčice),150,"lahko brezpotje, delno zahtevna neoznačena pot"
616,Gozd Martuljek - Rutarski Vršič,180,"zahtevna označena pot, lahka neoznačena steza"
616,Lengar - Rutarski Vršič,180,"delno zahtevna neoznačena pot, lahko brezpotje"
617,Vodel - Gradovec,115,lahka neoznačena steza
617,Pod Debelo glavo - Gradovec,95,lahka neoznačena steza
617,Pod Debelo glavo - Gradovec (mimo lovske koče),110,lahka neoznačena steza
617,Javorje - Gradovec (pot čez Glin),190,lahka neoznačena steza
618,Vršič - Poštarski dom na Vršiču,20,lahka označena pot
618,Koča na Gozdu - Poštarski dom na Vršiču (po stari cesti),80,lahka neoznačena steza
618,Koča pri izviru Soče - Poštarski dom na Vršiču,150,lahka označena pot
618,Erjavčeva koča na Vršiču - Poštarski dom na Vršiču (po stari cesti),30,lahka označena pot
618,Tonkina koča na Vršiču - Poštarski dom na Vršiču (po stari cesti),50,lahka označena pot
618,Erjavčeva koča na Vršiču - Poštarski dom na Vršiču (po pešpoti),35,lahka označena pot
619,Planina Blato - Koča pri Triglavskih jezerih (čez Prode),195,lahka označena pot
619,Koča pri Savici - Koča pri Triglavskih jezerih (čez Komarčo),190,zahtevna označena pot
619,Planina Blato - Koča pri Triglavskih jezerih (čez Štapce),195,delno zahtevna označena pot
619,Koča pri Savici - Koča pri Triglavskih jezerih (čez Komno),300,lahka označena pot
619,Konec ceste na Vogar - Koča pri Triglavskih jezerih (čez Prode),200,lahka označena pot
619,Stara Fužina - Koča pri Triglavskih jezerih (čez Vogar in Štapce),300,delno zahtevna označena pot
619,Konec ceste na Vogar - Koča pri Triglavskih jezerih (čez Štapce),200,delno zahtevna označena pot
619,Pod Zjabci - Koča pri Triglavskih jezerih,345,lahka označena pot
620,Ski hotel Vogel - Orlove glave,30,lahka označena pot
621,Konec ceste na Pokljuki - Velo polje,195,lahka označena pot
621,Stara Fužina - Velo polje,295,lahka označena pot
621,Planina Blato - Velo polje (čez Grintovico),235,lahka neoznačena steza
621,Uskovnica (Razpotje) - Velo polje (čez planino Spodnji Tosc),210,zahtevna označena pot
621,Uskovnica (Lom) - Velo polje (čez planino Spodnji Tosc),215,zahtevna označena pot
621,Srednja vas - Velo polje (Za Ribnico in čez planino Spodnji Tosc),300,zahtevna označena pot
621,Rudno polje - Velo polje,205,lahka označena pot
622,Breginj - Stol (Julijske Alpe),190,delno zahtevna označena pot
622,Kobarid - Stol (Julijske Alpe),255,lahka označena pot
622,Potoki - Stol (Julijske Alpe),240,lahka označena pot
622,Breginj - Stol (Julijske Alpe) (čez Muzec),285,delno zahtevna označena pot
623,Planina Blato - Planina Krstenica (lovska pot),90,lahka neoznačena steza
623,Stara Fužina - Planina Krstenica,200,lahka označena pot
623,Stara Fužina - Planina Krstenica (čez planino Zgornja Grintovica),240,lahka neoznačena steza
624,Spodnja Trenta - Na Glavi,205,lahka neoznačena steza
625,Solbica / Stolvizza - Ricovero Igor Crasso,195,lahka označena pot
626,Rutarski gozd - Jehlc (Špičasta kupa),120,lahka neoznačena steza
626,Grant - Jehlc (Špičasta kupa),165,lahka neoznačena steza
626,Stržišče - Jehlc (Špičasta kupa),210,lahka neoznačena steza
627,Pecol - Rifugio di Brazza,25,lahka označena pot
628,Planina Blato - Planina Ovčarija,135,lahka označena pot
628,Konec ceste na Vogar - Planina Ovčarija,130,lahka označena pot
628,Koča pri Savici - Planina Ovčarija,210,zahtevna označena pot
628,Planina Blato - Planina Ovčarija (čez planino Viševnik),140,lahka označena pot
629,Belopeška jezera - Zavetišče pod Ponco,120,lahka označena pot
630,Ravne - Lisc (Lisec),165,"lahka označena pot, lahka neoznačena steza"
631,Žabnice / Camporosso in Valcanale - Florjanka / Monte Florianca,150,lahka označena pot
631,Trbiž / Tarviso - Florjanka / Monte Florianca (po servisni cesti),150,lahka neoznačena steza
632,Kal-Koritnica - Svinjak,195,delno zahtevna označena pot
633,Parkirišče Kot - Bivak Costantini (čez Zgornje Brdo),105,lahka označena pot
633,Parkirišče Kot - Bivak Costantini (čez Skutnik),170,delno zahtevna označena pot
634,Konec ceste na Pokljuki - Planina pod Mišelj vrhom,200,lahka označena pot
634,Stara Fužina - Planina pod Mišelj vrhom,270,lahka označena pot
634,Planina Blato - Planina pod Mišelj vrhom (čez planino Spodnja Grintovica),210,lahka neoznačena steza
634,Rudno polje - Planina pod Mišelj vrhom,225,lahka označena pot
634,Uskovnica (Razpotje) - Planina pod Mišelj vrhom (čez planino Spodnji Tosc),230,zahtevna označena pot
634,Uskovnica (Lom) - Planina pod Mišelj vrhom (čez planino Spodnji Tosc),240,zahtevna označena pot
634,Srednja vas - Planina pod Mišelj vrhom (Za Ribnico in čez planino Spodnji Tosc),320,zahtevna označena pot
635,Avsa - Matajur,150,lahka označena pot
635,Rifugio Pelizzo - Matajur,45,lahka označena pot
635,Svino - Matajur,225,lahka označena pot
635,Rifugio Pelizzo - Matajur (mimo Doma na Matajure),55,lahka označena pot
635,Matajur / Montemaggiore - Matajur (mimo Doma na Matajure),120,lahka označena pot
635,Livek - Matajur,180,lahka označena pot
635,Rifugio Pelizzo - Matajur (mimo Fonte Skrila),75,lahka označena pot
635,Mašera / Masseris - Matajur,150,lahka označena pot
635,Avsa - Matajur (stara pot),150,lahka označena pot
635,Matajur / Montemaggiore - Matajur (preko sedla),135,lahka označena pot
635,Rifugio Pelizzo - Matajur (čez Ledino),120,lahka označena pot
635,Svino - Matajur (slovenska smer),240,lahka označena pot
635,Jevšček - Matajur,150,lahka neoznačena steza
635,MP Robič - Matajur (Via Palma),240,zelo zahtevna označena pot
635,Štupca / Stupizza - Matajur,240,zahtevna označena pot
636,Breginj - Gabrovec (Veliki Muzec),180,delno zahtevna označena pot
637,Rudno polje - Blejska koča na Lipanci,105,lahka označena pot
637,Medvedova konta - Blejska koča na Lipanci,45,lahka označena pot
637,Planina Zajavornik - Blejska koča na Lipanci,60,lahka označena pot
637,Šport hotel - Blejska koča na Lipanci,105,lahka označena pot
637,Pri Rupah - Blejska koča na Lipanci,45,lahka označena pot
638,Planina Blato - Planina Viševnik,90,lahka označena pot
638,Konec ceste na Vogar - Planina Viševnik,80,lahka označena pot
638,Koča pri Savici - Planina Viševnik,190,zahtevna označena pot
638,Planina Blato - Planina Viševnik (čez Krištofojco),100,lahka označena pot
639,La AleGra - Bivak Dino Brollo,165,zahtevna označena pot
640,Radovna - Vošni vrh,180,lahka neoznačena steza
641,NC Planica - Tičarjev dom na Vršiču,205,zahtevna označena pot
641,Erjavčeva koča na Vršiču - Tičarjev dom na Vršiču,20,lahka označena pot
641,Koča pri izviru Soče - Tičarjev dom na Vršiču,130,lahka označena pot
641,Vršič - Tičarjev dom na Vršiču,2,lahka označena pot
642,Brezje / Montemaggiore - Breški Jalovec / Punta di Montemaggiore,180,lahka označena pot
642,Breginj - Breški Jalovec / Punta di Montemaggiore,300,delno zahtevna označena pot
643,Breginj - Muzec - Musc (Mali Muzec),175,delno zahtevna označena pot
644,Bohinjsko sedlo - Slatnik (severozahodni vrh) (mimo Lajnarja),75,lahka neoznačena steza
644,Bohinjsko sedlo - Slatnik (severozahodni vrh) (direktna pot),60,lahka neoznačena steza
644,Podbrdo - Slatnik (severozahodni vrh),195,lahka označena pot
644,Petrovo Brdo - Slatnik (severozahodni vrh) (mimo Lajnarja),135,lahka označena pot
644,Podbrdo - Slatnik (severozahodni vrh) (mimo Lajnarja),190,lahka označena pot
645,Bohinjsko sedlo - Možic (mimo Lajnarja),90,lahka označena pot
645,Bohinjsko sedlo - Možic (direktna pot),75,lahka označena pot
645,Vrh Bače - Možic,60,lahka označena pot
645,Petrovo Brdo - Možic (čez Vrh Bače),150,lahka označena pot
645,Petrovo Brdo - Možic (mimo Lajnarja),150,lahka označena pot
645,Podbrdo - Možic,195,lahka označena pot
645,Kozji hrbet - Možic,60,lahka neoznačena steza
645,Podbrdo - Možic (mimo Lajnarja),205,lahka označena pot
646,Ukanc - Planina za Migovcem,180,lahka neoznačena steza
646,Ski hotel Vogel - Planina za Migovcem,195,lahka označena pot
646,Koča pri Savici - Planina za Migovcem (mimo Doma na Komni in čez Planino Govnjač),265,lahka označena pot
646,Ukanc - Planina za Migovcem (skozi Žagarjev graben),270,lahka označena pot
646,Ukanc - Planina za Migovcem (čez planino Zadnji Vogel),300,lahka označena pot
646,Koča pri Savici - Planina za Migovcem (mimo Doma na Komni),245,lahka označena pot
647,Bohinjsko sedlo - Slatnik (jugovzhodni vrh) (mimo Lajnarja),65,lahka označena pot
647,Bohinjsko sedlo - Slatnik (jugovzhodni vrh) (mimo kasarne),70,lahka označena pot
647,Petrovo Brdo - Slatnik (jugovzhodni vrh) (mimo Lajnarja),125,lahka označena pot
647,Podbrdo - Slatnik (jugovzhodni vrh),205,lahka označena pot
647,Podbrdo - Slatnik (jugovzhodni vrh) (mimo Lajnarja),180,lahka označena pot
648,Predel - Nemške glave,90,delno zahtevna neoznačena pot
649,Mojstrana - Jerebikovec,140,lahka označena pot
649,Ravne - Jerebikovec,165,lahka neoznačena steza
649,Mojstrana - Jerebikovec (čez pobočje Na tnalu),155,delno zahtevna neoznačena pot
649,Planina Spodnji Kozjek - Jerebikovec,150,lahka neoznačena steza
650,Spodnja Trenta - Lovska koča Berebica,190,lahka neoznačena steza
651,Planina Zajzera - Bivak Stuparich,120,lahka označena pot
651,Planina Zajzera - Bivak Stuparich (mimo Rifugio Grego),150,lahka označena pot
652,Poldov rovt (Vrata) - Brinova glava,120,zahtevna neoznačena steza
653,Bohinjsko sedlo - Šavnik (mimo Lajnarja),120,lahka označena pot
653,Bohinjsko sedlo - Šavnik,90,lahka označena pot
653,Podbrdo - Šavnik,180,lahka označena pot
653,Vrh Bače - Šavnik,45,lahka označena pot
653,Kozji hrbet - Šavnik,50,lahka neoznačena steza
653,Petrovo Brdo - Šavnik,135,lahka označena pot
654,Tolminske Ravne - Grušnica (čez planino na Kalu),105,lahka neoznačena steza
654,Tolminska korita - Grušnica (čez Hudičev most in čez Tolminske Ravne),255,"delno zahtevna označena pot, lahka neoznačena steza"
654,Tolminska korita - Grušnica (skozi Tolminska korita in čez Tolminske Ravne),255,"delno zahtevna označena pot, lahka neoznačena steza"
654,Planina Kuk - Grušnica,165,lahka neoznačena steza
654,Čadrg - Grušnica (čez planino na Kalu),150,"delno zahtevna označena pot, lahka neoznačena steza"
654,Kneške Ravne - Grušnica (čez planino na Kalu),270,lahka neoznačena steza
655,Žabnice / Camporosso in Valcanale - Višarska planina / Malga di Lussari,120,lahka označena pot
655,Trbiž / Tarviso - Višarska planina / Malga di Lussari (po servisni cesti),175,lahka neoznačena steza
656,Koča na Gozdu - Visoki Mavrinc,75,lahka neoznačena steza
656,2. serpentina vršiške ceste - Visoki Mavrinc (Za Kumlehom),120,lahka neoznačena steza
657,Planina Blato - Planina v Lazu,100,lahka označena pot
657,Planina Blato - Planina v Lazu (čez Planino pri Jezeru),125,lahka označena pot
658,Planina Blato - Planina Dedno polje,90,lahka označena pot
658,Konec ceste na Vogar - Planina Dedno polje (mimo Grive),135,lahka označena pot
658,Konec ceste na Vogar - Planina Dedno polje (čez Krištofojco),135,lahka označena pot
659,Koča pri Savici - Planina Lopučnica (čez Komno),265,lahka označena pot
659,Pod Zjabci - Planina Lopučnica,300,lahka označena pot
659,Konec ceste na Vogar - Planina Lopučnica (čez Štapce),230,delno zahtevna označena pot
659,Planina Blato - Planina Lopučnica (čez Prode),225,lahka označena pot
659,Konec ceste na Vogar - Planina Lopučnica (čez Prode),230,lahka označena pot
659,Planina Blato - Planina Lopučnica (čez Štapce),225,delno zahtevna označena pot
659,Koča pri Savici - Planina Lopučnica (mimo Dvojnega jezera),220,zahtevna označena pot
660,Jablenca - Javoršček,180,"lahka neoznačena steza, lahka označena pot"
660,Počivalnik - Javoršček,180,zahtevna neoznačena steza
661,Krnica - Planina Klek,195,lahka označena pot
661,Strmec - Planina Klek,10,lahka označena pot
662,Jasna - Mojčin dom na Vitrancu (po grebenu),135,lahka označena pot
662,Kranjska Gora - Mojčin dom na Vitrancu (mimo Bedančevega doma),130,lahka označena pot
662,Jasna - Mojčin dom na Vitrancu (po smučišču),150,lahka neoznačena steza
662,Dom Planica - Mojčin dom na Vitrancu (lovska pot),140,"delno zahtevna neoznačena pot, lahka označena pot"
662,Zelenci - Mojčin dom na Vitrancu,155,"lahko brezpotje, lahka označena pot"
663,Mangartska planina - Planja (nad Mangartsko planino),45,delno zahtevna neoznačena pot
664,Bohinjsko sedlo - Lajnar (označena pot),40,lahka označena pot
664,Zgornja Sorica - Lajnar,100,lahka označena pot
664,Petrovo Brdo - Lajnar,120,lahka označena pot
664,Bohinjsko sedlo - Lajnar (neoznačena pot),45,lahka neoznačena steza
664,Podbrdo - Lajnar,175,lahka označena pot
665,Vas na Skali - Planina v Plazeh (po cesti),165,lahka neoznačena steza
665,Vas na Skali - Planina v Plazeh,140,lahka neoznačena steza
666,Bohinjsko sedlo - Dravh (čez Lajnar),60,lahka označena pot
666,Zgornja Sorica - Dravh,90,lahka označena pot
666,Bohinjsko sedlo - Dravh (direktna pot),40,lahka neoznačena steza
667,Rifugio Pelizzo - Dom na Matajure,40,lahka označena pot
667,Avsa - Dom na Matajure (stara pot),150,lahka označena pot
668,Dolina Kot - Požar,120,delno zahtevna neoznačena pot
668,Kosmačev preval - Požar,240,delno zahtevna neoznačena pot
669,Za Malim vrhom - Kravja Črna gora,60,lahko brezpotje
670,Avsa - Visoka glava (na Matajurju) (stara pot),155,"lahka označena pot, lahko brezpotje"
671,Šport hotel - Mesnovec,60,lahko brezpotje
672,Ribčev Laz - Planinska koča Merjasec,180,lahka označena pot
672,Ukanc - Planinska koča Merjasec (skozi Žagarjev graben),165,lahka označena pot
672,Planina Storeča raven - Planinska koča Merjasec,75,lahka označena pot
673,Cave del Mole - Viška planina,75,lahka označena pot
674,Dom v Lepeni - Planina na Polju,170,lahka označena pot
674,Koča pri Savici - Planina na Polju,350,lahka označena pot
675,Breginj - Bivak pod Muzcem,165,delno zahtevna označena pot
676,Ribčev Laz - Lovska koča na Glinu,210,lahka neoznačena steza
676,Javorje - Lovska koča na Glinu,120,lahka neoznačena steza
676,Pod Debelo glavo - Lovska koča na Glinu,135,lahka neoznačena steza
676,Pod Debelo glavo - Lovska koča na Glinu (mimo lovske koče),150,lahka neoznačena steza
676,Vodel - Lovska koča na Glinu,155,lahka neoznačena steza
677,Mihov dom na Vršiču - Erjavčeva koča na Vršiču (peš pot),90,lahka označena pot
677,Tonkina koča na Vršiču - Erjavčeva koča na Vršiču,25,lahka neoznačena steza
678,Remšendol - Rifugio Cinque Punte (pot 518),120,delno zahtevna označena pot
679,Koča pri Savici - Dom na Komni,150,lahka označena pot
679,Koča  pri Savici - Dom na Komni (čez Komarčo),195,zahtevna označena pot
679,Ski hotel Vogel - Dom na Komni,300,lahka označena pot
679,Pod Zjabci - Dom na Komni,300,lahka označena pot
679,Planina Blato - Dom na Komni (mimo Črnega jezera),255,lahka označena pot
679,Dom v Lepeni - Dom na Komni,315,lahka označena pot
679,Ukanc - Dom na Komni (skozi Ražnovo Suho),240,delno zahtevna neoznačena pot
679,Planina Blato - Dom na Komni (čez Štapce),345,delno zahtevna označena pot
679,Ukanc - Dom na Komni (čez planino Zadnji Vogel),405,lahka označena pot
679,Ukanc - Dom na Komni (skozi Žagarjev graben),375,lahka označena pot
679,Ukanc - Dom na Komni (čez planino za Migovcem),285,lahka neoznačena steza
679,Planina Blato - Dom na Komni (čez Prode),345,lahka označena pot
680,Ovčja vas / Valbruna - Planina Ravna,120,lahka označena pot
680,Naborjet / Malborghetto - Planina Ravna,165,lahka označena pot
681,Bohinjska Bistrica - Krevl (po smučarski progi),165,lahka neoznačena steza
681,Vrh Bače - Krevl,60,lahka označena pot
681,Petrovo Brdo - Krevl,150,lahka označena pot
681,Za Malim vrhom - Krevl,60,lahka neoznačena steza
681,Ravne - Krevl,140,lahka označena pot
681,Podbrdo - Krevl,195,lahka označena pot
681,Bohinjsko sedlo - Krevl,170,lahka označena pot
681,Bohinjska Bistrica - Krevl (čez planino za Črno goro),175,lahka označena pot
682,Koča pri Savici - Koča pod Bogatinom,165,lahka označena pot
682,Pod Zjabci - Koča pod Bogatinom,285,lahka označena pot
682,Dom v Lepeni - Koča pod Bogatinom,300,lahka označena pot
683,Pod Zjabci - Planina Za skalo,135,lahka označena pot
684,Lužnice - Malga Granuda,150,lahka označena pot
684,Ombrico - Malga Granuda,140,lahka neoznačena steza
685,Zadnjica - Lovska koča Na Utrci,150,lahka neoznačena steza
686,Zajzera - Rifugio Pellarini,120,lahka označena pot
687,Kosmačev preval - Lengarjeva glava,210,lahka neoznačena steza
688,Vrh Bače - Kobla,45,lahka označena pot
688,Bohinjsko sedlo - Kobla,155,lahka označena pot
688,Petrovo Brdo - Kobla,135,lahka označena pot
688,Podbrdo - Kobla,180,lahka označena pot
689,Stara Fužina - Planina Vodični vrh,165,lahka označena pot
690,Tolminske Ravne - Planina na Kalu,90,lahka označena pot
690,Tolminska korita - Planina na Kalu (skozi Tolminska korita in čez Tolminske Ravne),240,delno zahtevna označena pot
690,Planina Kuk - Planina na Kalu,150,lahka označena pot
690,Tolminska korita - Planina na Kalu (čez Hudičev most in čez Tolminske Ravne),240,delno zahtevna označena pot
690,Čadrg - Planina na Kalu,135,delno zahtevna označena pot
690,Kneške Ravne - Planina na Kalu,255,"lahka neoznačena steza, lahka označena pot"
691,Breginj  - Nizki vrh,180,delno zahtevna označena pot
692,Belopeška jezera / Lago di Fusine - Črni vrh / Colrotondo,100,lahka neoznačena steza
692,Bela Peč / Villa Bassa - Črni vrh / Colrotondo,120,lahka neoznačena steza
693,Zgornji Goreljek - Javorov vrh (Pokljuka),90,lahka označena pot
694,Koča pri Savici - Planina Govnjač,180,lahka označena pot
695,Aljažev dom v Vratih - Bivak pod Luknjo,110,lahka označena pot
696,Koča na planini Stador - Kobilja glava,75,lahka označena pot
696,Planina Lom - Kobilja glava,75,lahka neoznačena steza
697,Pod Debelo glavo - Planina Poljana,55,lahka neoznačena steza
697,Javorje - Planina Poljana (pot čez Glin),195,lahka neoznačena steza
697,Pod Debelo glavo - Planina Poljana (mimo lovske koče),70,lahka neoznačena steza
697,Vodel - Planina Poljana,75,lahka neoznačena steza
698,Mojstrana - Vrtaška planina,120,lahka označena pot
698,Plaz Črlovec - Vrtaška planina,105,zahtevna neoznačena steza
699,Planina Blato - Koča na Planini pri Jezeru,60,lahka označena pot
699,Stara Fužina - Koča na Planini pri Jezeru,165,lahka označena pot
699,Planina Blato - Koča na Planini pri Jezeru (čez Planino v Lazu),160,lahka označena pot
699,Planina Blato - Koča na Planini pri Jezeru (strma pot),60,lahka označena pot
699,Stara Fužina - Koča na Planini pri Jezeru (mimo planine Vodični vrh),195,lahka označena pot
699,Koča pri Savici - Koča na Planini pri Jezeru (čez Planino Viševnik),210,zahtevna označena pot
700,Koča na planini Stador - Jalovnik,90,lahka neoznačena steza
700,Planina Lom - Jalovnik,90,lahka neoznačena steza
701,Korito / Coritis - Planina Kanin / Casera Canin (pot 642),150,lahka označena pot
702,Krn - Planina Sleme,100,lahka označena pot
702,Planina Polog - Planina Sleme,165,lahka označena pot
703,Planina Zajzera - Laghetto di Somdogna,75,lahka označena pot
704,Mojstrana - Risnati rob (Polevec),120,lahko brezpotje
704,Mojstrana - Risnati rob (Polevec) (čez pobočje Na tnalu),135,delno zahtevna neoznačena pot
705,Bele vode / Rio Bianco - Rifugio Brunner,75,lahka označena pot
706,Konec ceste na Pokljuki - Planina Konjščica,30,lahka označena pot
706,Rudno polje - Planina Konjščica,60,"lahka označena pot, lahka neoznačena steza"
706,Uskovnica (Razpotje) - Planina Konjščica,65,lahka označena pot
706,Uskovnica (Lom) - Planina Konjščica,85,lahka označena pot
706,Srednja vas - Planina Konjščica (Za Ribnico),170,lahka označena pot
707,Gozd Martuljek - Bivak pod Špikom (direktna pot),120,lahka označena pot
707,Gozd Martuljek - Bivak pod Špikom (ob reki),120,lahka označena pot
708,Ukanc - Planina Zadnji Vogel (skozi Žagarjev graben),150,lahka označena pot
708,Ski hotel Vogel - Planina Zadnji Vogel,30,lahka označena pot
709,Reklanska dolina - Planina Zgornja Gorjuda,120,zahtevna označena pot
710,Štupca / Stupizza - Marsinska planina,195,zahtevna označena pot
711,Hotel Boka - Planina Baban,180,delno zahtevna neoznačena pot
711,Žaga - Planina Baban,190,delno zahtevna označena pot
712,Soča - Planina nad Sočo,150,lahka označena pot
713,Pod Luknjo - Planina Osredki,75,lahka označena pot
713,Polje - Planina Osredki,150,lahka označena pot
714,Dom v Lepeni - Krnsko jezero,140,lahka označena pot
714,Koča pri Savici - Krnsko jezero,320,lahka označena pot
715,Mojstrana - Mali vrh (na Mežakli),110,lahko brezpotje
715,Mojstrana - Mali vrh (na Mežakli) (čez pobočje Na tnalu),125,delno zahtevna neoznačena pot
716,Planina Zajzera - Rifugio Grego,60,lahka označena pot
717,Zadnja Trenta (Flori) - Planina Zapotok,100,zahtevna označena pot
718,Ribčev Laz - Planina Suha,150,lahka označena pot
718,Javorje - Planina Suha,60,lahka označena pot
718,Pod Debelo glavo - Planina Suha (mimo lovske koče),190,lahka neoznačena steza
718,Pod Debelo glavo - Planina Suha,175,lahka neoznačena steza
718,Vodel - Planina Suha,195,lahka neoznačena steza
719,Dom v Lepeni - Dom pri Krnskih jezerih,120,lahka označena pot
719,Koča pri Savici - Dom pri Krnskih jezerih,320,lahka označena pot
720,Koča na Gozdu - Tonkina koča na Vršiču,30,lahka označena pot
721,Belopeška jezera - Rifugio Zacchi,75,lahka označena pot
722,Planina Kuhinja - Planica (pod Krnom),80,lahko brezpotje
722,Drežnica - Planica (pod Krnom),140,lahko brezpotje
723,Šport hotel - Lipenšči hrib,45,lahko brezpotje
724,Parkirišče nad Scuglielârsom  - Mali Karman / Monte Cuarnan (CAI 717 - 715),150,lahka označena pot
725,Tolminske Ravne - Javor (nad Tolminskimi Ravnami),80,lahka neoznačena steza
725,Tolminska korita - Javor (nad Tolminskimi Ravnami) (skozi Tolminska korita in čez Tolminske Ravne),230,"delno zahtevna označena pot, lahka neoznačena steza"
725,Tolminska korita - Javor (nad Tolminskimi Ravnami) (čez Hudičev most in čez Tolminske Ravne),230,"delno zahtevna označena pot, lahka neoznačena steza"
725,Čadrg - Javor (nad Tolminskimi Ravnami),115,"delno zahtevna označena pot, lahka neoznačena steza"
726,Krn - Mrzli vrh nad planino Pretovč,90,lahka označena pot
726,Planina Polog - Mrzli vrh nad planino Pretovč,165,lahka označena pot
726,Zatolmin - Mrzli vrh nad planino Pretovč (čez Vodel na Mrzli vrh),210,lahka neoznačena steza
727,Ovčja vas / Valbruna - Planina Strehica,120,lahka označena pot
727,Naborjet / Malborghetto - Planina Strehica,120,lahka označena pot
728,Avsa - Mrzli vrh (na Matajurju),85,lahka neoznačena steza
728,Avsa - Mrzli vrh (na Matajurju) (stara pot),85,lahka označena pot
729,Planina Kuhinja - Planina Zaslap,65,"lahka označena pot, lahka neoznačena steza"
729,Drežnica - Planina Zaslap,185,"lahka označena pot, lahka neoznačena steza"
730,Kosmačev preval - Črna gora,75,lahka neoznačena steza
731,Ravne - Orožnova koča na planini za Liscem,105,lahka označena pot
731,Bohinjska Bistrica - Orožnova koča na planini za Liscem,140,lahka označena pot
731,Ravne - Orožnova koča na planini za Liscem (po drči),110,lahka označena pot
731,Polje - Orožnova koča na planini za Liscem,165,lahka označena pot
732,2. serpentina vršiške ceste - Škrbinjek,60,lahka neoznačena steza
733,Gozd Martuljek - Bivak Za Akom,120,zahtevna označena pot
734,Ravne - Planina Za Črno goro,100,lahka označena pot
734,Bohinjska Bistrica - Planina Za Črno goro,135,lahka označena pot
734,Bohinjsko sedlo - Planina Za Črno goro,200,lahka označena pot
734,Vrh Bače - Planina Za Črno goro,90,lahka označena pot
734,Petrovo Brdo - Planina Za Črno goro,180,lahka označena pot
734,Podbrdo - Planina Za Črno goro (čez Vrh Bače),225,lahka označena pot
735,Zavrzelno - Planina Goričica,105,lahka označena pot
735,Cesta Bovec - B postaja (Čelo) - Planina Goričica,180,lahka označena pot
736,Radovna - Frčkova planina,130,lahka neoznačena steza
737,Avsa - Srednji vrh (na Matajurju) (stara pot),80,lahka označena pot
738,Kozji hrbet - Planina za Šavnikom,15,lahka neoznačena steza
739,Planina Kuk - Koča na planini Razor,60,lahka označena pot
739,Tolminske Ravne - Koča na planini Razor (po mulatjeri),105,lahka označena pot
739,Tolminske Ravne - Koča na planini Razor (strma pot),75,zahtevna označena pot
739,Kneške Ravne - Koča na planini Razor,165,lahka neoznačena steza
739,Kneške Ravne (Prošček) - Koča na planini Razor,210,"lahka neoznačena steza, lahka označena pot"
739,Podmelec (železniška postaja) - Koča na planini Razor (Pot po pobočju Jalovnika in Kobilje glave),320,"lahka neoznačena steza, lahka označena pot"
740,Trdnjava Kluže - Kota 1313,140,lahka označena pot
741,Zgornja Sorica - Koča na Soriški planini,75,lahka označena pot
741,Bohinjsko sedlo - Koča na Soriški planini,5,lahka označena pot
741,Bohinjska Bistrica - Koča na Soriški planini,150,lahka označena pot
741,Nomenj - Koča na Soriški planini (čez planino Strmne),165,lahka neoznačena steza
742,Gozdec - Planina Gozdec,45,lahka označena pot
743,Planina Polog - Planina Dobrenjščica,165,lahka označena pot
743,Tolminske Ravne - Planina Dobrenjščica,180,zahtevna označena pot
744,Bavšica - Lovska koča Bala,110,lahka označena pot
745,Pri Mlinču - Mangartska planina,35,lahka označena pot
746,Koča pri Savici - Črno jezero (čez Komarčo),100,zahtevna označena pot
746,Koča pri  Savici - Črno jezero (po poti na Komno),210,lahka označena pot
746,Planina Blato - Črno jezero,160,lahka označena pot
747,Šport hotel - Planina Zajavornik,40,lahka označena pot
748,Rudno polje - Planina Zajamniki,80,lahka označena pot
748,Parkirišče Uskovnica - Planina Zajamniki,90,lahka označena pot
748,Zgornji Goreljek - Planina Zajamniki,120,lahka označena pot
749,Petrovo Brdo - Vrh Bače,90,lahka označena pot
749,Bohinjsko sedlo - Vrh Bače,110,lahka označena pot
749,Podbrdo - Vrh Bače,135,lahka označena pot
750,Bled (Velika Zaka) - Rečiška planina,225,lahka označena pot
750,Zatrnik - Rečiška planina,130,lahka neoznačena steza
750,Planina Smrečica (Poglajnov rovt) - Rečiška planina,95,lahka neoznačena steza
750,Bohinjska Bela (sv. Marjeta) - Rečiška planina,210,lahka označena pot
751,Bohinjska Bela (Podklanec) - Galetovec (zahodna pot),120,lahka označena pot
751,Bohinjska Bela - Galetovec (čez Turn),120,lahka označena pot
751,Konjska raven (Pokljuka) - Galetovec,50,lahka označena pot
751,Brezje - Galetovec,120,lahka označena pot
751,Bohinjska Bela (Zgornja vas) - Galetovec (vzhodna pot (čez Iglico)),150,delno zahtevna označena pot
751,Zatrnik - Galetovec,120,lahka neoznačena steza
751,Ilovec - Galetovec,25,lahka neoznačena steza
751,Bled (Velika Zaka) - Galetovec,215,lahka neoznačena steza
751,Planina Smrečica (Poglajnov rovt) - Galetovec,120,lahka neoznačena steza
751,Poljšica pri Gorjah (Zatrata) - Galetovec (po pešpoti),155,lahka neoznačena steza
752,Zatrnik - Berjanca,95,lahka neoznačena steza
752,Cesta na Pokljuko (deponija lesa GG Bled) - Berjanca,60,lahka neoznačena steza
752,Bled (Velika Zaka) - Berjanca,190,lahka označena pot
752,Bohinjska Bela (sv. Marjeta) - Berjanca,175,lahka označena pot
752,Planina Smrečica (Poglajnov rovt) - Berjanca,60,lahka neoznačena steza
753,Tam na Meji (Beli potok) - Nizki vrh (Monte Nischiuarch),105,lahko brezpotje
753,Kapelica sv. Ane - Nizki vrh (Monte Nischiuarch),85,lahko brezpotje
754,Koprivnik v Bohinju - Zgornji Goreljek (Pokljuka) (mimo makete mlina na veter),90,lahka neoznačena steza
754,Bled (Velika Zaka) - Zgornji Goreljek (Pokljuka),345,lahka označena pot
754,Zatrnik - Zgornji Goreljek (Pokljuka),250,lahka neoznačena steza
754,Bohinjska Bela (sv. Marjeta) - Zgornji Goreljek (Pokljuka),330,lahka označena pot
754,Planina Smrečica (Poglajnov rovt) - Zgornji Goreljek (Pokljuka),215,lahka neoznačena steza
755,B Postaja - Planina Krnica,55,delno zahtevna označena pot
755,Cesta Bovec - B postaja (Čelo) - Planina Krnica,120,lahka označena pot
755,B postaja Kaninske žičnice (Čelo) - Planina Krnica (spodnja pot),75,lahka označena pot
756,Drežnica - Planina Slapnik,165,lahka označena pot
756,Planina Kuhinja - Planina Slapnik,45,lahka označena pot
757,Avsa - Idrska planina,70,lahka označena pot
757,Avsa - Idrska planina (stara pot),85,lahka označena pot
758,Stara Fužina - Planina Zgornja Grintovica,175,lahka označena pot
758,Planina Blato - Planina Zgornja Grintovica,90,lahka neoznačena steza
759,Zatrnik - Turn (nad Bohinjsko Belo),100,lahka neoznačena steza
759,Bled (Velika Zaka) - Turn (nad Bohinjsko Belo),195,lahka neoznačena steza
759,Konjska raven (Pokljuka) - Turn (nad Bohinjsko Belo),30,lahka neoznačena steza
759,Planina Smrečica (Poglajnov rovt) - Turn (nad Bohinjsko Belo),100,lahka neoznačena steza
759,Ilovec - Turn (nad Bohinjsko Belo),40,lahka neoznačena steza
760,Spodnja Trenta - Planina Berebica,120,lahka neoznačena steza
761,Lepena - Planina Zagreben,150,delno zahtevna neoznačena pot
762,Štupca / Stupizza - Mija / Monte Mia,180,delno zahtevna označena pot
762,Napoleonov most - Mija / Monte Mia,145,"lahka neoznačena steza, delno zahtevna označena pot"
762,Štupca / Stupizza - Mija / Monte Mia (skozi Pradol),215,delno zahtevna označena pot
763,Konjska raven (Pokljuka) - Belska planina,15,lahka označena pot
763,Zatrnik - Belska planina,115,lahka neoznačena steza
763,Planina Smrečica (Poglajnov rovt) - Belska planina,115,lahka neoznačena steza
763,Bled (Velika Zaka) - Belska planina,210,lahka neoznačena steza
764,NC Planica - Izvir Nadiže (po pešpoti),65,delno zahtevna označena pot
765,Ravne - Planina Zgornji Kozjek,20,lahka neoznačena steza
766,Planina Kuhinja - Planina Leskovca (po cesti),40,lahka označena pot
767,Mihov dom na Vršiču - Koča na Gozdu,45,lahka označena pot
768,Kobarid - Bivak Hlek,135,lahka označena pot
768,Potoki - Bivak Hlek,120,lahka označena pot
769,Koprivnik v Bohinju - Spodnji Goreljek (Pokljuka) (mimo makete mlina na veter),70,lahka neoznačena steza
770,Planina Kuhinja - Italijanska vojaška kapela na Planici,60,lahka označena pot
770,Drežnica - Italijanska vojaška kapela na Planici,120,lahka označena pot
771,Svino - Svinska planina,160,lahka označena pot
772,Planina Smrečica (Poglajnov rovt) - Grajska planina (Ribšca),120,lahka neoznačena steza
772,Zatrnik - Grajska planina (Ribšca),155,lahka neoznačena steza
772,Bled (Velika Zaka) - Grajska planina (Ribšca),250,lahka označena pot
772,Bohinjska Bela (sv. Marjeta) - Grajska planina (Ribšca),235,lahka označena pot
773,Podmežakla (Jesenice) - Škrbina (Mežakla) (čez Zakop),100,lahka označena pot
773,Podmežakla (Jesenice) - Škrbina (Mežakla) (ob daljnovodu),100,zahtevno brezpotje
774,Drežniške Ravne - Planina Zaprikraj (po cesti),75,lahka označena pot
775,Drežniške Ravne - Planina Zapleč,70,lahka označena pot
776,Bled (Velika Zaka) - Lovska koča Mali Vokel,180,lahka označena pot
776,Bohinjska Bela (sv. Marjeta) - Lovska koča Mali Vokel,165,lahka označena pot
776,Zatrnik - Lovska koča Mali Vokel,85,lahka neoznačena steza
776,Planina Smrečica (Poglajnov rovt) - Lovska koča Mali Vokel,50,lahka neoznačena steza
777,Petrovo Brdo - Lovčev bivak Pri Koucah,60,lahka označena pot
777,Podbrdo - Lovčev bivak Pri Koucah,115,lahka označena pot
778,Rekarjev rovt - Police,45,lahka neoznačena steza
779,Tam na Meji (Beli potok) - Planina Nizki vrh,75,lahka označena pot
779,Kapelica sv. Ane - Planina Nizki vrh,60,lahka označena pot
780,Bavšica - Planina Bala,90,lahka označena pot
781,Parkirišče Kot - Planina Kot / Malga Coot,15,lahka označena pot
782,Ilovec - Planina Ilovec,10,lahka neoznačena steza
783,Stara Fužina - Planina Spodnja Grintovica,165,lahka označena pot
783,Planina Blato - Planina Spodnja Grintovica,105,lahka neoznačena steza
784,Krn - Planina Pretovč,60,lahka označena pot
784,Planina Polog - Planina Pretovč,135,lahka označena pot
785,Drežnica - Bivak na Črniku,105,lahka označena pot
786,Rudno polje - Koča na Uskovnici,50,lahka označena pot
786,Srednja vas - Koča na Uskovnici (čez Lom),100,lahka označena pot
786,Uskovnica (Razpotje) - Koča na Uskovnici,20,lahka označena pot
786,Srednja vas - Koča na Uskovnici (Za Ribnico),100,lahka označena pot
786,Stara Fužina - Koča na Uskovnici (čez planino Blatce),120,lahka označena pot
786,Stara Fužina - Koča na Uskovnici (skozi Voje),180,lahka označena pot
786,Uskovnica (Lom) - Koča na Uskovnici,15,lahka označena pot
787,Gozd Martuljek - Zgornji Martuljkov slap (ob reki in mimo koče),105,zahtevna označena pot
787,Gozd Martuljek - Zgornji Martuljkov slap (po kolovozu),100,zahtevna označena pot
788,Planina Blato - Planina Blato (krožna pot po Fužinskih planinah),395,"lahka označena pot, lahka neoznačena steza"
789,Bled (Velika Zaka) - Gozdarska koča Mali Vokel,170,lahka označena pot
789,Zatrnik - Gozdarska koča Mali Vokel,75,lahka neoznačena steza
789,Bohinjska Bela (sv. Marjeta) - Gozdarska koča Mali Vokel,155,lahka označena pot
790,Zadnja Trenta (Flori) - Zapotoški slapovi,80,delno zahtevna neoznačena pot
791,Planina Polog - Planina Medrja,110,lahka označena pot
792,Podmežakla (Jesenice) - Snežna jama na Mežakli (čez Zakop in Planski vrh),150,lahka označena pot
793,Mihov dom na Vršiču - Ruska kapelica,20,lahka označena pot
794,Kranjska Gora - Bedančev dom,50,lahka označena pot
795,Drežniške Ravne - Slap Curk,45,zahtevna označena pot
796,Pišnica - Koča v Krnici,85,lahka označena pot
796,Ruski križ - Koča v Krnici,45,lahka označena pot
796,Ruski križ - Koča v Krnici (po gozdni stezi),45,lahka označena pot
797,NC Planica - Dom v Tamarju (po cesti),45,lahka označena pot
797,NC Planica - Dom v Tamarju (po pešpoti),45,lahka označena pot
797,Podkoren (Kolovrati) - Dom v Tamarju,90,"lahka neoznačena steza, lahka označena pot"
798,Zatrnik - Hotunjski vrh (zahodna pot),40,lahka neoznačena steza
798,Poljšica pri Gorjah (Zatrata) - Hotunjski vrh (po pešpoti),90,lahka neoznačena steza
798,Zatrnik - Hotunjski vrh (severna pot),40,lahka neoznačena steza
798,Bled (Velika Zaka) - Hotunjski vrh,150,lahka neoznačena steza
798,Poljšica pri Gorjah (Zatrata) - Hotunjski vrh (po cesti),120,lahka neoznačena steza
798,Bohinjska Bela (sv. Marjeta) - Hotunjski vrh,135,lahka neoznačena steza
799,Koča na planini Stador - Planina Lom,20,lahka označena pot
800,Pišnica - Mihov dom na Vršiču,80,lahka označena pot
801,Koča na planini Stador - Kobala,20,lahka označena pot
802,Strada di Foredor - Malga Cuarnan,15,lahka označena pot
803,Kneške Ravne (Prošček) - Planina v Prodih,55,lahka neoznačena steza
804,Žaga - Planina Ognjenik,140,delno zahtevna označena pot
805,Stara Fužina - Kosijev dom na Vogarju,75,lahka označena pot
806,Dolina Kot - Slapovi v Kotu (krožna pot),60,lahka neoznačena steza
807,Podmežakla (Jesenice) - Partizanska bolnišnica na Mežakli (čez Zakop),100,lahka označena pot
809,Petrovo Brdo - Kup,45,lahka označena pot
809,Podbrdo - Kup,95,lahka označena pot
810,Kočna - Planina Obranica (mimo babe),75,lahka označena pot
810,Spodnje Gorje - Planina Obranica,65,lahka neoznačena steza
810,Kočna  - Planina Obranica (od spomenika),60,lahka označena pot
811,Rateče (Ledine) - Planinsko zavetišče Slatna,40,lahka neoznačena steza
812,Koprivnik v Bohinju - Vodnikov razglednik,15,lahka označena pot
812,Jereka - Vodnikov razglednik,75,lahka označena pot
813,Belopeška jezera / Lago di Fusine - Jezerska planina / Alpe del Lago,15,lahka označena pot
814,Bohinjska Bela - Planina za Jamo,90,lahka označena pot
815,Srednja vas - Studor,90,"lahka neoznačena steza, lahko brezpotje"
815,Stara Fužina - Studor (čez planino Blatce),90,"lahka neoznačena steza, lahko brezpotje"
816,Planina Kuhinja - Koča na planini Kuhinja,5,lahka označena pot
816,Drežnica - Koča na planini Kuhinja,175,lahka označena pot
817,Koča pri Peričniku - Aljažev dom v Vratih (Pot Triglavske Bistrice),120,lahka označena pot
818,Breginj - Klatnica,90,lahka označena pot
819,Planina Polog - Planina Laška seč,90,lahka označena pot
820,Koča pri izviru Soče - Izvir Soče,15,zahtevna označena pot
821,Žabče (cesta na Tolminske Ravne) - Poloje,120,lahka označena pot
822,Breginj - Sveta Marjeta pod Stolom,75,lahka označena pot
823,Napoleonov most - Planina Mija,100,"lahka neoznačena steza, delno zahtevna označena pot"
823,Štupca / Stupizza - Planina Mija,135,delno zahtevna označena pot
823,Štupca / Stupizza - Planina Mija (skozi Pradol),170,delno zahtevna označena pot
824,Ukanc - Ožarjeni kamen (Ferata Ožarjeni kamen),110,izjemno zahtevna označena pot
825,Podmežakla (Jesenice) - Planina Ravne (čez Zakop),135,lahka neoznačena steza
826,Žaga - Gulj,120,"delno zahtevna označena pot, lahko brezpotje"
827,Stara Fužina - Slap Suha (po cesti),105,lahka neoznačena steza
828,Brod - Rudnica,75,lahka označena pot
828,Stara Fužina - Rudnica (po cesti),100,lahka označena pot
828,Jezersko polje - Rudnica,105,lahka označena pot
828,Srednja vas (Senožeta) - Rudnica,90,lahka neoznačena steza
828,Savica - Rudnica,75,lahka označena pot
828,Brod - Rudnica (čez Široko polico),85,lahka označena pot
828,Bohinjska Češnjica - Rudnica,90,lahka neoznačena steza
828,Savica - Rudnica (čez Široko polico),85,lahka označena pot
829,Poljane (Spodnje Gorje) - Boršt (po cesti),60,lahka neoznačena steza
829,Kočna - Boršt (čez Vrše),80,lahka neoznačena steza
829,Trate (Blejska Dobrava) - Boršt,60,lahka neoznačena steza
831,Gozd Martuljek - Ingotova koča na planini Jesenje (ob reki),60,lahka označena pot
831,Gozd Martuljek - Ingotova koča na planini Jesenje (po kolovozu),60,lahka označena pot
832,Scicchizza - Zgornje Mangartsko jezero,20,lahka označena pot
832,MP Rateče - Zgornje Mangartsko jezero,65,lahka neoznačena steza
832,Ahlete / Aclete - Zgornje Mangartsko jezero,65,lahka označena pot
833,MP Rateče - Spodnje Mangartsko jezero,55,lahka neoznačena steza
833,Scicchizza - Spodnje Mangartsko jezero,10,lahka označena pot
833,Ahlete / Aclete - Spodnje Mangartsko jezero,50,lahka označena pot
834,Zaboršt (Poljšica pri Bledu) - Planina Rčitno,60,lahka označena pot
834,Bled (Velika Zaka) - Planina Rčitno,120,lahka označena pot
834,Poljšica pri Gorjah (Zatrata) - Planina Rčitno (po pešpoti),60,lahka označena pot
834,Bohinjska Bela (sv. Marjeta) - Planina Rčitno,105,lahka označena pot
835,Kočna - Kres nad Kočno,40,lahko brezpotje
836,Stara Fužina - Planina Blatce,55,lahka označena pot
836,Srednja vas - Planina Blatce,55,lahka neoznačena steza
837,Kurja vas - Kovinarska koča v Krmi,40,lahka označena pot
837,Dovje - Kovinarska koča v Krmi,130,lahka označena pot
837,Krnica (most čez Radovno) - Kovinarska koča v Krmi,300,lahka neoznačena steza
838,Soča - Lemovje,60,zahtevna označena pot
839,Štupca / Stupizza - Sv. Louronac / San Lorenzo,105,zahtevna označena pot
840,Kočna - Vrše (ob smučišču),45,lahka neoznačena steza
840,Kočna - Vrše (čez senožeti),50,lahka neoznačena steza
841,Most Boka - Izvir Boke,105,zahtevna označena pot
842,Koča pri Peričniku - Slap Peričnik - zgornji slap,15,lahka označena pot
843,Gozd Martuljek - Spodnji Martuljkov slap,30,lahka označena pot
844,Kranjska Gora - Zelenci,60,lahka označena pot
844,Okrepčevalnica - Zelenci,10,lahka označena pot
844,Rateče - Zelenci,20,lahka označena pot
845,Slovenski planinski muzej - Grančišče (Ferata Mojstrana - Rdeča),60,izjemno zahtevna označena pot
845,Slovenski planinski muzej - Grančišče (Ferata Mojstrana - Modra),60,zelo zahtevna označena pot
845,Mojstrana - Grančišče (južna pot),25,lahka označena pot
845,Mojstrana - Grančišče (severna pot),30,delno zahtevna neoznačena pot
846,Bavšica - Logje,25,lahka označena pot
847,Blejska Dobrava (pokopališče)  - Hom pri Bledu (čez Katarino),85,lahka neoznačena steza
847,Podhom - Hom pri Bledu,40,lahka neoznačena steza
847,Blejska Dobrava (pokopališče) - Hom pri Bledu (po vzhodnem pobočju),65,lahka neoznačena steza
848,Gozd Martuljek - Jezero Jasna (skozi Tofov graben),135,lahka označena pot
849,Krnica - Pokljuška soteska (luknja),90,lahka označena pot
850,Kočna - Poljanska baba,25,lahka označena pot
851,Breginj - Brezje / Montemaggiore (preko Plazov),180,lahka označena pot
852,Livek - Sv. Peter in Pavel (Perati),20,lahka označena pot
853,Čezsoča - Humčič,90,lahka neoznačena steza
853,Počivalnik - Humčič,105,zahtevna neoznačena steza
854,Kočna - Žerjavec (Kavče) (južna pot),30,lahka neoznačena steza
854,Kočna - Žerjavec (Kavče) (strma severna pot),25,lahka neoznačena steza
855,Podbrdo - Koča na Petrovem Brdu (po cesti),60,lahka označena pot
856,Planina Polog - Planina Črča,60,lahka označena pot
857,Koča pri Peričniku - Slap Peričnik - spodnji slap,10,lahka označena pot
857,Pri Rosu - Slap Peričnik - spodnji slap (Pot Triglavske Bistrice),55,lahka označena pot
857,Pri Rosu - Slap Peričnik - spodnji slap (po cesti),50,lahka označena pot
858,Koča pri Savici - Slap Savica,20,lahka označena pot
859,Možnica - Počitniški dom v Možnici (po cesti),50,lahka označena pot
860,Savica - Kamin Široka polica (Ferata Kamin Široka polica),100,izjemno zahtevna označena pot
861,Stara Fužina - Slap Mostnice (skozi korita Mostnice),80,lahka označena pot
863,Zgornja Trenta  (Furlan) - Korita Mlinarice,5,lahka označena pot
864,Podbrdo - Sveti Lenart (Bača pri Podbrdu),30,lahka označena pot
865,Pri Rosu - Koča pri Peričniku (Pot Triglavske Bistrice),45,lahka označena pot
865,Pri Rosu - Koča pri Peričniku (po cesti),40,lahka označena pot
866,Čezsoča - Slap Slatenik,105,zahtevna neoznačena steza
867,Stara Fužina - Okrepčevalnica Slap Voje (skozi korita Mostnice),75,lahka označena pot
868,Kosmačev preval - Gogalova lipa,30,lahka označena pot
868,Krnica (most čez Radovno) - Gogalova lipa,240,lahka neoznačena steza
869,Trdnjava Kluže - Mladinski izobraževalni center v Bavšici (po cesti),75,lahka označena pot
870,Podkočna - Jamnikov spodmol,35,lahka neoznačena steza
871,Zadnjica - Belopotoški slap,35,lahka neoznačena steza
872,Dovje - Jezero Kreda,35,lahka označena pot
872,Pri Rosu - Jezero Kreda,15,lahka označena pot
873,Čadrg - Žlejžn,20,lahka neoznačena steza
873,Planina Polog - Žlejžn (čez Čadrg),110,lahka neoznačena steza
873,Planina Polog - Žlejžn (strma pot),85,lahka neoznačena steza
873,Planina Polog - Žlejžn (čez Planino Prode),180,lahka neoznačena steza
874,Čezsoča - Dolina Škratov,80,lahka označena pot
875,Log pod Mangartom - Slap Parabola,25,lahka označena pot
876,Planina Polog - Izvir Tolminke,60,lahka označena pot
876,Planina Polog - Izvir Tolminke (čez Planino Prode),85,lahka neoznačena steza
877,Velika Zaka (Bled)  - Mala Osojnica (ob Ojstrici),40,lahka označena pot
877,Velika Zaka (Bled) - Mala Osojnica (po stopnicah),25,delno zahtevna označena pot
878,Stara Fužina - Koča na Vojah,45,lahka označena pot
879,Log pod Mangartom (rudnik) - Gorejca,15,lahka označena pot
880,Most Boka - Slap Boka (do razgledne točke),40,lahka označena pot
880,Most Boka - Slap Boka (po strugi),75,zahtevno brezpotje
880,Hotel Boka - Slap Boka (do zgornje razgledne točke),75,delno zahtevna neoznačena pot
881,Krnica (most čez Radovno) - Jezero Kreda v dolini Radovne,180,lahka neoznačena steza
882,Breginj  - Izvir Bele,30,lahka označena pot
883,Krnica (most čez Radovno) - Izvir Lipnika,50,lahka označena pot
884,Kočna - Spominsko obeležje Aleš Kunaver,25,lahka neoznačena steza
885,Krnica (most čez Radovno) - Jezerce v dolini Radovne,90,lahka neoznačena steza
886,Ukanc - Koča pri Savici,60,lahka označena pot
886,Ukanc - Koča pri Savici (skozi Blato),60,lahka označena pot
886,Jezersko polje - Koča pri Savici,135,lahka označena pot
887,Trdnjava Kluže - Hermanova utrdba,25,lahka označena pot
888,Jezersko polje - Peč (razgledišče),35,lahka označena pot
889,Želeče (Bled) - Straža (Riklijeva pot),30,lahka označena pot
890,Breginj - Marija Snežna v Breginjskem kotu,25,lahka označena pot
891,Blejska Dobrava (pokopališče) - Sveta Katarina na Homu,50,lahka neoznačena steza
891,Podhom - Sveta Katarina na Homu,45,lahka neoznačena steza
892,Bohinjska Bistrica - Izvir Bohinjske Bistrice,50,lahka označena pot
893,Poljšica pri Gorjah - Poglejska cerkev,5,lahka označena pot
894,Na Jasi (Bled) - Dobra gora,20,lahka neoznačena steza
895,Rečica pri Bledu - Blejski grad (čez Višce),40,lahka neoznačena steza
896,Kompas hotel Ribno - Ribenska gora (po južnem pobočju),20,lahka označena pot
897,Bohinjska Bistrica (železniška postaja) - Ajdovski gradec (Ob železnici),20,lahka označena pot
897,Bohinjska Bistrica (železniška postaja) - Ajdovski gradec (ob Savi),40,lahka neoznačena steza
898,Možnica - Korita Možnice (Nemčlje),30,lahka označena pot
899,Planina Polog - Javorca (po cesti),20,lahka označena pot
900,Planina Polog - Planina Prode,40,lahka neoznačena steza
901,Plužna - Jama Srnica,30,delno zahtevna neoznačena pot
902,Bohinjska Bela (Zgornja vas) - Iglica,10,delno zahtevna označena pot
903,Ribčev Laz - Sveti Janez Krstnik (Ribčev Laz) (pot okoli Bohinjskega jezera),195,lahka označena pot
904,Blejska Dobrava (pokopališče) - Slap Šum v Blejskem Vintgarju (po cesti ),30,lahka neoznačena steza
905,Bohinjska Bela (sv. Marjeta) - Mlina peč,15,lahka označena pot
906,Planina Polog - Žičnica čez Tolminko,25,lahka označena pot
907,Kobarid - Tonovcov grad pri Kobaridu,20,lahka označena pot
908,Šobčev bajer - Gradišče (Bodešče),40,lahka označena pot
908,Bodešče - Gradišče (Bodešče),15,lahka označena pot
909,Šobčev bajer - Sveti Lenart (Bodešče),35,lahka označena pot
909,Bodešče - Sveti Lenart (Bodešče),10,lahka označena pot
910,Lepena - Velika korita Soče,20,lahka označena pot
911,Bled (Velika Zaka) - Blejsko jezero (sprehajalna pot okoli jezera),90,lahka neoznačena steza
912,Poljubinj - Slap Beri,30,zahtevna označena pot
913,Plužna - Izvir Glijuna,10,lahka označena pot
914,Most Boka - Mala Boka,15,lahka neoznačena steza
915,Tolmin - Kozlov rob (Učna pot),30,lahka označena pot
915,Tolmin - Kozlov rob (Grajska pot),30,lahka neoznačena steza
916,Podmelec - Slap Sopota (Soupat),12,lahka označena pot
917,Plužna - Slap Virje,10,lahka označena pot
918,Selce - Gregorčičev slap,60,zahtevna neoznačena steza
919,Žičnica Golobar - Korita Soče pri Kršovcu,10,lahka označena pot
920,Kobarid - Slap Veliki Kozjak,25,lahka označena pot
921,Kobarid - Slap Mali Kozjak,20,lahka označena pot
923,V Koncu - Grintovec (čez Streho),270,lahka označena pot
923,Suhadolnik - Grintovec (čez Streho),285,zahtevna označena pot
923,V Koncu - Grintovec (čez Kokrsko in Mlinarsko sedlo),330,zelo zahtevna označena pot
923,Ravenska Kočna - Grintovec (mimo žičnice in po Frischaufovi poti),315,zelo zahtevna označena pot
923,Ravenska Kočna - Grintovec (mimo žičnice in po Kremžarjevi poti),315,zelo zahtevna označena pot
923,Suhadolnik - Grintovec (čez Kokrsko in Mlinarsko sedlo),345,zelo zahtevna označena pot
923,V  Koncu - Grintovec (čez Gamsov skret),315,zelo zahtevna neoznačena steza
923,Ravenska Kočna - Grintovec (po ferati in Frischaufovi poti),345,izjemno zahtevna označena pot
923,V Koncu - Grintovec (čez Dolge stene),300,zelo zahtevno brezpotje
923,Ravenska Kočna - Grintovec (po ferati in Kremžarjevi poti),345,izjemno zahtevna označena pot
923,Ravenska Kočna - Grintovec (umik Žrela in po Frischaufovi poti),320,zelo zahtevna označena pot
923,Ravenska Kočna - Grintovec (čez Štularjevo planino in po Frischaufovi poti),330,zelo zahtevna označena pot
923,Ravenska Kočna - Grintovec (čez Štularjevo planino in po Kremžarjevi poti),330,zelo zahtevna označena pot
923,Ravenska Kočna - Grintovec (umik Žrela in po Kremžarjevi poti),320,zelo zahtevna označena pot
924,Ravenska Kočna - Jezerska Kočna (mimo žičnice in po Kremžarjevi poti),300,zelo zahtevna označena pot
924,Suhadolnik - Jezerska Kočna (čez Grdi graben in Dolce),315,zelo zahtevna označena pot
924,Ravenska Kočna - Jezerska Kočna (mimo žičnice in po Frischaufovi poti),390,zelo zahtevna označena pot
924,Suhadolnik - Jezerska Kočna (čez Kokrsko sedlo in Dolce),375,zelo zahtevna označena pot
924,Suhadolnik - Jezerska Kočna (čez Grdi graben in Kokrsko Kočno),315,zelo zahtevna označena pot
924,V Koncu - Jezerska Kočna (čez Kokrsko Kočno),360,zelo zahtevna označena pot
924,Ravenska Kočna - Jezerska Kočna (po ferati in Kremžarjevi poti),330,izjemno zahtevna označena pot
924,V Koncu - Jezerska Kočna (čez Dolce),360,zelo zahtevna označena pot
924,Suhadolnik - Jezerska Kočna (čez Kokrsko sedlo in Kokrsko Kočno),375,zelo zahtevna označena pot
924,Ravenska Kočna - Jezerska Kočna (po ferati in Frischaufovi poti),420,izjemno zahtevna označena pot
924,Ravenska Kočna - Jezerska Kočna (čez Štularjevo planino in po Kremžarjevi poti),300,zelo zahtevna označena pot
924,Ravenska Kočna - Jezerska Kočna (umik Žrela in po Kremžarjevi poti),305,zelo zahtevna označena pot
924,Ravenska Kočna - Jezerska Kočna (čez Štularjevo planino in po Frischaufovi poti),390,zelo zahtevna označena pot
924,Ravenska Kočna - Jezerska Kočna (umik Žrela in po Frischaufovi poti),395,zelo zahtevna označena pot
925,V Koncu - Skuta (čez Kokrsko sedlo),330,zahtevna označena pot
925,V Koncu - Skuta (čez Žmavčarje),285,"zahtevna neoznačena steza, zelo zahtevna označena pot"
925,Koča pod slapom Rinka - Skuta (skozi Turski žleb),315,zelo zahtevna označena pot
925,Suhadolnik - Skuta (čez Kokrsko sedlo),345,zahtevna označena pot
925,Ravenska Kočna - Skuta (mimo žičnice in čez Dolgi hrbet),345,zelo zahtevna označena pot
925,V  Koncu - Skuta (čez Gamsov skret),315,"zelo zahtevna neoznačena steza, zahtevna označena pot"
925,Ravenska Kočna - Skuta (po ferati in čez Dolgi hrbet),375,izjemno zahtevna označena pot
925,Ravenska Kočna - Skuta (čez Štularjevo planino in Dolgi hrbet),345,zelo zahtevna označena pot
925,Ravenska Kočna - Skuta (umik Žrela in čez Dolgi hrbet),350,zelo zahtevna označena pot
926,Suhadolnik - Kokrska Kočna (čez Grdi graben),285,zelo zahtevna označena pot
926,Ravenska Kočna - Kokrska Kočna (mimo žičnice in po Kremžarjevi poti),330,zelo zahtevna označena pot
926,Suhadolnik - Kokrska Kočna (čez Kokrsko sedlo),345,zelo zahtevna označena pot
926,V Koncu - Kokrska Kočna,330,zelo zahtevna označena pot
926,Suhadolnik - Kokrska Kočna (po jugozahodnem grebenu),390,zelo zahtevno brezpotje
926,Ravenska Kočna - Kokrska Kočna (po ferati in Kremžarjevi poti),360,izjemno zahtevna označena pot
926,Ravenska Kočna - Kokrska Kočna (čez Štularjevo planino in po Kremžarjevi poti),330,zelo zahtevna označena pot
926,Ravenska Kočna - Kokrska Kočna (umik Žrela in po Kremžarjevi poti),335,zelo zahtevna označena pot
927,Murijeva planina pod Mlinarjevim sedlom - Na Križu (Kokrska Kočna) (po SZ grebenu na Kočno oz. vrh Na Križu),480,alpinistični vzpon
928,V Koncu - Dolgi hrbet (čez Kokrsko sedlo),300,zelo zahtevna označena pot
928,Ravenska Kočna - Dolgi hrbet (mimo žičnice in po Frischaufovi poti),300,zelo zahtevna označena pot
928,V  Koncu - Dolgi hrbet (čez Gamsov skret),285,zelo zahtevna neoznačena steza
928,Ravenska Kočna - Dolgi hrbet (po ferati in Frischaufovi poti),330,izjemno zahtevna označena pot
928,Ravenska Kočna - Dolgi hrbet (čez Štularjevo planino in po Frischaufovi poti),300,zelo zahtevna označena pot
928,Ravenska Kočna - Dolgi hrbet (umik Žrela in po Frischaufovi poti),305,zelo zahtevna označena pot
929,V Koncu - Štruca (čez Kokrsko sedlo),310,"zahtevna označena pot, lahko brezpotje"
929,V  Koncu - Štruca (čez Gamsov skret),295,"zelo zahtevna neoznačena steza, lahko brezpotje"
929,Suhadolnik - Štruca (čez Kokrsko sedlo),325,"zahtevna označena pot, lahko brezpotje"
929,Ravenska Kočna - Štruca (po ferati in čez Dolgi hrbet),355,"izjemno zahtevna označena pot, lahko brezpotje"
929,Ravenska Kočna - Štruca (mimo žičnice in čez Dolgi hrbet),325,"zelo zahtevna označena pot, lahko brezpotje"
929,Ravenska Kočna - Štruca (čez Štularjevo planino in Dolgi hrbet),325,"zelo zahtevna označena pot, lahko brezpotje"
929,Ravenska Kočna - Štruca (umik Žrela in čez Dolgi hrbet),330,"zelo zahtevna označena pot, lahko brezpotje"
930,V Koncu - Kranjska Rinka (čez Žmavčarje),275,zahtevna neoznačena steza
930,Ravenska Kočna - Kranjska Rinka (Slovenska pot),275,zelo zahtevna označena pot
930,Koča pod slapom Rinka - Kranjska Rinka (čez Koroško Rinko),320,zelo zahtevna označena pot
930,Koča pod slapom Rinka - Kranjska Rinka (skozi Turski žleb),305,zelo zahtevna označena pot
930,Belska Kočna - Kranjska Rinka,305,zelo zahtevna označena pot
930,Ravenska Kočna - Kranjska Rinka (skozi Žrelo),275,zelo zahtevna označena pot
930,Ravenska Kočna - Kranjska Rinka (lovska pot),290,zelo zahtevna označena pot
931,Koča pod slapom Rinka - Koroška Rinka (Križ),300,zelo zahtevna označena pot
931,Ravenska Kočna - Koroška Rinka (Križ) (Slovenska pot),255,zelo zahtevna označena pot
931,V Koncu - Koroška Rinka (Križ) (čez Žmavčarje),270,zahtevna neoznačena steza
931,Koča pod slapom Rinka - Koroška Rinka (Križ) (skozi Turski žleb),300,zelo zahtevna označena pot
931,Ravenska Kočna - Koroška Rinka (Križ) (skozi Žrelo),255,zelo zahtevna označena pot
931,Belska Kočna - Koroška Rinka (Križ),285,zelo zahtevna označena pot
931,Ravenska Kočna - Koroška Rinka (Križ) (lovska pot),270,zelo zahtevna označena pot
933,Jermanca - Planjava (čez Kamniško sedlo),270,zahtevna označena pot
933,Planina Podvežak - Planjava (čez Srebrno sedlo),255,zahtevna označena pot
933,Dom v Kamniški Bistrici - Planjava (skozi Repov kot),345,zahtevno brezpotje
933,Koča pod slapom Rinka  - Planjava,285,zahtevna označena pot
933,Jermanca - Planjava (skozi Repov kot),270,zahtevno brezpotje
933,Planina Podvežak - Planjava (čez Škarje),285,zahtevna označena pot
933,Na Razpotju - Planjava,300,zahtevna označena pot
933,Pred Belo - Planjava,420,zahtevna označena pot
933,Kraljev dol - Planjava (čez Srebrno sedlo),270,zahtevna označena pot
933,Lovska koča na Brežičih - Planjava (čez Srebrno sedlo),290,"zahtevna neoznačena steza, zahtevna označena pot"
933,Planina Ravne - Planjava (čez Dolgo trato in Srebrno sedlo),330,zahtevna označena pot
933,Dom Planincev v Logarski dolini - Planjava,295,zahtevna označena pot
933,Planina  Ravne - Planjava (čez Dolgo trato in Škarje),360,zahtevna označena pot
934,V Koncu - Štajerska Rinka (čez Žmavčarje),255,zahtevna neoznačena steza
934,Koča pod slapom Rinka - Štajerska Rinka (skozi Turski žleb),285,zelo zahtevna označena pot
934,Ravenska Kočna - Štajerska Rinka (Slovenska pot),270,zelo zahtevna označena pot
934,Ravenska Kočna - Štajerska Rinka (skozi Žrelo),270,zelo zahtevna označena pot
934,Ravenska Kočna - Štajerska Rinka (lovska pot),285,zelo zahtevna označena pot
935,Planina Podvežak - Ojstrica (čez Malo Ojstrico),210,zahtevna označena pot
935,Planina Podvežak - Ojstrica (mimo Kocbekovega doma),240,zahtevna označena pot
935,Na Razpotju - Ojstrica (Kopinškova pot),250,zelo zahtevna označena pot
935,Robanov kot - Ojstrica (čez Malo Ojstrico),315,zahtevna označena pot
935,Na Razpotju - Ojstrica (čez Škarje),255,zahtevna označena pot
935,Dom Planincev v Logarski dolini - Ojstrica (Kopinškova pot),245,zelo zahtevna označena pot
935,Dom Planincev v Logarski dolini - Ojstrica (čez Škarje),250,zahtevna označena pot
935,Pred Belo - Ojstrica,405,zahtevna označena pot
935,Planina Ravne - Ojstrica (čez Malo Ojstrico),255,zahtevna označena pot
935,Pred Belo - Ojstrica (čez Skok in Šraj pesek),360,"zelo zahtevna neoznačena steza, zahtevna označena pot"
935,Kraljev dol - Ojstrica (čez Malo Ojstrico),225,zahtevna označena pot
935,Robanov kot - Ojstrica (mimo Kocbekovega doma),345,zahtevna označena pot
935,Lovska koča na Brežičih - Ojstrica (lovska pot),275,"zahtevna neoznačena steza, zahtevna označena pot"
935,Planina Ravne - Ojstrica (čez Dolgo trato in mimo Kocbekovega doma),315,zahtevna označena pot
935,Kraljev dol - Ojstrica (mimo Kocbekovega doma),255,zahtevna označena pot
935,Planina Ravne - Ojstrica (čez Dolgo trato in Malo Ojstrico),285,zahtevna označena pot
936,Na Razpotju - Lučka Brana (Baba),250,"zahtevna označena pot, lahko brezpotje"
937,V Koncu - Mala Rinka,240,"zahtevna neoznačena steza, lahko brezpotje"
937,Koča pod slapom Rinka - Mala Rinka (skozi Turski žleb),270,"zelo zahtevna označena pot, lahko brezpotje"
938,Jermanca - Brana (čez Kamniško sedlo),225,zahtevna označena pot
938,Koča pod slapom Rinka  - Brana,225,zahtevna označena pot
938,Dom v Kamniški Bistrici - Brana,300,zahtevna označena pot
938,V Koncu - Brana (čez Tursko goro),345,"zahtevna neoznačena steza, zelo zahtevna označena pot"
939,Koča pod slapom Rinka - Turska gora (skozi Turski žleb),255,zelo zahtevna označena pot
939,Jermanca - Turska gora (čez Kamniško sedlo),285,zelo zahtevna označena pot
939,Koča pod slapom Rinka  - Turska gora (čez Kotliče),270,zelo zahtevna označena pot
939,V Koncu - Turska gora (čez Žmavčarje),255,zahtevna neoznačena steza
939,Suhadolnik - Turska gora,375,zelo zahtevna označena pot
940,Dom na Gospincu - Kalški greben (čez Dolgo njivo),200,lahka označena pot
940,Kriška planina - Kalški greben (čez planino Koren),225,lahka označena pot
940,V Koncu - Kalški greben,240,zelo zahtevna označena pot
940,Suhadolnik - Kalški greben,255,zelo zahtevna označena pot
940,Kokra (Podlebelca) - Kalški greben,285,delno zahtevna označena pot
940,Planina Jezerca - Kalški greben (čez planino Koren),240,lahka označena pot
940,Žagana peč - Kalški greben (Lovska pot),250,zelo zahtevna neoznačena steza
940,Kriška planina - Kalški greben (čez Zvoh),250,zahtevna označena pot
940,Dom na Gospincu - Kalški greben (čez Zvoh),250,zahtevna označena pot
940,Kokra (Roblek) - Kalški greben,235,delno zahtevna označena pot
940,Planina Jezerca - Kalški greben (mimo Doma na Krvavcu in čez Zvoh),265,zahtevna označena pot
940,Žagana peč - Kalški greben (čez Škrbino),315,"delno zahtevna neoznačena pot, lahka označena pot"
940,Markova raven - Kalški greben (po markirani poti),270,lahka označena pot
941,Koča pod slapom Rinka - Mrzla gora,270,zelo zahtevna označena pot
941,Matkov kot - Mrzla gora (pot po vzhodnem grebenu),240,zelo zahtevna označena pot
941,Ravenska Kočna - Mrzla gora (Slovenska pot),345,zelo zahtevna označena pot
941,"Kapela Kristusa Kralja v Logarski dolini - Mrzla gora (greben Orlovec, Matkovo okno, Mrzla gora)",480,alpinistični vzpon
941,Belska Kočna - Mrzla gora,340,zelo zahtevna označena pot
941,Matkov kot - Mrzla gora (preko Matkove krnice in Krničke gore),300,zelo zahtevno brezpotje
941,Ravenska Kočna - Mrzla gora (skozi Žrelo),345,zelo zahtevna označena pot
941,Ravenska Kočna - Mrzla gora (lovska pot),360,zelo zahtevna označena pot
942,Dom pod Storžičem - Storžič (skozi Žrelo),180,zelo zahtevna označena pot
942,Dom pod Storžičem - Storžič (čez Škarjev rob),185,zahtevna označena pot
942,Povlje - Storžič (po jugozahodnem žlebu),240,lahka označena pot
942,Laško (obračališče nad vasjo) - Storžič (čez Kališče),200,zahtevna označena pot
942,Mače - Storžič,240,zahtevna označena pot
942,Laško - Storžič (čez Planino Javornik),285,lahka označena pot
942,Dom pod Storžičem - Storžič (po jugozahodnem žlebu),230,lahka označena pot
942,Jekarica - Storžič,180,zahtevna označena pot
942,Dom pod Storžičem - Storžič (čez Psico),225,zelo zahtevna označena pot
942,Bašelj - Storžič,240,zahtevna označena pot
942,Zalog - Storžič (čez Psico),275,zelo zahtevna označena pot
942,Laško - Storžič (po jugozahodnem grebenu),245,zahtevna neoznačena steza
942,Gozd - Storžič (čez Psico),290,zelo zahtevna označena pot
942,Planina Vetrh - Storžič (čez Javorniški preval),200,"lahka neoznačena steza, zahtevna označena pot"
942,Bašelj - Storžič (mimo sv. Lovrenca in po JZ grebenu),280,zahtevna neoznačena steza
942,Zalog - Storžič (čez Planino Javornik in po jugozahodnem žlebu),275,lahka označena pot
942,Križe - Storžič (čez Psico),365,zelo zahtevna označena pot
942,Gozd - Storžič (po jugozahodnem žlebu),295,delno zahtevna označena pot
942,Bašelj - Storžič (mimo bolnice Košuta),250,zahtevna označena pot
942,Zalog - Storžič (pod Psico in po jugozahodnem žlebu),280,lahka označena pot
942,Tržiški graben - Storžič (čez Javorniški preval),225,zahtevna označena pot
942,Laško - Storžič (mimo sv. Lovrenca in čez Bašeljski preval),265,zahtevna označena pot
942,Bašelj - Storžič (mimo sv. Lovrenca in čez Bašeljski preval),305,zahtevna označena pot
942,Babni Vrt - Storžič (mimo sv. Lovrenca in po jugozahodnem grebenu),275,zahtevna neoznačena steza
942,Spodnja Kokra - Storžič,335,zahtevna označena pot
942,MHE Zabukovec - Storžič (čez Bašeljski preval),240,zahtevna označena pot
942,Babni Vrt - Storžič (mimo sv. Lovrenca in po jugozahodnem žlebu),310,"lahka neoznačena steza, lahka označena pot"
942,Križe - Storžič (po jugozahodnem žlebu),370,delno zahtevna označena pot
942,Spodnja Kokra - Storžič (čez Babo),345,"lahka neoznačena steza, zahtevna označena pot"
942,Babni Vrt - Storžič (mimo sv. Lovrenca in čez Bašeljski preval),295,"lahka neoznačena steza, zahtevna označena pot"
943,Jermanca - Najvišji rob (Zeleniške špice) (skozi Repov kot),225,zahtevno brezpotje
943,Dom v Kamniški Bistrici - Najvišji rob (Zeleniške špice) (skozi Repov kot),300,zahtevno brezpotje
944,Ravenska Kočna - Velika (Koroška) Baba (po Slovenski in plezalni poti),225,zelo zahtevna označena pot
944,Ravenska Kočna - Velika (Koroška) Baba (čez Jenkovo planino),210,zahtevna označena pot
944,Ravenska Kočna - Velika (Koroška) Baba (po Slovenski poti in čez Jezersko sedlo),255,zelo zahtevna označena pot
944,Koča pod slapom Rinka - Velika (Koroška) Baba,270,delno zahtevna označena pot
944,Ravenska Kočna - Velika (Koroška) Baba (po lovski poti in čez Jezersko sedlo),270,delno zahtevna označena pot
944,Ravenska Kočna - Velika (Koroška) Baba (po lovski in plezalni poti),240,zelo zahtevna označena pot
944,Ravenska Kočna - Velika (Koroška) Baba (skozi Žrelo in po plezalni poti),225,zelo zahtevna označena pot
944,Ravenska Kočna - Velika (Koroška) Baba (skozi Žrelo in čez Jezersko sedlo),255,zelo zahtevna označena pot
945,Planina Podvežak - Velika Zelenica (čez Prag),150,lahka označena pot
945,Planina Ravne - Velika Zelenica (čez Zelene trate),135,lahka označena pot
945,Planina Ravne - Velika Zelenica (čez Dolgo trato),150,lahka označena pot
945,Planina Ravne - Velika Zelenica (čez Dleskovec),165,lahka neoznačena steza
946,Belska Kočna - Storžek,195,zelo zahtevna označena pot
946,Koča pod slapom Rinka - Storžek,225,zelo zahtevna označena pot
946,Ravenska Kočna - Storžek (Slovenska pot),240,zelo zahtevna označena pot
946,Ravenska Kočna - Storžek (skozi Žrelo),240,zelo zahtevna označena pot
946,Ravenska Kočna - Storžek (lovska pot),255,zelo zahtevna označena pot
947,Planina Podvežak - Veliki vrh (Veža) (čez Prag),140,lahka označena pot
947,Planina Ravne - Veliki vrh (Veža) (čez Zelene trate),135,lahka označena pot
947,Planina Ravne - Veliki vrh (Veža) (čez Dolgo trato),150,lahka označena pot
947,Planina Ravne - Veliki vrh (Veža) (čez Dleskovec),165,lahka neoznačena steza
947,Kraljev dol - Veliki vrh (Veža) (čez planino Vodole),155,lahka označena pot
948,Koča pod slapom Rinka - Ledinski vrh,210,delno zahtevna označena pot
948,Ravenska Kočna - Ledinski vrh (Slovenska pot),195,zelo zahtevna označena pot
948,Ravenska Kočna - Ledinski vrh (lovska pot),210,delno zahtevna označena pot
948,Belska Kočna - Ledinski vrh,225,delno zahtevna označena pot
948,Ravenska Kočna - Ledinski vrh (skozi Žrelo),195,zelo zahtevna označena pot
949,V Koncu - Kogel (čez Gamsov skret),195,"zelo zahtevna neoznačena steza, lahko brezpotje"
950,V Koncu - Bivak pod Grintovcem (čez Kokrsko sedlo),210,zahtevna označena pot
950,V  Koncu - Bivak pod Grintovcem (čez Gamsov skret),195,zelo zahtevna neoznačena steza
950,Suhadolnik - Bivak pod Grintovcem,225,zahtevna označena pot
951,Na Razpotju - Krofička (markirana pot),220,zahtevna označena pot
951,Dom Planincev v Logarski dolini - Krofička (markirana pot),215,zahtevna označena pot
951,Na Razpotju - Krofička (lovska pot),220,zahtevno brezpotje
951,Dom Planincev v Logarski dolini - Krofička (lovska pot),215,zahtevno brezpotje
952,V Koncu - Bivak pod Skuto (čez Žmavčarje),180,zahtevna neoznačena steza
953,Planina Loka - Velika Raduha,115,lahka označena pot
953,Bukovnik - Velika Raduha (plezalna pot),145,zelo zahtevna označena pot
953,Snežna jama - Velika Raduha,105,lahka označena pot
953,Bukovnik - Velika Raduha (čez Durce),170,lahka označena pot
953,Radušnik - Velika Raduha,190,lahka označena pot
953,Luče - Velika Raduha,280,lahka označena pot
953,Rogovilec - Velika Raduha (mimo Grohata po plezalni poti),270,zelo zahtevna označena pot
953,Planina Vodol - Velika Raduha,160,lahka označena pot
953,Rogovilec - Velika Raduha (preko planine Arta),270,delno zahtevna označena pot
953,Planina Kosmačeve Rastke - Velika Raduha,175,lahka označena pot
953,Bistra - Velika Raduha,295,lahka označena pot
954,V Koncu - Kalška gora,195,zahtevna označena pot
954,Žagana peč - Kalška gora (Lovska pot),195,"delno zahtevna neoznačena pot, zahtevna označena pot"
954,Suhadolnik - Kalška gora,210,zahtevna označena pot
954,Dom na Gospincu - Kalška gora (čez Dolgo Njivo),235,delno zahtevna označena pot
954,Kriška planina - Kalška gora (čez planino Koren),260,delno zahtevna označena pot
954,Kriška planina - Kalška gora (čez Zvoh),285,zahtevna označena pot
954,Dom na Gospincu - Kalška gora (čez Zvoh),285,zahtevna označena pot
954,Planina Jezerca - Kalška gora (čez planino Koren),275,delno zahtevna označena pot
954,Planina Jezerca - Kalška gora (mimo Doma na Krvavcu in čez Zvoh),300,zahtevna označena pot
954,Markova raven - Kalška gora (po markirani poti),330,delno zahtevna označena pot
954,Kokra (Roblek) - Kalška gora (čez Kalce),270,delno zahtevna označena pot
955,Planina Loka - Mala Raduha,100,lahko brezpotje
955,Planina Vodol - Mala Raduha,145,lahko brezpotje
955,Bistra - Mala Raduha,280,lahko brezpotje
956,Planina Ravne - Molička peč (čez Zelene trate),145,lahko brezpotje
956,Planina Ravne - Molička peč (čez planino Polšak),145,lahko brezpotje
956,Planina Ravne - Molička peč (čez Dolgo trato),175,lahko brezpotje
957,Planina Podvežak - Lučki Dedec (mimo Kocbekovega doma),195,delno zahtevna neoznačena pot
957,Lovska koča na Brežičih - Lučki Dedec (lovska pot),190,zahtevna neoznačena steza
957,Pred Belo - Lučki Dedec,330,delno zahtevna neoznačena pot
957,Planina Ravne - Lučki Dedec (čez Dolgo trato),270,delno zahtevna neoznačena pot
957,Robanov kot - Lučki Dedec (mimo Kocbekovega doma),300,"zahtevna označena pot, delno zahtevna neoznačena pot"
957,Planina Ravne - Lučki Dedec,240,delno zahtevna neoznačena pot
958,Planina Podvežak - Mala Ojstrica,150,lahka označena pot
958,Planina Ravne - Mala Ojstrica (čez Dolgo trato),225,lahka označena pot
959,Kriška planina - Vrh Korena (čez planino Koren),135,lahka označena pot
959,Kriška planina - Vrh Korena (čez Zvoh),160,zahtevna označena pot
959,Planina Jezerca - Vrh Korena (čez planino Koren),150,lahka označena pot
959,Markova raven - Vrh Korena (po označeni poti),195,lahka označena pot
959,Dom na Gospincu - Vrh Korena (čez Dolgo njivo),145,lahka označena pot
959,Dom na Gospincu - Vrh Korena (čez Zvoh),160,zahtevna označena pot
959,Planina Jezerca - Vrh Korena (mimo Doma na Krvavcu),175,zahtevna označena pot
959,Kokra (Podlebelca) - Vrh Korena,230,delno zahtevna označena pot
959,Kokra (Roblek) - Vrh Korena,180,delno zahtevna označena pot
960,Kriška planina - Kompotela,135,lahka označena pot
960,Planina Jezerca - Kompotela,150,lahka označena pot
960,Markova raven - Kompotela (po označeni poti),180,lahka označena pot
961,Planina Podvežak - Tolsti vrh (Veža),90,lahka neoznačena steza
961,Planina Podvežak - Tolsti vrh (Veža) (snežni pristop),90,lahka neoznačena steza
961,Za Loncem - Tolsti vrh (Veža),215,lahka neoznačena steza
961,Lovska koča na Brežičih - Tolsti vrh (Veža) (čez Desko),105,lahka neoznačena steza
962,Pred Belo - Vršiči,260,"delno zahtevna označena pot, lahko brezpotje"
963,Koča pod slapom Rinka - Bivak pod Mrzlim vrhom,180,delno zahtevna označena pot
963,Ravenska Kočna - Bivak pod Mrzlim vrhom (Slovenska pot),200,zahtevna označena pot
963,Ravenska Kočna - Bivak pod Mrzlim vrhom (lovska pot),215,delno zahtevna označena pot
963,Ravenska Kočna - Bivak pod Mrzlim vrhom (skozi Žrelo),200,zelo zahtevna označena pot
964,Kriška planina - Košutna (čez planino Košutna),125,delno zahtevna označena pot
964,Planina Jezerca - Košutna (čez planino Košutna),140,delno zahtevna označena pot
964,Markova raven - Košutna (po označeni poti),170,delno zahtevna označena pot
965,Kriška planina - Veliki Zvoh,85,lahka označena pot
965,Planina Jezerca - Veliki Zvoh (mimo Doma na Krvavcu),100,lahka označena pot
965,Dom na Gospincu - Veliki Zvoh,85,lahka označena pot
965,Planina Jezerca - Veliki Zvoh (po nemarkirani poti čez Razor),135,lahka neoznačena steza
965,Markova raven - Veliki Zvoh (po nemarkirani poti čez Razor),180,lahka neoznačena steza
966,Planina Podvežak - Deska (Veža),90,lahka neoznačena steza
966,Planina Podvežak - Deska (Veža) (snežni pristop),90,lahka neoznačena steza
966,Lovska koča na Brežičih - Deska (Veža),90,lahka neoznačena steza
966,Za Loncem - Deska (Veža),210,lahka neoznačena steza
967,Pred Belo - Vežica,265,"delno zahtevna označena pot, lahko brezpotje"
968,Planina Ravne - Dleskovec (po južnih pobočjih),100,lahka neoznačena steza
969,Turistična kmetija Perk - Matkova kopa (pastirsko-lovska pot),210,zelo zahtevno brezpotje
970,Suhadolnik - Bivak v Kočni (čez Grdi graben),210,zelo zahtevna označena pot
971,Bukovnik - Lanež,140,lahka označena pot
971,Planina Loka - Lanež (vzhodna pot),85,lahka označena pot
971,Bukovnik - Lanež (Hojnikova pot),120,zahtevna neoznačena steza
971,Planina Loka - Lanež (čez Durce),85,lahka označena pot
971,Planina Kosmačeve Rastke - Lanež (vzhodna pot),145,lahka označena pot
971,Planina Kosmačeve Rastke - Lanež (čez Durce),145,lahka označena pot
971,Koprivna (Šumel) - Lanež (mimo domačije Haderlap in skozi Durce),250,"lahka neoznačena steza, lahka označena pot"
972,Planina Ravne - Jamarski bivak na Dleskovški planoti (čez Zelene trate),120,lahko brezpotje
972,Planina Ravne - Jamarski bivak na Dleskovški planoti (čez planino Polšak),165,lahko brezpotje
972,Planina Ravne - Jamarski bivak na Dleskovški planoti (čez Dolgo trato),135,lahko brezpotje
973,Planina Ravne - Križevnik,120,lahka neoznačena steza
973,Robanov kot (Belšek) - Križevnik (čez Belšekovo planino),240,zahtevno brezpotje
973,Robanov kot - Križevnik (Križevnik mimo partizanske bolnice),300,"zahtevno brezpotje, zahtevna neoznačena steza"
973,Robanov kot - Križevnik (Križevnik mimo Robanove planine),240,"zahtevno brezpotje, zahtevna neoznačena steza"
974,Na Razpotju - Rjavčki vrh (Planinšca),180,"delno zahtevna označena pot, lahko brezpotje"
974,Logarski kot - Rjavčki vrh (Planinšca) (skozi Grlo),195,zahtevno brezpotje
974,Dom Planincev v Logarski dolini - Rjavčki vrh (Planinšca),175,"delno zahtevna označena pot, lahko brezpotje"
975,Jermanca - Kamniška koča na Kamniškem sedlu,150,lahka označena pot
975,Dom v Kamniški Bistrici - Kamniška koča na Kamniškem sedlu,225,lahka označena pot
975,Koča pod slapom Rinka  - Kamniška koča na Kamniškem sedlu,165,zahtevna označena pot
975,Suhadolnik - Kamniška koča na Kamniškem sedlu,495,zelo zahtevna označena pot
976,Planina Jezerca - Krvavec,70,lahka označena pot
976,Dom na Gospincu - Krvavec,60,lahka neoznačena steza
976,Markova raven - Krvavec (po nemarkirani poti čez Razor),165,lahka neoznačena steza
976,Planina Jezerca - Krvavec (po nemarkirani poti čez Razor),120,lahka neoznačena steza
977,Kriška planina - Mokrica (čez Kompotelo),165,lahka označena pot
977,Markova raven - Mokrica (po označeni poti),210,lahka označena pot
977,Planina Jezerca - Mokrica (čez Kompotelo),180,lahka označena pot
977,Planina Jezerca - Mokrica (čez Košutno),180,delno zahtevna označena pot
978,Mače - Srednji vrh (čez Kozjek in Dolgo njivo),215,lahka označena pot
978,Mače - Srednji vrh (Mačenska pot in čez Dolgo njivo),220,lahka označena pot
978,Mače - Srednji vrh (Mačenska pot in čez Cjanovco),235,lahka označena pot
978,Spodnja Kokra - Srednji vrh,245,lahka označena pot
978,"Potoče - Srednji vrh (mimo sv. Jakoba, pod Potoško goro in čez Babo)",285,lahka neoznačena steza
978,Mače - Srednji vrh (čez Kozjek in Cjanovco),250,lahka označena pot
978,Spodnja Kokra - Srednji vrh (čez Babo),245,lahka neoznačena steza
979,Planina Podvežak - Vodotočno jezero (Veža),105,lahka označena pot
979,Za Loncem - Vodotočno jezero (Veža),195,lahka označena pot
979,Lovska koča na Brežičih - Vodotočno jezero (Veža) (pod Lastovcem prek Starih štal),150,zahtevna neoznačena steza
979,Lovska koča na Brežičih - Vodotočno jezero (Veža) (čez Desko),110,lahka neoznačena steza
980,Lovska koča na Brežičih - Lastovec,60,"lahka neoznačena steza, lahko brezpotje"
981,Planina Ravne - Planina Dolga trata,75,lahka označena pot
982,Planina Dol - Rzenik (zahodna pot),100,lahka neoznačena steza
982,Planina Dol - Rzenik (vzhodna pot),100,lahka neoznačena steza
982,Kraljev hrib - Rzenik (zahodna pot),220,lahka neoznačena steza
983,Mače - Cjanovca (Mačenska pot in po JV grebenu),220,lahka označena pot
983,Spodnja Kokra - Cjanovca,230,lahka označena pot
983,Mače - Cjanovca (čez Kozjek in Dolgo njivo),210,lahka označena pot
983,Mače - Cjanovca (Mačenska pot in čez Dolgo njivo),215,lahka označena pot
983,"Potoče - Cjanovca (mimo sv. Jakoba, pod Potoško goro in čez Babo)",270,lahka neoznačena steza
983,Mače - Cjanovca (čez Kozjek in po JV grebenu),235,lahka označena pot
983,Spodnja Kokra - Cjanovca (čez Babo),230,lahka neoznačena steza
984,Jekarica - Mali Grintovec,175,lahka označena pot
984,Mače - Mali Grintovec (čez Bašeljski vrh),240,lahka označena pot
984,Mače - Mali Grintovec (čez Kozjek in Dolgo njivo),215,lahka označena pot
984,Laško (obračališče nad vasjo) - Mali Grintovec (čez Bašeljski vrh),200,lahka označena pot
984,Mače - Mali Grintovec (po dolini Suhe),205,lahko brezpotje
984,Mače - Mali Grintovec (Mačenska pot in čez Dolgo njivo),220,lahka označena pot
984,Laško (obračališče nad vasjo) - Mali Grintovec (mimo Doma na Kališču),190,lahka označena pot
984,Mače - Mali Grintovec (mimo Doma na Kališču),230,lahka označena pot
984,Bašelj - Mali Grintovec (čez Bašeljski vrh),240,lahka označena pot
984,Kanonir - Mali Grintovec (čez Licjanovec),250,"delno zahtevna označena pot, delno zahtevna neoznačena pot"
984,Spodnja Kokra - Mali Grintovec,285,lahka označena pot
984,Spodnja Kokra - Mali Grintovec (čez Babo),295,"lahka neoznačena steza, lahka označena pot"
984,Bašelj - Mali Grintovec (mimo bolnice Košuta in čez Bašeljski vrh),250,lahka označena pot
984,Bašelj - Mali Grintovec (mimo Doma na Kališču),230,lahka označena pot
984,Bašelj - Mali Grintovec (mimo sv. Lovrenca in čez Bašeljski vrh),300,delno zahtevna označena pot
984,Povlje - Mali Grintovec (čez Bašeljski vrh),275,delno zahtevna označena pot
984,Laško - Mali Grintovec (mimo sv. Lovrenca),265,delno zahtevna označena pot
984,Babni Vrt - Mali Grintovec (mimo sv. Lovrenca in čez Bašeljski vrh),295,"lahka neoznačena steza, delno zahtevna označena pot"
984,Bašelj - Mali Grintovec (mimo bolnice Košuta in Doma na Kališču),240,lahka označena pot
984,Povlje - Mali Grintovec,265,delno zahtevna označena pot
984,MHE Zabukovec - Mali Grintovec,235,lahka označena pot
984,Mače - Mali Grintovec (mimo sv. Miklavža in Doma na Kališču),245,"lahka neoznačena steza, lahka označena pot"
984,Bašelj - Mali Grintovec (mimo sv. Lovrenca),290,delno zahtevna označena pot
984,Babni Vrt - Mali Grintovec (mimo sv. Lovrenca),285,"lahka neoznačena steza, delno zahtevna označena pot"
985,Planina Loka - Kup (na Raduhi),80,lahka neoznačena steza
985,Luče - Kup (na Raduhi),245,lahka neoznačena steza
986,Planina Podvežak - Kocbekov dom na Korošici,135,lahka označena pot
986,Robanov kot - Kocbekov dom na Korošici,240,zahtevna označena pot
986,Za Loncem - Kocbekov dom na Korošici,210,lahka označena pot
986,Pred Belo - Kocbekov dom na Korošici,300,delno zahtevna označena pot
986,Kraljev dol - Kocbekov dom na Korošici (čez planino Vodole),150,lahka označena pot
986,Planina Podvežak - Kocbekov dom na Korošici (mimo Vodotočnega jezera),175,lahka označena pot
986,Planina Ravne - Kocbekov dom na Korošici,180,lahka označena pot
986,Lovska koča na Brežičih - Kocbekov dom na Korošici (čez Desko),180,lahka neoznačena steza
986,Planina Ravne - Kocbekov dom na Korošici (čez Dolgo trato),210,lahka označena pot
986,Lovska koča na Brežičih - Kocbekov dom na Korošici (lovska pot),170,zahtevna neoznačena steza
986,Planina Ravne - Kocbekov dom na Korošici (preko Vrtač in mimo Kocbekovega zavetišča),210,lahka označena pot
986,Planina Ravne - Kocbekov dom na Korošici (preko Vrtač),195,lahka označena pot
986,Planina Ravne - Kocbekov dom na Korošici (čez Dleskovec),225,lahka neoznačena steza
987,Planina Dol - Konj,90,lahka označena pot
987,Pred Belo - Konj,225,zahtevna označena pot
987,Kraljev hrib - Konj,210,lahka označena pot
987,Kopišča - Konj (Martinj steza),240,zahtevna neoznačena steza
988,Ravenska Kočna - Vratca (mimo žičnice),135,zahtevna označena pot
988,Ravenska Kočna - Vratca (čez Štularjevo planino),135,zahtevna označena pot
988,Ravenska Kočna - Vratca (po ferati),165,izjemno zahtevna označena pot
988,Ravenska Kočna - Vratca (umik Žrela),140,zahtevna označena pot
988,Makekova Kočna - Vratca,165,zahtevna označena pot
989,V Koncu - Cojzova koča na Kokrskem sedlu,135,lahka označena pot
989,Suhadolnik - Cojzova koča na Kokrskem sedlu (čez Taško),150,zahtevna označena pot
989,Suhadolnik - Cojzova koča na Kokrskem sedlu (stara pot ),165,delno zahtevna označena pot
989,Žagana peč - Cojzova koča na Kokrskem sedlu (lovska pot),240,"delno zahtevna neoznačena pot, zahtevna označena pot"
990,Ravenska Kočna - Goli vrh (slovenska pot),135,lahka označena pot
990,Ravenska Kočna - Goli vrh (avstrijska pot),150,lahka označena pot
990,Belska Kočna - Goli vrh,165,lahka označena pot
991,Planina Ravne - Kapelica na Molički planini (čez Zelene trate),120,lahka označena pot
991,Planina Podvežak - Kapelica na Molički planini (čez Prag),120,lahka označena pot
991,Robanov kot - Kapelica na Molički planini,210,zahtevna označena pot
991,Planina Ravne - Kapelica na Molički planini (čez Dolgo trato),150,lahka označena pot
991,Planina Ravne - Kapelica na Molički planini (preko Vrtač),150,lahka označena pot
991,Kraljev dol - Kapelica na Molički planini (čez planino Vodole),135,lahka označena pot
991,Planina Ravne - Kapelica na Molički planini (čez Dleskovec),165,lahka neoznačena steza
992,Kriška planina - Planina Košutna,95,delno zahtevna označena pot
992,Markova raven - Planina Košutna (po označeni poti),140,delno zahtevna označena pot
992,Planina Jezerca - Planina Košutna,110,delno zahtevna označena pot
993,Robanov kot - Strelovec,180,lahka označena pot
993,Hotel Plesnik - Strelovec (čez Rkljevo peč),180,delno zahtevna označena pot
993,Hotel Plesnik - Strelovec (čez Plesnikovo planino),210,delno zahtevna označena pot
993,Podbreg - Strelovec,180,"lahka neoznačena steza, lahka označena pot"
994,Jekarica - Bašeljski vrh,130,lahka označena pot
994,Mače - Bašeljski vrh,195,lahka označena pot
994,Laško (obračališče nad vasjo) - Bašeljski vrh,155,lahka označena pot
994,Bašelj - Bašeljski vrh,195,lahka označena pot
994,Mače - Bašeljski vrh (po dolini Suhe),195,lahko brezpotje
994,Mače - Bašeljski vrh (po dolini Suhe in čez Kališče),205,lahka neoznačena steza
994,Bašelj - Bašeljski vrh (mimo bolnice Košuta),205,lahka označena pot
994,Babni Vrt - Bašeljski vrh (mimo sv. Lovrenca),250,"lahka neoznačena steza, delno zahtevna označena pot"
994,Mače - Bašeljski vrh (čez Kozjek),210,lahka označena pot
994,Povlje - Bašeljski vrh,230,delno zahtevna označena pot
994,Dom pod Storžičem - Bašeljski vrh (čez Javorniški preval),170,delno zahtevna označena pot
994,Laško - Bašeljski vrh (mimo sv. Lovrenca),220,delno zahtevna označena pot
994,Spodnja Kokra - Bašeljski vrh,280,lahka označena pot
994,MHE Zabukovec - Bašeljski vrh,190,lahka označena pot
994,Bašelj - Bašeljski vrh (mimo sv. Lovrenca),255,delno zahtevna označena pot
994,Spodnja Kokra - Bašeljski vrh (čez Babo),300,"lahka neoznačena steza, lahka označena pot"
995,Makekova Kočna - Veliki vrh,135,lahka označena pot
996,Kanonir - Licjanovec,225,"delno zahtevna označena pot, delno zahtevna neoznačena pot"
997,Gozd - Tolsti vrh (lažja pot čez Kriško goro),150,lahka označena pot
997,Gozd - Tolsti vrh (skozi Ježo),135,lahka označena pot
997,Dom pod Storžičem - Tolsti vrh,120,lahka označena pot
997,Golnik - Tolsti vrh (čez Kriško goro),210,lahka označena pot
997,Tržič - Tolsti vrh,195,lahka označena pot
997,Zalog - Tolsti vrh,185,lahka označena pot
997,Golnik - Tolsti vrh (skozi Ježo),195,lahka označena pot
997,Povlje - Tolsti vrh,165,lahka označena pot
997,Gozd - Tolsti vrh (strma pot čez Kriško goro),165,lahka označena pot
997,Dom pod Storžičem - Tolsti vrh (po lovski poti),120,lahko brezpotje
997,Grahovše - Tolsti vrh (čez Plaz pod Vrati),180,zahtevno brezpotje
997,Gozd - Tolsti vrh (Ovčja pot čez Kriško goro),150,lahka neoznačena steza
997,Križe - Tolsti vrh (strma pot čez Kriško goro),220,lahka označena pot
997,Križe - Tolsti vrh (lažja pot čez Kriško goro),225,lahka označena pot
997,Križe - Tolsti vrh (skozi Ježo),210,lahka označena pot
997,Križe - Tolsti vrh (Ovčja pot čez Kriško goro),225,lahka neoznačena steza
998,Ravenska Kočna - Kranjska koča na Ledinah (Slovenska pot),120,zelo zahtevna označena pot
998,Ravenska Kočna - Kranjska koča na Ledinah (lovska pot),135,delno zahtevna označena pot
998,Ravenska Kočna - Kranjska koča na Ledinah (mimo Češke koče),150,zelo zahtevna označena pot
998,Ravenska Kočna - Kranjska koča na Ledinah (skozi Žrelo),120,zelo zahtevna označena pot
999,Planina Ravne - Planina Polšak,60,lahka neoznačena steza
1000,Kokra (Podlebelca) - Planina Dolga njiva (Krvavec),180,delno zahtevna označena pot
1000,Dom na Gospincu - Planina Dolga njiva (Krvavec),95,lahka označena pot
1000,Planina Jezerca - Planina Dolga njiva (Krvavec) (mimo Doma na Krvavcu),110,lahka označena pot
1000,Kokra (Roblek) - Planina Dolga njiva (Krvavec),130,delno zahtevna označena pot
1001,Dom na Smrekovcu - Komen (Direktna pot),120,lahka označena pot
1001,Dom na Smrekovcu - Komen (čez Smrekovec in Krnes),135,lahka neoznačena steza
1001,Ljubenske Rastke - Komen,195,lahka označena pot
1001,Pod Hlipovcem - Komen,55,lahka označena pot
1001,Dolina potoka Žep - Komen,150,lahka neoznačena steza
1001,Planina Vodol - Komen,195,lahka označena pot
1001,Javorje (Mala Črna) - Komen (čez Hlipovec),260,lahka neoznačena steza
1002,Kriška planina - Dom na Krvavcu,35,lahka označena pot
1002,Planina Jezerca - Dom na Krvavcu,50,lahka označena pot
1002,Dom na Gospincu - Dom na Krvavcu,35,lahka označena pot
1003,Kriška planina - Planina Koren,75,lahka označena pot
1003,Markova raven - Planina Koren (po označeni poti),120,lahka označena pot
1003,Planina Jezerca - Planina Koren,90,lahka označena pot
1003,Markova raven - Planina Koren (po neoznačeni poti),110,lahka neoznačena steza
1004,Kranjski Rak - Gradišče (Velika planina) (spodaj po cesti),135,lahka označena pot
1004,Planina Dol - Gradišče (Velika planina),60,lahka označena pot
1004,Stahovica - Gradišče (Velika planina),220,lahka označena pot
1004,Kranjski Rak  - Gradišče (Velika planina) (pešpot),130,lahka označena pot
1004,Kraljev hrib - Gradišče (Velika planina),180,lahka označena pot
1004,Za Ušivcem - Gradišče (Velika planina) (čez Malo planino),120,lahka označena pot
1004,Za Ušivcem - Gradišče (Velika planina),70,lahka neoznačena steza
1004,Hotel Šimnovec - Gradišče (Velika planina),45,lahka označena pot
1004,Kraljev hrib - Gradišče (Velika planina) (čez Rigelj),180,zahtevna neoznačena steza
1004,Kranjski Rak - Gradišče (Velika planina) (čez Seliški rob),140,"lahka neoznačena steza, lahka označena pot"
1004,"Kraljev hrib - Gradišče (Velika planina) (preko Škorence, Kačjeka in Gamsovih strež)",280,delno zahtevna neoznačena pot
1004,Kraljev hrib - Gradišče (Velika planina) (čez Sivnik in Rigelj),240,zahtevna neoznačena steza
1005,Planina Jezerca - Kržišče (Pokovše),40,lahka neoznačena steza
1005,Ambrož pod Krvavcem - Kržišče (Pokovše),100,lahka neoznačena steza
1006,Planina Dol - Planina Rzenik,60,lahka označena pot
1006,Kraljev hrib - Planina Rzenik,180,lahka označena pot
1007,Kraljev hrib - Koritni vrh (Velika planina),180,lahka neoznačena steza
1007,Planina Dol - Koritni vrh (Velika planina),60,lahka neoznačena steza
1008,Pod Hlipovcem - Veliki Travnik (Turnovka) (strma pot),50,lahka neoznačena steza
1008,Dolina potoka Žep - Veliki Travnik (Turnovka),165,lahka označena pot
1008,Planina Vodol - Veliki Travnik (Turnovka),120,lahka označena pot
1008,Ljubno ob Savinji - Veliki Travnik (Turnovka),240,lahka označena pot
1008,Dolina potoka Žep - Veliki Travnik (Turnovka) (mimo partizanske bolnice),145,lahka neoznačena steza
1008,Bistra - Veliki Travnik (Turnovka),225,lahka označena pot
1008,Turnovka - Veliki Travnik (Turnovka),60,lahka označena pot
1008,Kolarica - Veliki Travnik (Turnovka),65,lahka označena pot
1008,Javorje (Mala Črna) - Veliki Travnik (Turnovka) (strma pot),265,lahka neoznačena steza
1009,Bistriška planina - Šentanski vrh,95,lahka označena pot
1009,Begunje (Preska) - Šentanski vrh,185,lahka označena pot
1009,Tržič - Šentanski vrh,195,lahka označena pot
1009,Brezje pri Tržiču - Šentanski vrh (po robu),155,lahka označena pot
1009,Draga - Šentanski vrh (čez Ledeno trato),185,lahka neoznačena steza
1009,Bistrica pri Tržiču - Šentanski vrh,180,lahka označena pot
1009,Zadnja vas - Šentanski vrh,185,lahka označena pot
1009,Hudi Graben - Šentanski vrh (mimo Koče na Dobrči),185,lahka označena pot
1009,Brezje pri Tržiču - Šentanski vrh (po cesti),170,lahka označena pot
1009,Slatna - Šentanski vrh,185,lahka označena pot
1009,Brezje pri Tržiču - Šentanski vrh (po robu in čez Lešansko planino),160,lahka označena pot
1009,Ljubelj - Šentanski vrh (Bornova pot),275,"delno zahtevna neoznačena pot, delno zahtevna označena pot"
1009,Hudi Graben - Šentanski vrh,155,lahka neoznačena steza
1009,Hudi Graben - Šentanski vrh (čez Lešansko planino),160,lahka neoznačena steza
1010,Brezje pri Tržiču - Dobrča (po robu),150,lahka označena pot
1010,Bistriška planina - Dobrča,90,lahka označena pot
1010,Hibje - Dobrča (po cesti),105,lahka označena pot
1010,Brezje pri Tržiču - Dobrča (po robu in čez Lešansko planino),155,lahka označena pot
1010,Brezje pri Tržiču - Dobrča (mimo koče na Dobrči),180,lahka označena pot
1010,Begunje (Preska) - Dobrča,180,lahka označena pot
1010,Tržič - Dobrča,190,lahka označena pot
1010,Podljubelj (Lajb) - Dobrča,270,delno zahtevna označena pot
1010,Tominčev slap - Dobrča,180,lahka neoznačena steza
1010,Draga - Dobrča (čez Ledeno trato),180,lahka neoznačena steza
1010,Zadnja vas - Dobrča,180,lahka označena pot
1010,Bistrica pri Tržiču - Dobrča,175,lahka označena pot
1010,Slatna - Dobrča,180,lahka označena pot
1010,Hudi Graben - Dobrča (mimo Koče na Dobrči),180,lahka označena pot
1010,Brezje pri Tržiču - Dobrča (po cesti),165,lahka označena pot
1010,Ljubelj - Dobrča (Bornova pot),270,"delno zahtevna neoznačena pot, delno zahtevna označena pot"
1010,Hudi Graben - Dobrča,150,lahka neoznačena steza
1010,Hudi Graben - Dobrča (čez Lešansko planino),155,lahka neoznačena steza
1011,Kanonir - Kozji vrh,150,delno zahtevna označena pot
1012,Dom na Smrekovcu - Krnes (direktna pot),80,lahka označena pot
1012,Dom na Smrekovcu - Krnes (čez Smrekovec),95,lahka neoznačena steza
1013,Hotel Šimnovec - Gostišče Zeleni Rob,30,lahka označena pot
1014,Spodnja postaja žičnice na Krvavec - Hotel Krvavec,170,lahka označena pot
1014,Planina Jezerca - Hotel Krvavec (po cesti),50,lahka označena pot
1014,Spodnja Kokra - Hotel Krvavec,185,lahka označena pot
1014,Dom na Gospincu - Hotel Krvavec,20,lahka označena pot
1015,Mače - Planina Dolga njiva (čez Kozjek),170,lahka označena pot
1015,Mače - Planina Dolga njiva (Mačenska pot),175,lahka označena pot
1015,Spodnja Kokra - Planina Dolga njiva,230,lahka označena pot
1015,Spodnja Kokra - Planina Dolga njiva (čez Babo),250,"lahka neoznačena steza, lahka označena pot"
1016,Planina Vodol - Planina Javorje,45,lahka označena pot
1016,Bistra - Planina Javorje,180,lahka označena pot
1017,Gozd - Vrata,120,lahko brezpotje
1018,Planinska Ravna - Boskovec (Severjeva pot),85,lahka označena pot
1018,Žekovec - Boskovec (mimo Kebra in Mozirske koče),200,lahka označena pot
1018,Planinska Ravna - Boskovec (čez Hleviško planino),90,lahka označena pot
1018,Žekovec  - Boskovec (preko Verbučeve planine),180,lahka označena pot
1018,Žekovec - Boskovec (mimo Kebra čez Požganijo),195,delno zahtevna označena pot
1018,Golte (Alpski vrt) - Boskovec (Severjeva pot),60,lahka označena pot
1018,Golte (Alpski vrt) - Boskovec (čez Hleviško planino),65,lahka označena pot
1018,Atelsko sedlo - Boskovec,90,lahka označena pot
1018,Radegunda (Žekovec) - Boskovec (skozi Zagradiško pušo in po Severjevi poti),190,lahka označena pot
1018,Radegunda (Žekovec) - Boskovec (skozi Zagradiško pušo in čez Hleviško planino),195,lahka označena pot
1019,Dom v Kamniški Bistrici - Kamniški Dedec,165,delno zahtevna neoznačena pot
1020,Bele Vode (Rebršak) - Smrekovec,125,lahka označena pot
1020,Dom na Smrekovcu - Smrekovec,30,lahka označena pot
1020,Kramarica - Smrekovec (čez Bukov stan),90,lahka označena pot
1020,Andrejev dom na Slemenu - Smrekovec,210,lahka označena pot
1020,Kramarica - Smrekovec (po cesti),90,lahka označena pot
1020,Ljubenske Rastke (Vrnivšek) - Smrekovec,120,lahka označena pot
1020,Ljubenske Rastke (Kumprej) - Smrekovec,130,lahka označena pot
1020,Izvir Ljubije - Smrekovec (preko Leskovškove pustote),140,lahka neoznačena steza
1020,Izvir Ljubije - Smrekovec (po cesti),150,lahka neoznačena steza
1020,Golte (Alpski vrt) - Smrekovec,150,lahka označena pot
1020,Atelsko sedlo - Smrekovec,50,lahka označena pot
1020,Javorje (Mala Črna) - Smrekovec (čez Bukov stan),195,lahka označena pot
1020,Javorje (Mala Črna) - Smrekovec (po cesti),195,lahka označena pot
1021,Hotel Golte - Medvedjak (pot po Golteh),30,lahka označena pot
1022,Kraljev dol - Planina Vodole,30,lahka označena pot
1023,Stahovica - Poljanski rob,190,"lahka označena pot, lahko brezpotje"
1023,Kranjski Rak  - Poljanski rob (pešpot),110,lahka neoznačena steza
1023,Kranjski Rak - Poljanski rob (čez Seliški rob),120,lahka neoznačena steza
1024,Snežna jama - Planina Arta,15,lahka označena pot
1025,Planina Podvežak - Planina Podvežak,15,lahka označena pot
1025,Planica (Planinšek) - Planina Podvežak,85,lahka označena pot
1026,Kranjski Rak - Kapela Marije Snežne (Velika planina) (spodaj po cesti),120,lahka označena pot
1026,Za Ušivcem - Kapela Marije Snežne (Velika planina),50,lahka neoznačena steza
1026,Hotel Šimnovec - Kapela Marije Snežne (Velika planina),60,lahka označena pot
1026,Stahovica - Kapela Marije Snežne (Velika planina),205,lahka označena pot
1026,Za Ušivcem - Kapela Marije Snežne (Velika planina) (čez Malo planino),105,lahka označena pot
1026,Kranjski Rak  - Kapela Marije Snežne (Velika planina) (pešpot),115,lahka označena pot
1026,"Kraljev hrib - Kapela Marije Snežne (Velika planina) (preko Škorence, Kačjeka in Gamsovih strež)",265,delno zahtevna neoznačena pot
1026,Kranjski Rak - Kapela Marije Snežne (Velika planina) (čez Seliški rob),125,"lahka neoznačena steza, lahka označena pot"
1027,Sveti Lenart - Veliki Rogatec (Veliki Rogac) (čez Zg. Špeh),110,delno zahtevna označena pot
1027,Konec ceste - Veliki Rogatec (Veliki Rogac) (plezalna pot),85,zelo zahtevna označena pot
1027,Rogljev mlin - Veliki Rogatec (Veliki Rogac) (preko Lepenatke),225,zelo zahtevna označena pot
1027,Črnivec - Veliki Rogatec (Veliki Rogac),260,zelo zahtevna označena pot
1027,Volovljek - Veliki Rogatec (Veliki Rogac) (čez Lepenatko),200,"lahka neoznačena steza, zelo zahtevna označena pot"
1027,Podvolovljek (Petkov graben) - Veliki Rogatec (Veliki Rogac) (čez Lepenatko),200,"lahka neoznačena steza, zelo zahtevna označena pot"
1027,Podvolovljek (Petkov graben) - Veliki Rogatec (Veliki Rogac),200,"lahka neoznačena steza, zelo zahtevna označena pot"
1027,Volovljek - Veliki Rogatec (Veliki Rogac) (mimo Bivaka na Kalu),215,"lahka neoznačena steza, zelo zahtevna označena pot"
1028,Pod Hlipovcem - Koča na Travniku,55,lahka označena pot
1028,Planina Vodol - Koča na Travniku,100,lahka označena pot
1028,Dolina potoka Žep - Koča na Travniku,140,lahka označena pot
1028,Kolarica - Koča na Travniku,40,lahka označena pot
1028,Ljubno ob Savinji - Koča na Travniku,215,lahka označena pot
1028,Bistra - Koča na Travniku,205,lahka označena pot
1028,Turnovka - Koča na Travniku,35,lahka označena pot
1028,Javorje (Mala Črna) - Koča na Travniku,270,lahka neoznačena steza
1029,Ravenska Kočna - Češka koča na Spodnjih Ravneh (mimo žičnice),90,delno zahtevna označena pot
1029,Ravenska Kočna - Češka koča na Spodnjih Ravneh (čez Štularjevo planino),90,delno zahtevna označena pot
1029,Ravenska Kočna - Češka koča na Spodnjih Ravneh (Ferata),120,izjemno zahtevna označena pot
1029,Makekova Kočna - Češka koča na Spodnjih Ravneh,120,delno zahtevna označena pot
1029,Ravenska Kočna - Češka koča na Spodnjih Ravneh (umik Žrela),95,zahtevna označena pot
1030,Matkov kot - Veliki vrh nad Matkovim kotom,120,zelo zahtevno brezpotje
1031,Hotel Plesnik - Logarska peč (čez Rkljevo peč),140,delno zahtevna označena pot
1031,Podbreg - Logarska peč,140,lahka neoznačena steza
1031,Hotel Plesnik - Logarska peč (čez Plesnikovo planino),170,delno zahtevna označena pot
1032,Planina Loka - Koča na Loki pod Raduho,15,lahka označena pot
1032,Planina Vodol - Koča na Loki pod Raduho,60,lahka označena pot
1032,Radušnik - Koča na Loki pod Raduho,90,lahka označena pot
1032,Luče - Koča na Loki pod Raduho,180,lahka označena pot
1032,Planina Kosmačeve Rastke - Koča na Loki pod Raduho,75,lahka označena pot
1032,Bistra - Koča na Loki pod Raduho,195,lahka označena pot
1033,Kranjski Rak - Domžalski dom na Mali planini (spodaj po cesti),105,lahka označena pot
1033,Hotel Šimnovec - Domžalski dom na Mali planini (over Gradišče),75,lahka označena pot
1033,Stahovica - Domžalski dom na Mali planini,190,lahka označena pot
1033,Za Ušivcem - Domžalski dom na Mali planini,90,lahka označena pot
1033,Kranjski Rak  - Domžalski dom na Mali planini (pešpot),100,lahka označena pot
1033,"Kraljev hrib - Domžalski dom na Mali planini (preko Škorence, Kačjeka in Gamsovih strež)",250,delno zahtevna neoznačena pot
1033,Kranjski Rak - Domžalski dom na Mali planini (čez Seliški rob),110,"lahka neoznačena steza, lahka označena pot"
1034,Mače - Dom na Kališču,150,lahka označena pot
1034,Laško (obračališče nad vasjo) - Dom na Kališču,110,lahka označena pot
1034,Jekarica - Dom na Kališču,125,lahka označena pot
1034,Bašelj - Dom na Kališču,150,lahka označena pot
1034,Mače - Dom na Kališču (čez Kozjek),165,lahka označena pot
1034,Bašelj - Dom na Kališču (mimo bolnice Košuta),160,lahka označena pot
1034,Mače - Dom na Kališču (po dolini Suhe),160,lahka neoznačena steza
1034,Bašelj - Dom na Kališču (po gozdni cesti),150,lahka označena pot
1034,Mače - Dom na Kališču (po cesti),150,lahka označena pot
1034,Mače  - Dom na Kališču (mimo sv. Miklavža),165,lahka neoznačena steza
1034,Babni Vrt - Dom na Kališču (mimo sv. Lovrenca),220,"lahka neoznačena steza, delno zahtevna označena pot"
1034,Laško - Dom na Kališču (mimo sv. Lovrenca),190,delno zahtevna označena pot
1034,Bašelj - Dom na Kališču (mimo sv. Lovrenca),225,delno zahtevna označena pot
1034,Povlje - Dom na Kališču,200,delno zahtevna označena pot
1034,"Potoče - Dom na Kališču (mimo sv. Jakoba, pod Potoško goro in čez Babo)",300,lahka neoznačena steza
1034,Dom pod Storžičem - Dom na Kališču (čez Javorniški preval),165,delno zahtevna označena pot
1034,Spodnja Kokra - Dom na Kališču,245,lahka označena pot
1034,Dom pod Storžičem - Dom na Kališču (mimo Krničarjeve koče na Planini Javornik),195,delno zahtevna označena pot
1034,Spodnja Kokra - Dom na Kališču (čez Babo),255,"lahka neoznačena steza, lahka označena pot"
1034,MHE Zabukovec - Dom na Kališču,185,lahka označena pot
1034,Bašelj - Dom na Kališču (po neoznačeni poti),160,lahka neoznačena steza
1035,Dolina potoka Žep - Mali Travnik,125,lahka neoznačena steza
1036,Hotel Golte - Koča na Treh plotih (pot po Golteh),35,lahka označena pot
1037,Planina Kisovec - Črnuški dom na Mali planini,75,lahka označena pot
1037,Kranjski Rak - Črnuški dom na Mali planini (spodaj po cesti),95,lahka označena pot
1037,Stahovica - Črnuški dom na Mali planini,180,lahka označena pot
1037,Za Ušivcem - Črnuški dom na Mali planini,90,lahka označena pot
1037,Kranjski Rak  - Črnuški dom na Mali planini (pešpot),90,lahka označena pot
1037,"Kraljev hrib - Črnuški dom na Mali planini (preko Škorence, Kačjeka in Gamsovih strež)",240,delno zahtevna neoznačena pot
1037,Kranjski Rak - Črnuški dom na Mali planini (čez Seliški rob),100,"lahka neoznačena steza, lahka označena pot"
1038,Hotel Plesnik - Icmanikova planina (čez Rkljevo peč),135,delno zahtevna označena pot
1038,Podbreg - Icmanikova planina,135,lahka neoznačena steza
1038,Hotel Plesnik - Icmanikova planina (čez Plesnikovo planino),165,delno zahtevna označena pot
1039,Robanov kot - Knezova planina,150,lahka označena pot
1040,Krivčevo - Jarški dom na Mali planini,270,lahka označena pot
1040,Kranjski Rak - Jarški dom na Mali planini (spodaj po cesti),90,lahka označena pot
1040,Za Ušivcem - Jarški dom na Mali planini,75,lahka označena pot
1040,Kranjski Rak  - Jarški dom na Mali planini (pešpot),85,lahka označena pot
1040,Kranjski Rak - Jarški dom na Mali planini (čez Seliški rob),95,"lahka neoznačena steza, lahka označena pot"
1041,Dom na Menini planini - Vivodnik,15,lahka označena pot
1041,Golice - Vivodnik,165,lahka označena pot
1041,Gornji Grad - Vivodnik (mimo Semprimožnika in čez Ovčji stan),210,lahka označena pot
1041,Lipa - Vivodnik,210,lahka označena pot
1041,Črnivec - Vivodnik,270,lahka označena pot
1041,Tirosek (Nova Štifta) - Vivodnik,240,lahka označena pot
1041,Hruševka - Vivodnik,330,lahka označena pot
1041,Češnjice v Tuhinju - Vivodnik,145,lahka neoznačena steza
1041,Okrog pri Motniku - Vivodnik (čez Oseke in vrh Drč),135,lahka neoznačena steza
1041,Okrog pri Motniku - Vivodnik (čez Biba planino),145,lahka neoznačena steza
1041,Bela Peč - Vivodnik (čez Ovčje jame),265,lahka neoznačena steza
1041,Bela Peč - Vivodnik (mimo vrha Seduc),260,lahka neoznačena steza
1041,Gornji Grad - Vivodnik (čez Borovnico in mimo jame Jespe),205,lahka označena pot
1041,Gornji Grad - Vivodnik (mimo Strmčnika in jame Jespe),210,lahka označena pot
1041,Gornji Grad - Vivodnik (čez Borovnico in Ovčji stan),195,lahka označena pot
1041,Gornji Grad - Vivodnik (mimo Semprimožnika in jame Jespe),220,lahka označena pot
1042,Kraljev hrib - Planina Konjščica (Velika planina),150,lahka označena pot
1042,Planina Dol - Planina Konjščica (Velika planina),30,lahka označena pot
1043,Planica (Planinšek) - Planina Ravne (po cesti),75,lahka označena pot
1044,Ljubno ob Savinji - Planina Mali Travnik,195,lahka označena pot
1044,Dolina potoka Žep - Planina Mali Travnik,120,lahka označena pot
1045,Gornji Grad - Špic (mimo Semprimožnika),195,lahka označena pot
1046,Ravenska Kočna - Jenkova planina,90,lahka označena pot
1047,Spodnja postaja žičnice na Krvavec - Dom na Gospincu (Hotel Rozka),150,lahka označena pot
1047,Spodnja Kokra - Dom na Gospincu (Hotel Rozka),165,lahka označena pot
1047,Ambrož pod Krvavcem - Dom na Gospincu (Hotel Rozka),90,lahka označena pot
1047,Planina Jezerca - Dom na Gospincu (Hotel Rozka) (po cesti),30,lahka označena pot
1047,Spodnja postaja žičnice na Krvavec - Dom na Gospincu (Hotel Rozka) (čez Davovec in po grebenu Trdovnika),195,delno zahtevna označena pot
1047,Spodnja Kokra - Dom na Gospincu (Hotel Rozka) (čez Davovec in po grebenu Trdovnika),210,delno zahtevna označena pot
1047,Planinski dom Milana Šinkovca v Komendi - Dom na Gospincu (Hotel Rozka),270,lahka označena pot
1047,Spodnja postaja žičnice na Krvavec - Dom na Gospincu (Hotel Rozka) (skozi Lukenjski graben),180,lahka neoznačena steza
1048,Planina Jezerca - Kriška planina,15,lahka označena pot
1048,Ambrož pod Krvavcem - Kriška planina,75,lahka označena pot
1048,Spodnja postaja žičnice na Krvavec - Kriška planina (skozi Lukenjski graben),165,lahka neoznačena steza
1048,Spodnja postaja žičnice na Krvavec - Kriška planina (čez Davovec in po grebenu Trdovnika),180,delno zahtevna označena pot
1048,Spodnja Kokra - Kriška planina (čez Davovec in po grebenu Trdovnika),195,delno zahtevna označena pot
1049,Zalog - Grebenc,145,lahka neoznačena steza
1049,Povlje - Grebenc,125,lahka neoznačena steza
1049,Povlje - Grebenc (po kolovozu),125,lahka neoznačena steza
1050,Bistriška planina - Koča na Dobrči,90,lahka označena pot
1050,Brezje pri Tržiču - Koča na Dobrči (po robu),150,lahka označena pot
1050,Hibje - Koča na Dobrči (po cesti),75,lahka označena pot
1050,Begunje (Preska) - Koča na Dobrči,150,lahka označena pot
1050,Zadnja vas - Koča na Dobrči,150,lahka označena pot
1050,Tominčev slap - Koča na Dobrči,150,lahka neoznačena steza
1050,Hudi Graben - Koča na Dobrči,150,lahka označena pot
1050,Slatna - Koča na Dobrči,150,lahka označena pot
1050,Draga - Koča na Dobrči (čez Ledeno trato),150,lahka neoznačena steza
1050,Brezje pri Tržiču - Koča na Dobrči (po cesti),165,lahka označena pot
1050,Bistrica pri Tržiču - Koča na Dobrči,180,lahka označena pot
1050,Podljubelj (Lajb) - Koča na Dobrči,240,delno zahtevna označena pot
1050,Ljubelj - Koča na Dobrči (Bornova pot),240,"delno zahtevna neoznačena pot, delno zahtevna označena pot"
1050,Dom v Dragi - Koča na Dobrči (čez Preval-o),240,delno zahtevna označena pot
1051,Gozd - Koča na Kriški gori (lažja pot),90,lahka označena pot
1051,Gozd - Koča na Kriški gori (strma pot),105,lahka označena pot
1051,Tržič - Koča na Kriški gori,135,lahka označena pot
1051,Golnik - Koča na Kriški gori,150,lahka označena pot
1051,Gozd - Koča na Kriški gori (Ovčja pot),90,lahka neoznačena steza
1051,Križe - Koča na Kriški gori (lažja pot),165,lahka označena pot
1051,Križe - Koča na Kriški gori (strma pot),160,lahka označena pot
1051,Križe - Koča na Kriški gori (Ovčja pot),165,lahka neoznačena steza
1051,Zalog - Koča na Kriški gori,170,lahka označena pot
1052,Planinska Ravna - Javorca (Golte) (Janezova pot),60,zelo zahtevna neoznačena steza
1052,Golte (Alpski vrt) - Javorca (Golte),30,lahka označena pot
1052,Radegunda (Žekovec) - Javorca (Golte) (skozi Zagradiško pušo),160,lahka označena pot
1053,Bukovnik - Koča na Grohatu (peš pot),40,lahka označena pot
1053,Bukovnik - Koča na Grohatu (po cesti),45,lahka označena pot
1054,Makekova Kočna - Visoki vrh nad Jezerskim,90,lahka neoznačena steza
1054,Makekova Kočna - Visoki vrh nad Jezerskim (čez Javornik),135,lahka neoznačena steza
1055,Zavetišče na Biba planini - Dom na Menini planini,45,lahka označena pot
1055,Gornji Grad - Dom na Menini planini (čez Borovnico in Ovčji stan),180,lahka označena pot
1055,Gornji Grad - Dom na Menini planini (mimo Semprimožnika in čez Ovčji stan),195,lahka označena pot
1055,Golice - Dom na Menini planini,180,lahka označena pot
1055,Okrog pri Motniku - Dom na Menini planini (čez Biba planino),130,lahka neoznačena steza
1055,Lipa - Dom na Menini planini,195,lahka označena pot
1055,Črnivec - Dom na Menini planini,255,lahka označena pot
1055,Češnjice v Tuhinju - Dom na Menini planini,155,lahka neoznačena steza
1055,Okrog pri Motniku - Dom na Menini planini (čez Oseke in vrh Drč),145,lahka neoznačena steza
1055,Tirosek (Nova Štifta) - Dom na Menini planini,225,lahka označena pot
1055,Hruševka - Dom na Menini planini,310,lahka označena pot
1055,Bela Peč - Dom na Menini planini (čez Ovčje jame),250,lahka neoznačena steza
1055,Gornji Grad - Dom na Menini planini (mimo Strmčnika in jame Jespe),195,lahka označena pot
1055,Bela Peč - Dom na Menini planini (mimo vrha Seduc),245,lahka neoznačena steza
1055,Gornji Grad - Dom na Menini planini (čez Borovnico in mimo jame Jespa),190,lahka označena pot
1055,Gornji Grad - Dom na Menini planini (mimo Semprimožnika in jame Jespe),205,lahka označena pot
1056,Rogovilec - Račka vrata (Lovska pot),135,zahtevna neoznačena steza
1057,Mače - Planina Kališče,135,lahka označena pot
1057,Laško (obračališče nad vasjo) - Planina Kališče,95,lahka označena pot
1057,Bašelj - Planina Kališče,135,lahka označena pot
1057,Bašelj - Planina Kališče (po gozdni cesti),135,lahka označena pot
1057,Mače - Planina Kališče (po cesti),135,lahka označena pot
1057,Bašelj - Planina Kališče (mimo bolnice Košuta),145,lahka označena pot
1057,Mače  - Planina Kališče (mimo sv. Miklavža),150,lahka neoznačena steza
1057,Bašelj - Planina Kališče (po neoznačeni poti),145,lahka neoznačena steza
1058,Bistriška planina - Lešanska planina,60,lahka označena pot
1058,Brezje pri Tržiču - Lešanska planina (po robu),125,lahka označena pot
1058,Tržič - Lešanska planina,165,lahka označena pot
1058,Bistrica pri Tržiču - Lešanska planina,150,lahka označena pot
1058,Brezje pri Tržiču - Lešanska planina (po cesti),135,lahka označena pot
1058,Hudi Graben - Lešanska planina,125,lahka neoznačena steza
1059,Črnivec - Kranjska reber,90,lahka označena pot
1059,Volovljek - Kranjska reber,80,lahka označena pot
1059,Kališe - Kranjska reber,90,lahka neoznačena steza
1059,Volovljek - Kranjska reber (po neoznačeni poti),75,lahka neoznačena steza
1059,Mačkin Kot (Enci) - Kranjska reber,105,"lahka neoznačena steza, lahka označena pot"
1060,Spodnja Kokra - Javorov vrh,140,lahka označena pot
1060,Potoče - Javorov vrh (direktna pot),150,lahka označena pot
1060,Potoče - Javorov vrh (čez Potoško goro),165,lahka označena pot
1060,"Potoče - Javorov vrh (mimo sv. Jakoba, pod Potoško goro in čez Babo)",175,lahka neoznačena steza
1060,Mače - Javorov vrh (Mačenska pot),175,lahka označena pot
1060,Spodnja Kokra - Javorov vrh (čez Babo),150,lahka neoznačena steza
1060,Mače - Javorov vrh (čez Kozjek),190,lahka označena pot
1061,Kanonir - Turni (pri Kozjem vrhu),120,"delno zahtevna označena pot, lahko brezpotje"
1062,Dom na Smrekovcu - Črno jezero (Končnikova mlakuža),100,delno zahtevna neoznačena pot
1062,Javorje (Mala Črna) - Črno jezero (Končnikova mlakuža),205,lahka neoznačena steza
1063,Jermanca - Pri Pastirjih,75,lahka označena pot
1064,Zavetišče na Biba planini - Goli vrh (Šavnice) (po označeni poti),75,lahka označena pot
1064,Zavetišče na Biba planini - Goli vrh (Šavnice) (po neoznačeni poti),45,lahka neoznačena steza
1065,Konec ceste - Lepenatka,60,lahka označena pot
1065,Leška gmajna - Lepenatka,75,lahka označena pot
1065,Gornji Grad - Lepenatka (čez Kal),180,lahka označena pot
1065,Gornji Grad - Lepenatka (po grebenu),180,lahka označena pot
1065,Črnivec - Lepenatka,195,lahka označena pot
1065,Volovljek - Lepenatka,135,"lahka neoznačena steza, lahka označena pot"
1065,Mačkin Kot (Enci) - Lepenatka (čez sedlo Kunšperk),100,"lahka neoznačena steza, lahka označena pot"
1065,Podvolovljek (Petkov graben) - Lepenatka,135,"lahka neoznačena steza, lahka označena pot"
1065,Podvolovljek (Petkov graben) - Lepenatka (mimo Bivaka na Kalu),175,"lahka neoznačena steza, lahka označena pot"
1065,Volovljek - Lepenatka (mimo Bivaka na Kalu),190,"lahka neoznačena steza, lahka označena pot"
1066,Ljubelj - Čisovec,120,delno zahtevna neoznačena pot
1066,Dom v Dragi - Čisovec (čez Luknjo),120,"delno zahtevna označena pot, lahka neoznačena steza"
1066,Podljubelj (Lajb) - Čisovec,120,lahka neoznačena steza
1067,Gornji Grad - Jama Jespa (mimo Strmčnika),175,zahtevna označena pot
1067,Gornji Grad - Jama Jespa (čez Borovnico),170,zahtevna označena pot
1067,Gornji Grad - Jama Jespa (mimo Semprimožnika),185,zahtevna označena pot
1068,Ambrož pod Krvavcem - Planina Jezerca,60,lahka označena pot
1068,Spodnja postaja žičnice na Krvavec - Planina Jezerca (skozi Lukenjski graben),150,lahka neoznačena steza
1068,Spodnja postaja žičnice na Krvavec - Planina Jezerca (čez Davovec in po grebenu Trdovnika),180,delno zahtevna označena pot
1068,Spodnja Kokra - Planina Jezerca (čez Davovec in po grebenu Trdovnika),195,delno zahtevna označena pot
1069,Hotel Golte - Hotel Golte (pot po Golteh),150,lahka označena pot
1069,Planinska Ravna - Hotel Golte (po cesti),40,lahka označena pot
1070,Golte (Alpski vrt) - Ledenica na Golteh,15,lahka označena pot
1070,Atelsko sedlo - Ledenica na Golteh,80,lahka označena pot
1070,Radegunda (Žekovec) - Ledenica na Golteh (skozi Zagradiško pušo),145,lahka označena pot
1071,Makekova Kočna - Javornik nad Jezerskim,105,lahka neoznačena steza
1072,Koča pod slapom Rinka - Dom na Okrešlju,75,delno zahtevna označena pot
1072,Koča pod slapom Rinka - Dom na Okrešlju (Pastirska pot),90,delno zahtevna označena pot
1073,Povlje - Krničarjeva koča na Planini Javornik,120,lahka označena pot
1073,Povlje - Krničarjeva koča na Planini Javornik (Dolenčeva pot čez Veliko Poljano),135,lahka označena pot
1073,Laško - Krničarjeva koča na Planini Javornik,165,lahka označena pot
1073,Dom pod Storžičem - Krničarjeva koča na Planini Javornik,105,lahka označena pot
1073,Zalog - Krničarjeva koča na Planini Javornik,155,lahka označena pot
1074,Povlje - Velika Poljana (Dolenčeva pot),105,lahka označena pot
1074,Dom pod Storžičem - Velika Poljana (po cesti),75,lahka označena pot
1074,Povlje - Velika Poljana (čez Planino Javornik),150,lahka označena pot
1074,Zalog - Velika Poljana (čez Malo Poljano),140,lahka označena pot
1074,Dom pod Storžičem - Velika Poljana (pešpot),75,lahka označena pot
1074,Zalog - Velika Poljana (direktna pot),125,lahka označena pot
1074,Povlje - Velika Poljana,105,lahka označena pot
1074,Povlje - Velika Poljana (čez Malo Poljano),120,lahka označena pot
1074,Gozd - Velika Poljana,140,delno zahtevna označena pot
1074,Povlje - Velika Poljana (po kolovozu),105,lahka neoznačena steza
1074,Križe - Velika Poljana,215,delno zahtevna označena pot
1075,Jekarica - Praprotnikova koča,70,lahka označena pot
1075,MHE Zabukovec - Praprotnikova koča,130,lahka označena pot
1076,Andrejev dom na Slemenu - Dom na Smrekovcu,180,lahka označena pot
1076,Mozirska koča na Golteh - Dom na Smrekovcu,115,lahka označena pot
1076,Bele Vode (Rebršak) - Dom na Smrekovcu,95,lahka označena pot
1076,Atelsko sedlo - Dom na Smrekovcu,20,lahka označena pot
1076,Kramarica - Dom na Smrekovcu (čez Bukov stan),60,lahka označena pot
1076,Kramarica - Dom na Smrekovcu (po cesti),60,lahka označena pot
1076,Ljubenske Rastke (Vrnivšek) - Dom na Smrekovcu,90,lahka označena pot
1076,Ljubenske Rastke (Kumprej) - Dom na Smrekovcu,100,lahka označena pot
1076,Izvir Ljubije - Dom na Smrekovcu (preko Leskovškove pustote),110,lahka neoznačena steza
1076,Izvir Ljubije - Dom na Smrekovcu (po cesti),120,lahka neoznačena steza
1076,Golte (Alpski vrt) - Dom na Smrekovcu,120,lahka označena pot
1076,Javorje (Mala Črna) - Dom na Smrekovcu (čez Bukov stan),165,lahka označena pot
1076,Javorje (Mala Črna) - Dom na Smrekovcu (po cesti),165,lahka označena pot
1077,Planinska Ravna - Mozirska koča na Golteh (peš pot),30,lahka označena pot
1077,Žekovec - Mozirska koča na Golteh,135,lahka označena pot
1077,Planinska Ravna - Mozirska koča na Golteh (po cesti),40,lahka označena pot
1077,Hotel Golte - Mozirska koča na Golteh,15,lahka označena pot
1077,Atelsko sedlo - Mozirska koča na Golteh,90,lahka označena pot
1077,Radegunda (Žekovec) - Mozirska koča na Golteh (skozi Zagradiško pušo),135,lahka označena pot
1077,Golte (Alpski vrt) - Mozirska koča na Golteh,5,lahka označena pot
1078,Bistra - Knezova planina (Planina Bela peč),120,lahka označena pot
1078,Planina Vodol - Knezova planina (Planina Bela peč),15,lahka označena pot
1079,Makekova Kočna - Slap Čedca,60,lahka označena pot
1080,Podvolovljek (Petkov graben) - Kunšperski vrh (Brezovec),120,lahka neoznačena steza
1080,Volovljek - Kunšperski vrh (Brezovec),120,"lahka neoznačena steza, lahko brezpotje"
1081,Makekova Kočna - Povšnarjeva planina (čez Murijevo planino in mimo Ovče koče),120,lahka neoznačena steza
1082,Mače - Zavetišče v Hudičevem borštu (Mačenska pot),115,lahka označena pot
1082,Spodnja Kokra - Zavetišče v Hudičevem borštu,175,lahka označena pot
1082,Mače - Zavetišče v Hudičevem borštu (čez Kozjek),130,lahka označena pot
1082,"Potoče - Zavetišče v Hudičevem borštu (mimo sv. Jakoba, pod Potoško goro in čez Babo)",220,lahka neoznačena steza
1082,Spodnja Kokra - Zavetišče v Hudičevem borštu (čez Babo),185,lahka neoznačena steza
1083,Koprivna (Šumel) - Izletniška kmetija Bukovc (Bukovnik) (mimo domačije Haderlap),110,"lahka neoznačena steza, lahka označena pot"
1083,Koprivna (Šumel) - Izletniška kmetija Bukovc (Bukovnik) (mimo domačije Janšek),120,"lahka neoznačena steza, lahka označena pot"
1084,Ljubenske Rastke - Bezovec,135,lahka označena pot
1085,Dom pod Storžičem - Mala Poljana (po cesti),60,lahka označena pot
1085,Povlje - Mala Poljana,105,lahka označena pot
1085,Zalog - Mala Poljana,125,lahka označena pot
1085,Dom pod Storžičem - Mala Poljana (pešpot),60,lahka označena pot
1085,Gozd - Mala Poljana,125,delno zahtevna označena pot
1085,Križe - Mala Poljana,200,delno zahtevna označena pot
1086,Bistra - Planina Vodol,135,lahka označena pot
1087,Makekova Kočna - Ovča koča (čez Murijevo planino),90,lahka neoznačena steza
1088,Hotel Plesnik - Plesnikova planina,90,lahka označena pot
1089,Volovljek - Kašna planina,60,lahka označena pot
1089,Črnivec - Kašna planina,105,ni podatka
1089,Mačkin Kot (Enci) - Kašna planina,85,"lahka neoznačena steza, lahka označena pot"
1090,Kraljev hrib - Planina Dol,120,lahka označena pot
1090,Kopišča - Planina Dol (Martinj steza),165,zahtevna neoznačena steza
1091,Žagana peč - Lovska koča Črnevka,75,delno zahtevna neoznačena pot
1092,Češnjice v Tuhinju - Zavetišče na Biba planini (po cesti),120,lahka označena pot
1092,Lipa - Zavetišče na Biba planini,150,lahka označena pot
1092,Okrog pri Motniku - Zavetišče na Biba planini,85,lahka neoznačena steza
1093,Makekova Kočna - Murijeva planina,60,lahka neoznačena steza
1094,Javorje (Mala Črna) - Dunajska bajta,180,lahka neoznačena steza
1095,Konec ceste - Bivak na Kalu,35,lahka označena pot
1095,Gornji Grad - Bivak na Kalu,155,lahka označena pot
1095,Črnivec - Bivak na Kalu,210,lahka označena pot
1095,Podvolovljek (Petkov graben) - Bivak na Kalu (čez Lepenatko),150,"lahka neoznačena steza, lahka označena pot"
1095,Volovljek - Bivak na Kalu (čez Lepenatko),150,"lahka neoznačena steza, lahka označena pot"
1095,Podvolovljek (Petkov graben) - Bivak na Kalu,150,lahka neoznačena steza
1095,Volovljek - Bivak na Kalu,165,lahka neoznačena steza
1096,Potoče - Potoška gora,120,lahka označena pot
1096,Spodnja Kokra - Potoška gora,130,lahka označena pot
1097,Makekova Kočna - Skubrov vrh,70,lahka neoznačena steza
1098,Kranjski Rak - Dom na Kisovcu (po cesti),70,lahka označena pot
1098,Stahovica - Dom na Kisovcu,150,lahka neoznačena steza
1098,Žaga - Dom na Kisovcu (čez Strmino),105,delno zahtevna označena pot
1098,Predkonjska - Dom na Kisovcu (skozi Konjsko dolino),180,delno zahtevna neoznačena pot
1099,Molnarjev breg - Kamniški vrh,90,lahka označena pot
1099,Klemenčevo - Kamniški vrh (ob Korošaških slapovih),135,lahka neoznačena steza
1099,Slevo - Kamniški vrh (direktna pot),90,zahtevna neoznačena steza
1099,Klemenčevo - Kamniški vrh (po jugozahodnem pobočju),105,lahka neoznačena steza
1099,Slevo - Kamniški vrh (mimo lovske koče),90,zahtevna neoznačena steza
1099,Molnarjev breg - Kamniški vrh (čez planino Osredek),90,lahka označena pot
1099,Kajfežev rob - Kamniški vrh,75,lahka neoznačena steza
1099,Iverje - Kamniški vrh (čez Hude Konce),135,lahka neoznačena steza
1099,Iverje - Kamniški vrh (ob Potoku),120,delno zahtevna neoznačena pot
1099,Klemenčevo - Kamniški vrh,120,delno zahtevna označena pot
1099,Molnarjev breg - Kamniški vrh (po cesti),90,"lahka neoznačena steza, lahka označena pot"
1100,Slevo - Planjava pri Kamniškem vrhu,90,zahtevna neoznačena steza
1100,Molnarjev breg - Planjava pri Kamniškem vrhu (čez planino Osredek),75,"lahka označena pot, lahka neoznačena steza"
1100,Molnarjev breg - Planjava pri Kamniškem vrhu,75,"lahka označena pot, lahka neoznačena steza"
1100,Molnarjev breg - Planjava pri Kamniškem vrhu (po cesti),75,lahka neoznačena steza
1101,Makekova Kočna - Turni,60,lahka neoznačena steza
1102,Podvolovljek (Petkov graben) - Mali Rogatec (Mali Rogac),115,"lahka neoznačena steza, zahtevno brezpotje"
1102,Volovljek - Mali Rogatec (Mali Rogac),130,"lahka neoznačena steza, zahtevno brezpotje"
1103,Dolina potoka Žep - Partizanska bolnica Mrzle vode,75,lahka neoznačena steza
1104,Kranjski Rak - Planina Marjanine njive (čez Seliški rob),55,"lahka neoznačena steza, lahka označena pot"
1105,Dom Planincev v Logarski dolini - Koča na Klemenči jami,65,delno zahtevna označena pot
1105,Na razpotju - Koča na Klemenči jami,70,delno zahtevna označena pot
1106,Bela Peč - Ojstri vrh (nad Prevalo) (mimo vrha Seduc),90,lahka neoznačena steza
1106,Bela Peč - Ojstri vrh (nad Prevalo) (čez Ovčje jame),105,lahka neoznačena steza
1107,Kopišča - Kopa (Belska Kopa),150,delno zahtevna neoznačena pot
1108,Črnivec - Planina Travnik,135,lahka označena pot
1108,Tirosek (Nova Štifta) - Planina Travnik,105,lahka označena pot
1108,Hruševka - Planina Travnik,190,lahka označena pot
1108,Bela Peč - Planina Travnik (čez Ovčje jame),130,lahka neoznačena steza
1108,Bela Peč - Planina Travnik (mimo vrha Seduc),125,lahka neoznačena steza
1109,Dolina potoka Žep - Počka (Robnikova) planina,60,lahka označena pot
1110,Hruševka - Prevala,150,lahka označena pot
1110,Bela Peč - Prevala (čez Ovčje jame),90,lahka neoznačena steza
1110,Bela Peč - Prevala (čez Ojstri vrh),100,lahka neoznačena steza
1111,Spodnja Kokra - Škrbina (Slaparjeva gora) (mimo Zajca),100,lahka neoznačena steza
1112,Begunje (PGD Begunje) - Pleče (Petrova pot),105,lahka neoznačena steza
1112,Begunje (Krpin) - Pleče (skozi sotesko Blatnice),105,lahka neoznačena steza
1112,Završnica (Pri žagi) - Pleče,65,lahka neoznačena steza
1112,Begunje (Krpin) - Pleče (ob smučišču in mimo Sankaške koče),105,lahka neoznačena steza
1112,Begunje (Krpin) - Pleče (po cesti),100,lahka neoznačena steza
1112,Rodine - Pleče (mimo Sankaške koče),110,lahka neoznačena steza
1113,Grahovše - Dom pod Storžičem (po cesti),90,lahka označena pot
1113,Grahovše - Dom pod Storžičem (pešpot),75,lahka označena pot
1113,Tržič (Slap) - Dom pod Storžičem,135,lahka označena pot
1114,Završniško jezero - Smokuški vrh (čez Brezniške peči),180,delno zahtevna neoznačena pot
1114,Begunje (Krpin) - Smokuški vrh (po kolovozu in mimo sv. Petra),110,lahka neoznačena steza
1114,Begunje (Krpin) - Smokuški vrh (ob smučišču in mimo Sankaške koče),100,lahka označena pot
1114,Begunje (PGD Begunje) - Smokuški vrh (Petrova pot),100,lahka označena pot
1114,Završnica (Pri žagi) - Smokuški vrh,60,lahka neoznačena steza
1114,Rodine - Smokuški vrh (mimo Sankaške koče),105,lahka neoznačena steza
1114,Begunje (Krpin) - Smokuški vrh (skozi sotesko Blatnice),100,lahka neoznačena steza
1114,Begunje (Krpin) - Smokuški vrh (po cesti),95,lahka neoznačena steza
1115,Koča pod slapom Rinka - Orlovo gnezdo (Slap Rinka),15,lahka označena pot
1116,Spodnja Kokra - Baba,95,lahka neoznačena steza
1116,Potoče - Baba (mimo sv. Jakoba in izvira pod Potoško goro),130,lahka neoznačena steza
1117,Potoče - Mihčeva kopišča (mimo sv. Jakoba in izvira pod Potoško goro),105,lahka neoznačena steza
1118,Tržič - Breška planina,115,lahka označena pot
1118,Bistrica pri Tržiču - Breška planina,100,lahka označena pot
1118,Brezje pri Tržiču - Breška planina (po cesti),85,lahka označena pot
1119,Molnarjev breg - Planina Osredek,45,lahka označena pot
1119,Klemenčevo - Planina Osredek (ob Korošaških slapovih),90,lahka neoznačena steza
1119,Slevo - Planina Osredek,90,delno zahtevna označena pot
1119,Molnarjev breg - Planina Osredek (po cesti),45,lahka neoznačena steza
1121,Šenturška Gora - Ambrož pod Krvavcem,80,lahka označena pot
1121,Spodnja postaja žičnice na Krvavec - Ambrož pod Krvavcem (skozi Lukenjski graben),90,lahka neoznačena steza
1121,Šenturška Gora - Ambrož pod Krvavcem (čez Jagošce),90,lahka označena pot
1121,Apno - Ambrož pod Krvavcem (čez Prgozdnik),95,lahka neoznačena steza
1121,Šenturška Gora - Ambrož pod Krvavcem (čez Prgozdnik),90,lahka neoznačena steza
1121,Planinski dom Milana Šinkovca - Ambrož pod Krvavcem,215,lahka označena pot
1121,Zalog pri Cerkljah - Ambrož pod Krvavcem,200,lahka označena pot
1122,Dom na Čreti - Tolsti vrh (Dobrovlje),105,lahka označena pot
1122,Dom planincev Farbanca - Tolsti vrh (Dobrovlje),120,lahka označena pot
1122,Lipa - Tolsti vrh (Dobrovlje),100,lahka označena pot
1122,Kokarje (ŠRC Laze) - Tolsti vrh (Dobrovlje) (mimo Doma na Farbanci),195,lahka označena pot
1122,Potok (Mostni graben) - Tolsti vrh (Dobrovlje) (mimo Doma na Farbanci),170,lahka označena pot
1123,Črnivec - Planina Ravni,105,lahka označena pot
1123,Hruševka - Planina Ravni,160,lahka označena pot
1123,Bela Peč - Planina Ravni (mimo vrha Seduc),95,lahka neoznačena steza
1123,Bela Peč - Planina Ravni (čez Ovčje jame),100,lahka neoznačena steza
1124,Tržič - Bistriška planina,105,lahka označena pot
1124,Bistrica pri Tržiču - Bistriška planina,90,lahka označena pot
1124,Brezje pri Tržiču - Bistriška planina (po cesti),75,lahka označena pot
1124,Vodohran Žegnani studenec - Bistriška planina,75,lahka neoznačena steza
1124,Podljubelj (Sroberje) - Bistriška planina (po cesti),100,lahka neoznačena steza
1124,Podljubelj (Sroberje) - Bistriška planina,95,lahka neoznačena steza
1125,Javorje (Mala Črna) - Najevska lipa,90,lahka neoznačena steza
1125,Črna na Koroškem - Najevska lipa,130,lahka označena pot
1126,Bele Vode (Sveti Andrej) - Sveti Križ (Kriška gora) nad Belimi Vodami (spodnja pot),75,lahka označena pot
1126,Bele Vode (Sveti Andrej) - Sveti Križ (Kriška gora) nad Belimi Vodami (zgornja pot),60,lahka označena pot
1126,Izvir Ljubije - Sveti Križ (Kriška gora) nad Belimi Vodami,65,lahka označena pot
1126,Bele Vode (Kovač) - Sveti Križ (Kriška gora) nad Belimi Vodami (po južnem grebenu),70,lahka neoznačena steza
1127,Brezje pri Tržiču - Vaško,55,lahka neoznačena steza
1127,Brezje pri Tržiču - Vaško (vzhodna pot),65,lahka neoznačena steza
1127,Vodohran Žegnani studenec - Vaško,65,lahka neoznačena steza
1128,Spodnja postaja žičnice na Krvavec - Kopa (Partizanski vrh),75,"lahka označena pot, lahka neoznačena steza"
1128,Spodnja Kokra - Kopa (Partizanski vrh),90,"lahka označena pot, lahka neoznačena steza"
1128,Možjanca - Kopa (Partizanski vrh),90,lahka neoznačena steza
1128,Kokra (počivališče Kokra-sotočje) - Kopa (Partizanski vrh),105,lahka neoznačena steza
1129,Šenturška Gora - Prgozdnik (Martinova pot),65,lahka neoznačena steza
1129,Apno - Prgozdnik (Martinova pot),70,lahka neoznačena steza
1130,Lipa - Smolnik,55,lahka označena pot
1131,Žovneško jezero - Vrhe,145,lahka neoznačena steza
1131,Braslovško jezero - Vrhe,175,lahka neoznačena steza
1131,Letuš - Vrhe,175,lahka neoznačena steza
1131,Kokarje (ŠRC Laze) - Vrhe (preko Tajne),105,"lahka označena pot, lahka neoznačena steza"
1131,Kokarje (ŠRC Laze) - Vrhe (mimo Doma na Farbanci),125,"lahka označena pot, lahka neoznačena steza"
1131,Potok (Mostni graben) - Vrhe (mimo Doma na Farbanci),100,"lahka označena pot, lahka neoznačena steza"
1132,Potoče - Planinska koča Iskra na Jakobu (po markirani poti),75,lahka označena pot
1132,Preddvor - Planinska koča Iskra na Jakobu (Juhantova pot),85,lahka neoznačena steza
1132,Preddvor - Planinska koča Iskra na Jakobu (po markirani poti),90,lahka označena pot
1132,Potoče - Planinska koča Iskra na Jakobu (po kolovozu),80,lahka označena pot
1132,Potoče - Planinska koča Iskra na Jakobu (Juhantova pot),70,lahka neoznačena steza
1132,Potoče - Planinska koča Iskra na Jakobu (mimo Francijeve koče),80,lahka označena pot
1132,Preddvor - Planinska koča Iskra na Jakobu (mimo Planinske koče pri Franciju),95,lahka označena pot
1132,Potoče - Planinska koča Iskra na Jakobu (po cesti),85,lahka označena pot
1133,Lipa - Sveti Jošt nad Vranskim,35,lahka označena pot
1134,Žovneško jezero - Sveta Mati Božja na Čreti,140,lahka označena pot
1134,Letuš - Sveta Mati Božja na Čreti,170,lahka označena pot
1134,Braslovško jezero - Sveta Mati Božja na Čreti,170,lahka označena pot
1134,Potok (Mostni graben) - Sveta Mati Božja na Čreti (mimo Doma na Farbanci),95,lahka označena pot
1134,Kokarje (ŠRC Laze) - Sveta Mati Božja na Čreti (preko Tajne),100,lahka označena pot
1134,Kokarje (ŠRC Laze) - Sveta Mati Božja na Čreti (mimo Doma na Farbanci),120,lahka označena pot
1136,Nevlje pri Kamniku - Vovar,90,lahka neoznačena steza
1136,Gozd - Vovar (pot razgleda),45,lahka neoznačena steza
1136,Brezje nad Kamnikom - Vovar (zahodna pot),60,lahka neoznačena steza
1136,Brezje nad Kamnikom - Vovar (severna pot),60,lahka neoznačena steza
1136,Gozd - Vovar (severna pot),45,lahka neoznačena steza
1136,Gozd - Vovar (vzhodna pot),45,lahka neoznačena steza
1137,Potoče - Planinska koča pri Franciju (po markirani poti),75,lahka označena pot
1137,Potoče - Planinska koča pri Franciju (po kolovozu),75,lahka označena pot
1137,Potoče - Planinska koča pri Franciju (Juhantova pot),65,lahka neoznačena steza
1137,Preddvor - Planinska koča pri Franciju (po markirani poti),90,lahka označena pot
1137,Preddvor - Planinska koča pri Franciju (Juhantova pot),80,lahka neoznačena steza
1138,Gornji Grad - Sveti Lenart nad Gornjim Gradom,95,lahka označena pot
1138,Pri cerkvi - Sveti Lenart nad Gornjim Gradom,3,lahka označena pot
1139,Senično - Planica (vzletišče Gozd) (položna pot),75,lahka neoznačena steza
1139,Zalog - Planica (vzletišče Gozd),90,lahka označena pot
1139,Senično - Planica (vzletišče Gozd) (strma pot),70,lahka neoznačena steza
1139,Zavetišče v Gozdu - Planica (vzletišče Gozd),5,lahka neoznačena steza
1139,Tržič - Planica (vzletišče Gozd),80,lahka označena pot
1139,Križe - Planica (vzletišče Gozd),80,lahka označena pot
1139,Pristava - Planica (vzletišče Gozd),80,lahka neoznačena steza
1140,Robanov kot - Matkov kot (pot RMK),1260,zelo zahtevno brezpotje
1141,Možjanca - Skutman,85,lahka neoznačena steza
1141,Spodnja Kokra - Skutman (čez Kopo),120,lahka neoznačena steza
1141,Kokra (počivališče Kokra-sotočje) - Skutman,70,lahka neoznačena steza
1141,Spodnja postaja žičnice na Krvavec - Skutman (čez Kopo),105,lahka neoznačena steza
1141,Možjanca - Skutman (čez Zapečnikovo planino),85,lahka neoznačena steza
1142,Žovneško jezero - Grmada (Dobrovlje),125,lahka označena pot
1142,Letuš - Grmada (Dobrovlje),145,lahka označena pot
1142,Braslovško jezero - Grmada (Dobrovlje),145,lahka označena pot
1143,Laško - Sveti Lovrenc (Bašelj),20,lahka označena pot
1143,Bašelj - Sveti Lovrenc (Bašelj),55,lahka označena pot
1143,Bašelj - Sveti Lovrenc (Bašelj) (čez Gradišče),80,lahka označena pot
1143,Povlje - Sveti Lovrenc (Bašelj),50,lahka neoznačena steza
1143,Babni Vrt - Sveti Lovrenc (Bašelj) (skozi gozd),50,lahka neoznačena steza
1144,Golnik - Zavetišče v Gozdu,60,lahka označena pot
1144,Križe - Zavetišče v Gozdu,75,lahka označena pot
1144,Tržič - Zavetišče v Gozdu,75,lahka označena pot
1144,Zalog - Zavetišče v Gozdu,90,lahka označena pot
1144,Senično - Zavetišče v Gozdu (položna pot),75,lahka neoznačena steza
1144,Pristava - Zavetišče v Gozdu,75,lahka neoznačena steza
1144,Senično - Zavetišče v Gozdu (strma pot),65,lahka neoznačena steza
1145,Robanov kot - Robanova planina,60,lahka označena pot
1146,Terme Topolšica - Lomek (Lom),110,lahka označena pot
1146,Terme Topolšica - Lomek (Lom) (lovska pot),110,lahka označena pot
1147,Ljubno ob Savinji - Sveti Primož nad Ljubnim,60,lahka označena pot
1147,Primož pri Ljubnem - Sveti Primož nad Ljubnim,20,lahka označena pot
1148,Bašelj - Gradišče (Pustinjak) (mimo sv. Lovrenca),90,lahka označena pot
1148,Bašelj - Gradišče (Pustinjak),45,lahka označena pot
1148,Laško - Gradišče (Pustinjak),20,lahka označena pot
1148,Povlje - Gradišče (Pustinjak),65,lahka neoznačena steza
1148,Babni Vrt - Gradišče (Pustinjak) (skozi gozd in mimo sv. Lovrenca),85,lahka neoznačena steza
1149,Vransko - Dom na Čreti,105,lahka označena pot
1149,Dom planincev Farbanca - Dom na Čreti,60,lahka označena pot
1149,Žovneško jezero - Dom na Čreti,150,lahka označena pot
1149,Braslovško jezero - Dom na Čreti,180,lahka označena pot
1149,Letuš - Dom na Čreti,180,lahka označena pot
1149,Kokarje (ŠRC Laze) - Dom na Čreti (preko Tajne),100,lahka označena pot
1149,Potok (Mostni graben) - Dom na Čreti (mimo Doma na Farbanci),95,lahka označena pot
1149,Kokarje (ŠRC Laze) - Dom na Čreti (mimo Doma na Farbanci),120,lahka označena pot
1150,Pred Belo - Slap Orglice,50,lahka neoznačena steza
1151,Begunje (Krpin) - Sankaška koča (po kolovozu),60,lahka označena pot
1151,Begunje (Krpin) - Sankaška koča (ob smučišču),50,lahka označena pot
1151,Begunje (PGD Begunje) - Sankaška koča (Petrova pot),50,lahka označena pot
1151,Rodine - Sankaška koča,55,lahka neoznačena steza
1152,Poljana (Završnica) - Mali vrh nad Završnico,35,lahka označena pot
1153,Žovneško jezero - Sveti Janez in Pavel (Dobrovlje),120,lahka označena pot
1153,Letuš - Sveti Janez in Pavel (Dobrovlje),140,lahka označena pot
1153,Braslovško jezero - Sveti Janez in Pavel (Dobrovlje),140,ni podatka
1154,Bašelj - Dom na Lovrencu (Bašelj),50,lahka označena pot
1154,Laško - Dom na Lovrencu (Bašelj),15,lahka označena pot
1154,Babni Vrt - Dom na Lovrencu (Bašelj) (skozi gozd),45,lahka neoznačena steza
1154,Povlje - Dom na Lovrencu (Bašelj),55,lahka neoznačena steza
1155,Braslovško jezero - Bezovec (Dobrovlje) (mimo lovske koče),90,lahka označena pot
1155,Letuš - Bezovec (Dobrovlje) (mimo lovske koče),90,lahka označena pot
1155,Braslovško jezero - Bezovec (Dobrovlje) (mimo Covnikovega križa),90,lahka označena pot
1155,Letuš - Bezovec (Dobrovlje) (mimo Covnikovega križa),90,lahka označena pot
1156,Zgornji Tuhinj - Sveti Vid (nad Zgornjim Tuhinjem) (ob postajah križevega pota),50,lahka označena pot
1156,Zgornji Tuhinj - Sveti Vid (nad Zgornjim Tuhinjem) (po kolovozu),45,lahka označena pot
1157,Stahovica - Cerkev sv. Petra nad Črno pri Kamniku,73,lahka označena pot
1158,Kokra (počivališče Kokra-sotočje) - Zapečnikova planina,60,lahka neoznačena steza
1158,Možjanca - Zapečnikova planina,75,lahka neoznačena steza
1159,Begunje (Krpin) - Sveti Peter nad Begunjami (po kolovozu),50,lahka označena pot
1159,Begunje (PGD Begunje) - Sveti Peter nad Begunjami (Petrova pot),40,lahka označena pot
1159,Begunje (Krpin) - Sveti Peter nad Begunjami (ob smučišču),40,lahka označena pot
1159,Begunje (Krpin) - Sveti Peter nad Begunjami (čez plezalno steno),45,zelo zahtevna označena pot
1159,Rodine - Sveti Peter nad Begunjami (mimo Sankaške koče),60,ni podatka
1160,Spodnja Kokra - Dom Čemšenik,50,lahka označena pot
1161,Stahovica - Sveti Primož nad Kamnikom (po cesti),70,lahka označena pot
1162,Radegunda (Žekovec) - Sveta Radegunda (Radegunda),75,lahka označena pot
1163,Črna na Koroškem - Božičev slap,60,lahka označena pot
1164,Klemenčevo - Korošaški slapovi,45,lahka neoznačena steza
1165,Gozd - Razgledišče Skroti,15,lahka neoznačena steza
1166,Hruševka - Sveti Miklavž na Gori,30,ni podatka
1167,Podljubelj - Tominčev slap,10,lahka označena pot
1168,Adergas - Štefanja gora (mimo klopc),60,lahka označena pot
1168,Adergas - Štefanja gora (mimo šterne),60,lahka označena pot
1168,Olševek - Štefanja gora,55,lahka označena pot
1168,Možjanca - Štefanja gora (po cesti),60,lahka označena pot
1168,Štefanja Gora - Štefanja gora (čez Spodnjo Štefanjo vas),45,lahka označena pot
1168,Preddvor - Štefanja gora (po pešpoti),80,lahka neoznačena steza
1168,Štefanja Gora - Štefanja gora (čez Zgornjo Štefanjo vas),35,lahka označena pot
1168,Olševek - Štefanja gora (čez Apnišče),75,lahka neoznačena steza
1168,Velesovo - Štefanja gora (mimo klopc),70,lahka označena pot
1168,Velesovo - Štefanja gora (mimo šterne),70,lahka označena pot
1169,Braslovško jezero - Dom na Dobrovljah,80,lahka označena pot
1169,Letuš - Dom na Dobrovljah,80,lahka označena pot
1170,Gornji Grad - Sveti Florjan nad Gornjim Gradom (strma pot),60,lahka označena pot
1171,Možjanca - Apnišče,35,lahka označena pot
1171,Olševek - Apnišče (zahodna pot),55,lahka neoznačena steza
1171,Olševek - Apnišče (mimo šterne),55,lahka neoznačena steza
1171,Adergas - Apnišče (mimo šterne),60,lahka neoznačena steza
1171,Preddvor - Apnišče (po pešpoti),75,lahka neoznačena steza
1171,Velesovo - Apnišče (mimo šterne),70,lahka označena pot
1172,Podgora - Gora Oljka (Martinova pot),80,lahka označena pot
1172,Rečica ob Paki - Gora Oljka,75,lahka označena pot
1172,Dobrič - Gora Oljka,50,lahka označena pot
1172,Dobrič (Vedet) - Gora Oljka (mimo Rogeljška),40,lahka označena pot
1172,Polzela - Gora Oljka (čez Vimperk),135,lahka označena pot
1172,Podvin pri Polzeli - Gora Oljka (spodnja pot),90,lahka označena pot
1172,Dobrič (Vedet) - Gora Oljka (po cesti),50,lahka neoznačena steza
1172,Podvin pri Polzeli - Gora Oljka (zgornja pot),95,lahka označena pot
1172,Dobrič (Vedet) - Gora Oljka (čez Brezovec),50,lahka označena pot
1173,Hotel Plesnik - Slap Palenk,5,lahka označena pot
1174,Grad - Stiška vas (Križev pot),45,lahka označena pot
1175,Selo pri Žirovnici - Sveti Lovrenc nad Zabreznico,30,lahka neoznačena steza
1175,Poljana (Završnica) - Sveti Lovrenc nad Zabreznico (po štengcah čez Rebr),60,lahka neoznačena steza
1175,Poljana (Završnica)  - Sveti Lovrenc nad Zabreznico (čez Mali vrh),60,lahka neoznačena steza
1176,Preddvor - Jamna peč (po pešpoti),50,lahka neoznačena steza
1176,Olševek - Jamna peč,75,lahka neoznačena steza
1176,Možjanca - Jamna peč,10,lahka neoznačena steza
1177,REKS - Rekreacijsko kulturno središče Ravne - Vrholanov vrh (Ravne pri Šoštanju) (Ravenska pot),240,lahka označena pot
1178,Lipa - Dom planincev Farbanca,105,lahka neoznačena steza
1178,Potok (Mostni graben) - Dom planincev Farbanca,50,lahka označena pot
1178,Kokarje (ŠRC Laze) - Dom planincev Farbanca,75,lahka označena pot
1179,Preddvor - Sveti Nikolaj (Možjanca) (po pešpoti),40,lahka neoznačena steza
1179,Preddvor - Sveti Nikolaj (Možjanca) (po cesti),45,lahka neoznačena steza
1179,Štefanja Gora - Sveti Nikolaj (Možjanca) (po cesti),45,lahka označena pot
1179,Olševek - Sveti Nikolaj (Možjanca),65,lahka neoznačena steza
1180,Dom v Kamniški Bistrici - Spominski park v Kamniški Bistrici,30,lahka označena pot
1181,Tržič - Sveta Neža (Brezje pri Tržiču),60,lahka označena pot
1182,Bistrica pri Tržiču - Sveti Jurij nad Tržičem (po zahodni cesti),15,lahka označena pot
1182,Bistrica pri Tržiču - Sveti Jurij nad Tržičem (po vzhodni cesti),25,lahka neoznačena steza
1182,Tržič - Sveti Jurij nad Tržičem,40,lahka označena pot
1183,Zalog pri Cerkljah - Šenturška Gora,120,lahka označena pot
1183,Planinski dom Milana Šinkovca - Šenturška Gora,135,lahka označena pot
1183,Planinski dom Milana Šinkovca - Šenturška Gora (čez Zaloški rob),135,lahka označena pot
1184,Bistrica pri Tržiču - Grad Gutenberk (Hudi grad) (zahodna pot),15,"lahka označena pot, lahka neoznačena steza"
1184,Bistrica pri Tržiču - Grad Gutenberk (Hudi grad) (vzhodna pot),25,lahka neoznačena steza
1185,Mače  - Sv. Miklavž nad Mačami,20,lahka neoznačena steza
1186,Preddvor - Novi grad (Pusti grad),40,lahka označena pot
1186,Potoče - Novi grad (Pusti grad),25,lahka označena pot
1188,Dobrič (Vedet) - Brezovec,25,lahka označena pot
1189,Iverje - Dom v Kamniški Bistrici (Koželjeva pot),165,delno zahtevna označena pot
1189,Dom v Kamniški Bistrici - Dom v Kamniški Bistrici (pot ob izviru),10,lahka označena pot
1190,Velenje (Stari trg) - Koželj,45,lahka označena pot
1190,Trebuša (plinska postaja) - Koželj,30,lahka označena pot
1191,Velenje (Stari trg) - Veliko Gradišče,60,lahka označena pot
1192,Potoče - Senčnica Josipine Turnograjske,7,lahka označena pot
1192,Preddvor - Senčnica Josipine Turnograjske,22,lahka označena pot
1193,Lopata - Planinski dom Šentjungert,90,lahka označena pot
1193,Galicija - Planinski dom Šentjungert,45,lahka označena pot
1194,Založe (Hotunjščica) - Sevčnik (Andraška pot (pri Vodostečni)),90,lahka označena pot
1195,Velenje (Stari trg) - Malo Gradišče (po planinski poti),45,lahka označena pot
1196,Velenje (Stari trg) - Sveti Jakob (Jakec) (po planinski poti),45,lahka označena pot
1197,Zadraga - Kriva jelka,60,lahka označena pot
1197,Spodnje Duplje - Kriva jelka,40,lahka neoznačena steza
1198,Ponikva pri Žalcu - Apno,30,lahka označena pot
1198,Jama Pekel (parkirišče) - Apno (krajša pot),60,lahka označena pot
1198,Jama Pekel (parkirišče) - Apno (čez Pogorišče),85,lahka označena pot
1199,Andraž nad Polzelo - Brunški vrh (Po poteh Andraža),60,lahka označena pot
1200,Sebenje - Mokrišče Blata,10,lahka neoznačena steza
1201,Sebenje - Sebenje (Pot treh zvonov),150,lahka označena pot
1202,Ponikva pri Žalcu - Malo Apno,20,lahka označena pot
1203,Črnova - Lipnik (pri Velenju) (Po poteh Vinske gore),15,lahka označena pot
1204,Brezje - Bazilika Marije Pomagaj na Brezjah (Brezjanska pot miru),135,lahka označena pot
1204,Brezje - Bazilika Marije Pomagaj na Brezjah (Rožnovenska pot),210,lahka označena pot
1205,Kamnik - Sveta Ana (Tunjice),60,lahka označena pot
1205,Lovski dom Komenda - Sveta Ana (Tunjice),100,lahka označena pot
1205,Mlaka - Sveta Ana (Tunjice),90,lahka neoznačena steza
1206,Gobovce - V Boštkú,30,lahka neoznačena steza
1206,Podbrezje (Dolenja vas) - V Boštkú,15,lahka neoznačena steza
1207,Polzela - Vinski vrh (Vimperk),40,lahka označena pot
1207,Podvin pri Polzeli - Vinski vrh (Vimperk) (po pešpoti),18,lahka označena pot
1207,Podvin pri Polzeli - Vinski vrh (Vimperk) (po cesti),15,lahka označena pot
1208,Velenje (Stari trg) - Grad Velenje (po stopnicah),15,lahka označena pot
1208,Velenje (Stari trg) - Grad Velenje (po stezi),15,lahka neoznačena steza
1208,Velenje (Stari trg) - Grad Velenje (po cesti),20,lahka označena pot
1209,Brezje - Slap Peračica,50,lahka označena pot
1209,Peračica - Slap Peračica,45,lahka označena pot
1209,Črnivec - Slap Peračica (po pešpoti),10,lahka neoznačena steza
1209,Črnivec - Slap Peračica (po cesti),20,lahka neoznačena steza
1209,Dvorska vas - Slap Peračica,70,lahka neoznačena steza
1210,Bodeški most - Šobčev bajer,25,lahka označena pot
1210,Kamna Gorica - Šobčev bajer (pot ob Savi),120,lahka označena pot
1210,Kamna Gorica - Šobčev bajer (over Pusti grad),110,lahka neoznačena steza
1210,Zgornja Dobrava - Šobčev bajer (čez Ojstri vrh in ob Savi),145,lahka neoznačena steza
1210,Zgornja Dobrava - Šobčev bajer (over Zjavka and Pusti grad),140,lahka neoznačena steza
1211,Jama Pekel (parkirišče) - Pogorišče (položna pot),25,lahka označena pot
1211,Ponikva pri Žalcu - Pogorišče (ob Ponikvici),47,lahka neoznačena steza
1211,Jama Pekel (parkirišče) - Pogorišče (strma pot),20,lahka označena pot
1212,Turistična kmetija Trnovc - Turistična kmetija Trnovc (učna pot Kriva jelka),180,lahka označena pot
1213,Žovneško jezero - Grad Žovnek,15,lahka označena pot
1213,Žovneško jezero - Grad Žovnek (po cesti),10,lahka neoznačena steza
1214,Ponikva pri Žalcu - Izvir Ponikvice,10,lahka označena pot
1214,Jama Pekel (parkirišče) - Izvir Ponikvice (krajša pot),49,lahka neoznačena steza
1215,Ribiška koča Šoštanj - Šoštanj (Trška pot okoli Šoštanja),210,lahka označena pot
1216,Jama Pekel (parkirišče) - Izvir Ločanke (krajša pot),17,lahka označena pot
1216,Ponikva pri Žalcu - Izvir Ločanke (ob Ponikvici),32,lahka neoznačena steza
1216,Jama Pekel (parkirišče) - Izvir Ločanke (čez Pogorišče),38,lahka označena pot
1217,Jama Pekel (parkirišče) - Požiralnik Ponikvice (krajša pot),17,"lahka označena pot, lahka neoznačena steza"
1217,Jama Pekel (parkirišče) - Požiralnik Ponikvice (čez Pogorišče),40,"lahka označena pot, lahka neoznačena steza"
1217,Ponikva pri Žalcu - Požiralnik Ponikvice,30,lahka neoznačena steza
1218,Komenda - Planinski dom Milana Šinkovca,15,lahka označena pot
1219,Jama Pekel (parkirišče) - Jama Pekel (Gozdna in geološka učna pot),40,lahka označena pot
1219,Jama Pekel (parkirišče) - Jama Pekel,5,lahka označena pot
1220,Valvasorjev dom pod Stolom - Stol (Žirovniška pot),180,lahka označena pot
1220,Valvasorjev dom pod Stolom - Stol (Zabreška pot),200,lahka označena pot
1220,Trate / Johannsenruhe - Stol (plezalna pot),200,zelo zahtevna označena pot
1220,Ljubelj - Stol (zgornja pot),290,delno zahtevna označena pot
1220,Ljubelj - Stol (spodnja pot),290,lahka označena pot
1220,Trate /  Johannsenruhe - Stol (mimo Celovške koče),225,delno zahtevna označena pot
1220,Poljana (Završnica) - Stol (Žirovniška pot),260,lahka označena pot
1220,Tinčkova koča - Stol (čez Zagon),225,lahka neoznačena steza
1220,Tinčkova koča - Stol (čez Smuško planino),255,lahka označena pot
1220,Dom Trilobit - Stol (čez Rido (Medji dol)),270,lahka označena pot
1220,Razpotje Vragovec - Stol (čez Zabreško planino),180,lahka označena pot
1220,Podnar / Bodenbauer - Stol,270,zahtevna označena pot
1220,Urbas - Stol,195,lahka neoznačena steza
1220,Vgriz / Ogris - Stol,270,zahtevna označena pot
1220,Poljana (Završnica) - Stol (Zabreška pot),280,lahka označena pot
1220,Ljubelj - Stol (mimo Vatelce oz. Sklede),300,delno zahtevna označena pot
1220,Podnar / Bodenbauer - Stol (čez melišče),240,"lahko brezpotje, lahka označena pot"
1220,Podnar / Bodenbauer - Stol (čez Karweg),255,"lahka neoznačena steza, delno zahtevna označena pot"
1220,Tinčkova koča - Stol (mimo lovske koče nad Doslovško planino),220,lahka neoznačena steza
1220,Razpotje Vragovec - Stol (čez Doslovško planino in mimo lovske koče),190,lahka neoznačena steza
1221,Ljubelj - Vrtača,210,delno zahtevna označena pot
1221,Ljubelj - Vrtača (vzhodni žleb Y),195,zelo zahtevno brezpotje
1221,Tinčkova koča - Vrtača (čez Smuško planino in sedlo Šija),210,delno zahtevna označena pot
1221,Tinčkova koča - Vrtača (čez Malo glavo),180,zahtevno brezpotje
1221,Tinčkova koča  - Vrtača (po SV grebenu),240,alpinistični vzpon
1221,Tinčkova koča - Vrtača (skozi Zagon),210,"lahka neoznačena steza, delno zahtevna označena pot"
1221,Podnar / Bodenbauer - Vrtača (čez melišče),250,"lahko brezpotje, delno zahtevna označena pot"
1221,Podnar / Bodenbauer - Vrtača,285,zahtevna označena pot
1221,Trate / Johannsenruhe - Vrtača,240,delno zahtevna označena pot
1221,Vgriz / Ogris - Vrtača,285,zahtevna označena pot
1221,Podnar / Bodenbauer - Vrtača (čez Karweg),270,"lahka neoznačena steza, delno zahtevna označena pot"
1221,Tinčkova koča - Vrtača (čez smokuško planino in po melišču),210,"lahka neoznačena steza, delno zahtevna označena pot"
1222,Valvasorjev dom - Prešernova koča na Stolu (Žirovniška pot),165,lahka označena pot
1222,Valvasorjev dom - Prešernova koča na Stolu (Zabreška pot),185,lahka označena pot
1222,Ljubelj - Prešernova koča na Stolu (zgornja pot),285,delno zahtevna označena pot
1222,Poljana (Završnica) - Prešernova koča na Stolu (Žirovniška pot),245,lahka označena pot
1222,Ljubelj - Prešernova koča na Stolu (mimo Vatelce oz. Sklede),295,delno zahtevna označena pot
1222,Poljana (Završnica) - Prešernova koča na Stolu (Zabreška pot),265,lahka označena pot
1222,Podnar / Bodenbauer - Prešernova koča na Stolu (čez melišče),235,"lahko brezpotje, lahka označena pot"
1222,Razpotje Vragovec - Prešernova koča na Stolu (čez Zabreško planino),165,lahka označena pot
1222,Podnar / Bodenbauer - Prešernova koča na Stolu (čez Karweg),250,"lahka neoznačena steza, delno zahtevna označena pot"
1222,Trate / Johannsenruhe - Prešernova koča na Stolu (mimo Celovške koče),220,delno zahtevna označena pot
1222,Podnar / Bodenbauer - Prešernova koča na Stolu,265,zahtevna označena pot
1222,Vgriz / Ogris - Prešernova koča na Stolu,265,zahtevna označena pot
1222,Tinčkova koča - Prešernova koča na Stolu (mimo lovske koče nad Doslovško planino),205,lahka neoznačena steza
1222,Razpotje Vragovec - Prešernova koča na Stolu (čez Doslovško planino in mimo lovske koče),175,lahka neoznačena steza
1223,Belca - Kepa,255,zahtevna označena pot
1223,Erjavčev rovt - Kepa,230,zahtevna označena pot
1223,Ravne - Kepa,255,zahtevna označena pot
1223,Spodnje Rute / Untergreuth - Kepa (pot čez severovzhodni greben),240,zelo zahtevna neoznačena steza
1223,Šetinov rovt - Kepa (čez Kurjeke),240,zahtevna neoznačena steza
1223,Iličev rovt / Illitsch Rauth - Kepa (pot 680),180,zahtevna označena pot
1223,Spodnje Rute / Untergreuth - Kepa (pot št. 680),240,zahtevna označena pot
1223,Podrožca / Rosenbach - Kepa,310,zahtevna označena pot
1223,Čemernica / Tschemernitzen - Kepa,305,zahtevna označena pot
1224,Kapelška koča / Eisenkappler Hütte - Ojstrc / Hochobir,95,lahka označena pot
1224,Šajda / Schaidasattel - Ojstrc / Hochobir,180,lahka označena pot
1224,Kurnikovo sedlo - Ojstrc / Hochobir (peš pot),185,lahka označena pot
1224,Suha / Zauchen - Ojstrc / Hochobir (skozi Božičev graben),305,delno zahtevna označena pot
1224,Suha / Zauchen - Ojstrc / Hochobir (skozi Kunetov graben),305,lahka označena pot
1224,Podkanja vas / Wildenstein - Ojstrc / Hochobir,300,lahka označena pot
1225,Pod Krnico - Košutnikov turn (zahodna pot),135,zahtevna označena pot
1225,Koča pod Košuto - Košutnikov turn (čez Cjajnik),270,izjemno zahtevna označena pot
1225,Pod Krnico - Košutnikov turn (vzhodna pot),150,zahtevna označena pot
1225,Koča pod Košuto - Košutnikov turn (ÖTK Steig Neu),165,zelo zahtevna označena pot
1225,Sele pri Cerkvi / Zell - Pfarre - Košutnikov turn (ÖTK Steig Neu),240,zelo zahtevna označena pot
1225,Sele pri Cerkvi / Zell - Pfarre - Košutnikov turn (čez Cjajnik),345,izjemno zahtevna označena pot
1225,Ridovc / Ridovcsäge - Košutnikov turn (ob Mrzlem potoku in čez Cjajnik),355,izjemno zahtevna označena pot
1225,Ridovc / Ridovcsäge - Košutnikov turn (ob Mrzlem potoku in po ÖTK Steig Neu),250,zelo zahtevna označena pot
1226,Jakobe - Kordeževa glava (Peca) (lahka pot),135,lahka označena pot
1226,Jakobe - Kordeževa glava (Peca) (plezalna pot),135,zelo zahtevna označena pot
1226,Rudnik v Topli - Kordeževa glava (Peca) (mimo Doma na Peci - lahka pot),210,lahka označena pot
1226,Rudnik v Topli - Kordeževa glava (Peca) (čez Knipsovo sedlo),165,lahka neoznačena steza
1226,Podpeca (Mitnek) - Kordeževa glava (Peca) (lahka pot),255,lahka označena pot
1226,Podkraj / Unterort - Kordeževa glava (Peca) (Walter Mory Klettersteig),320,zelo zahtevna označena pot
1226,Panoramska restavracija Oben - Kordeževa glava (Peca),125,lahka označena pot
1226,Rudnik v Topli - Kordeževa glava (Peca) (mimo Doma na Peci - plezalna pot),210,zelo zahtevna označena pot
1226,Pod Peco/Koprein Petzen - Kordeževa glava (Peca),240,lahka označena pot
1226,Podpeca (Mitnek) - Kordeževa glava (Peca) (plezalna pot),255,zelo zahtevna označena pot
1226,Koprivna (Kumer) - Kordeževa glava (Peca),205,lahka označena pot
1226,Pod Peco / Koprein-Petzen - Kordeževa glava (Peca) (slovenska pot),230,lahka označena pot
1226,Mežica - Kordeževa glava (Peca) (lahka pot),300,lahka označena pot
1226,Podkraj / Unterort - Kordeževa glava (Peca),305,lahka označena pot
1226,Globasnica / Globasnitz - Kordeževa glava (Peca),390,lahka označena pot
1226,Mežica - Kordeževa glava (Peca) (plezalna pot),300,zelo zahtevna označena pot
1226,Topla (Burjak) - Kordeževa glava (Peca) (čez Malo Peco in po lahki poti),240,lahka označena pot
1226,Koča na Pikovem - Kordeževa glava (Peca) (čez preval Vrh šteng in po plezalni poti),225,zelo zahtevna označena pot
1226,Koča na Pikovem - Kordeževa glava (Peca) (čez preval Vrh šteng in po lahki poti),255,lahka označena pot
1226,Topla (Burjak) - Kordeževa glava (Peca) (čez Malo Peco in po plezalni poti),240,zelo zahtevna označena pot
1226,Podpeca (Helenski potok) - Kordeževa glava (Peca) (čez Mirjance in po lahki poti),280,lahka označena pot
1226,Panoramska restavracija Oben - Kordeževa glava (Peca) (mimo stare koče),125,lahka označena pot
1226,Podpeca (Helenski potok) - Kordeževa glava (Peca) (čez Mirjance in po plezalni poti),280,zelo zahtevna označena pot
1227,Pod Peco / Koprein-Petzen - Bistriška špica (Peca) / Feistritzer Spitze (Petzen),150,lahka označena pot
1227,Jakobe - Bistriška špica (Peca) / Feistritzer Spitze (Petzen) (plezalna pot),225,zelo zahtevna označena pot
1227,Panoramska restavracija Oben - Bistriška špica (Peca) / Feistritzer Spitze (Petzen),125,lahka označena pot
1227,Koprivna (Kumer) - Bistriška špica (Peca) / Feistritzer Spitze (Petzen) (avstrijska pot),175,lahka označena pot
1227,Koprivna (Kumer) - Bistriška špica (Peca) / Feistritzer Spitze (Petzen) (slovenska pot),220,lahka označena pot
1227,Jakobe - Bistriška špica (Peca) / Feistritzer Spitze (Petzen) (lahka pot),225,lahka označena pot
1227,Podkraj / Unterort - Bistriška špica (Peca) / Feistritzer Spitze (Petzen),285,lahka označena pot
1227,Globasnica / Globasnitz - Bistriška špica (Peca) / Feistritzer Spitze (Petzen),300,lahka označena pot
1227,Rudnik v Topli - Bistriška špica (Peca) / Feistritzer Spitze (Petzen),210,lahka neoznačena steza
1227,Panoramska restavracija Oben - Bistriška špica (Peca) / Feistritzer Spitze (Petzen) (mimo stare koče),120,lahka označena pot
1227,Podkraj / Unterort - Bistriška špica (Peca) / Feistritzer Spitze (Petzen) (po poti št. P7),330,lahka označena pot
1228,Panoramska restavracija Oben - Končnikov vrh (Peca),80,lahka označena pot
1228,Podkraj / Unterort - Končnikov vrh (Peca) (Walter Mory Klettersteig),245,zelo zahtevna označena pot
1228,Pod Peco/Koprein Petzen - Končnikov vrh (Peca),195,lahka označena pot
1228,Jakobe - Končnikov vrh (Peca) (lahka pot),165,lahka označena pot
1228,Koprivna (Kumer) - Končnikov vrh (Peca) (slovenska pot),175,lahka označena pot
1228,Jakobe - Končnikov vrh (Peca) (plezalna pot),165,zelo zahtevna označena pot
1228,Rudnik v Topli - Končnikov vrh (Peca),150,lahka neoznačena steza
1228,Podkraj / Unterort - Končnikov vrh (Peca),260,lahka označena pot
1228,Pod Peco/Koprein-Petzen - Končnikov vrh (Peca) (slovenska pot),195,lahka označena pot
1228,Globasnica / Globasnitz - Končnikov vrh (Peca),345,lahka označena pot
1228,Panoramska restavracija Oben - Končnikov vrh (Peca) (mimo stare koče),75,lahka označena pot
1229,Panoramska restavracija Oben - Križnik (Peca) (mimo stare koče),95,"lahka označena pot, lahko brezpotje"
1229,Koprivna (Kumer) - Križnik (Peca) (slovenska pot),195,lahka označena pot
1229,Panoramska restavracija Oben - Križnik (Peca),100,lahka označena pot
1229,Pod Peco / Koprein-Petzen - Križnik (Peca),180,lahka označena pot
1229,Koprivna (Kumer) - Križnik (Peca) (avstrijska pot),205,"lahka označena pot, lahko brezpotje"
1230,Urbas - Vajnež,145,lahka neoznačena steza
1230,Valvasorjev dom pod Stolom - Vajnež,210,lahka neoznačena steza
1230,Dom Trilobit - Vajnež (po Skalaški poti in čez Mali Vrh),240,zelo zahtevna neoznačena steza
1230,Dom Trilobit - Vajnež (čez Rido),240,lahka neoznačena steza
1230,Olipova planina - Vajnež (čez Hrašensko planino),170,lahka neoznačena steza
1231,Ljubelj - Celovška špica (zgornja pot),260,"delno zahtevna označena pot, zahtevno brezpotje"
1231,Ljubelj - Celovška špica (mimo Vatelce oz. Sklede),270,zahtevno brezpotje
1232,Matizovec - Veliko Kladivo,200,delno zahtevna označena pot
1232,Mrzli studenec - Veliko Kladivo,135,delno zahtevna označena pot
1232,Zavetišče na planini Šija - Veliko Kladivo (direktna pot),90,lahka neoznačena steza
1232,Planina Pungrat - Veliko Kladivo,135,zahtevna označena pot
1232,Zavetišče na planini Šija - Veliko Kladivo (Kačja pot),120,"lahka neoznačena steza, delno zahtevna označena pot"
1232,Globoka dolina - Veliko Kladivo,180,delno zahtevna označena pot
1232,Dolina - Veliko Kladivo,210,delno zahtevna označena pot
1232,Dolina - Veliko Kladivo (mimo kapelice),210,delno zahtevna označena pot
1233,Matizovec - Veliki vrh (Košuta),200,lahka označena pot
1233,Mrzli studenec - Veliki vrh (Košuta),135,lahka označena pot
1233,Vranček - Veliki vrh (Košuta) (plezalna pot),190,zelo zahtevna označena pot
1233,Zavetišče na planini Šija - Veliki vrh (Košuta) (Kačja pot),120,lahka neoznačena steza
1233,Globoka dolina - Veliki vrh (Košuta),180,lahka označena pot
1233,Podljubelj - Veliki vrh (Košuta) (mimo Matizovca),255,lahka označena pot
1233,Ljubelj - Veliki vrh (Košuta) (mimo Koče na Ljubelju),230,zelo zahtevna označena pot
1233,Bučan - Veliki vrh (Košuta),230,zelo zahtevna označena pot
1233,Sele-Zvrhnji Kot (Male) / Zell-Oberwinkel (Male) - Veliki vrh (Košuta),275,zelo zahtevna označena pot
1234,Belca - Dovška Mala Kepa,315,zahtevna neoznačena steza
1235,Rudnik v Topli - Velika glava (Peca),150,lahka neoznačena steza
1235,Koprivna (Kumer) - Velika glava (Peca) (čez Knipsovo sedlo),190,lahka neoznačena steza
1235,Panoramska restavracija Oben - Velika glava (Peca),55,lahka neoznačena steza
1236,Pod Peco / Koprein Petzen - Veška kopa (Peca) / Wackendorfer Spitze (Petzen),150,lahka označena pot
1236,Podkraj / Unterort - Veška kopa (Peca) / Wackendorfer Spitze (Petzen),300,lahka označena pot
1236,Globasnica / Globasnitz - Veška kopa (Peca) / Wackendorfer Spitze (Petzen),275,lahka označena pot
1236,Koprivna (Kumer) - Veška kopa (Peca) / Wackendorfer Spitze (Petzen),175,lahka označena pot
1236,Podkraj / Unterort - Veška kopa (Peca) / Wackendorfer Spitze (Petzen) (po poti št. P7),305,lahka označena pot
1237,Ljubelj - Begunjščica (čez Preval-o),210,"delno zahtevna neoznačena pot, delno zahtevna označena pot"
1237,Tomčeva koča na Poljški planini - Begunjščica,170,lahka označena pot
1237,Ljubelj - Begunjščica (čez Zelenico),230,delno zahtevna označena pot
1237,Dom v Dragi - Begunjščica (mimo Roblekovega doma),260,lahka označena pot
1237,Dom v Dragi - Begunjščica (čez Preval-o),210,delno zahtevna označena pot
1237,"Ljubelj - Begunjščica (čez Šentanski plaz, snežni pristop)",165,zahtevno brezpotje
1237,Tinčkova koča - Begunjščica,195,delno zahtevna označena pot
1237,"Ljubelj - Begunjščica (skozi Osrednjo grapo, snežni pristop)",165,zelo zahtevno brezpotje
1237,"Ljubelj - Begunjščica (skozi Y, snežni pristop)",150,zelo zahtevno brezpotje
1237,Ljubelj - Begunjščica (Zeleniška smer),150,alpinistični vzpon
1237,Podljubelj (Lajb) - Begunjščica,210,delno zahtevna označena pot
1237,Ljubelj - Begunjščica (skozi Frelihov žleb),150,alpinistični vzpon
1237,Na jezercih - Begunjščica,210,"lahka neoznačena steza, lahka označena pot"
1237,Tinčkova koča - Begunjščica (čez Poljško planino),230,delno zahtevna označena pot
1238,Pod Krnico - Tolsta Košuta - Vzhodni vrh,125,delno zahtevna neoznačena pot
1239,Pod Krnico - Tolsta Košuta - Zahodni vrh,140,delno zahtevna neoznačena pot
1240,Mrzli studenec - Malo Kladivo,120,delno zahtevna označena pot
1240,Matizovec - Malo Kladivo,185,delno zahtevna označena pot
1240,Zavetišče na planini Šija - Malo Kladivo (Kačja pot),105,"lahka neoznačena steza, delno zahtevna označena pot"
1241,Erjavčev rovt - Gubno,155,"delno zahtevna označena pot, lahka neoznačena steza"
1241,Ravne - Gubno,180,"delno zahtevna označena pot, lahka neoznačena steza"
1241,Zapornica (Belca) - Gubno,300,"zahtevna označena pot, lahka neoznačena steza"
1242,Ljubelj - Palec,180,zahtevna neoznačena steza
1242,Tinčkova koča - Palec,180,zahtevna neoznačena steza
1242,Tinčkova koča - Palec (skozi Zagon),210,zahtevna neoznačena steza
1243,Tegoška planina - Pungartska gora,90,lahko brezpotje
1244,Trate /  Johannsenruhe - Ovčji vrh (Kozjak) / Geissberg (Kosiak) (jugozahodna pot),150,lahka označena pot
1244,Podnar / Bodenbauer - Ovčji vrh (Kozjak) / Geissberg (Kosiak) (mimo Celovške koče),195,zahtevna označena pot
1244,Podnar / Bodenbauer - Ovčji vrh (Kozjak) / Geissberg (Kosiak) (direktna pot),180,zahtevna označena pot
1244,Podnar / Bodenbauer - Ovčji vrh (Kozjak) / Geissberg (Kosiak) (čez Karweg in jugozahodna pot),180,lahka neoznačena steza
1244,Vgriz / Ogris - Ovčji vrh (Kozjak) / Geissberg (Kosiak) (direktna pot),180,zahtevna označena pot
1244,Vgriz / Ogris - Ovčji vrh (Kozjak) / Geissberg (Kosiak) (mimo Celovške koče),195,zahtevna označena pot
1244,Trate / Johannsenruhe - Ovčji vrh (Kozjak) / Geissberg (Kosiak) (jugovzhodna pot),155,lahka označena pot
1244,Podnar / Bodenbauer - Ovčji vrh (Kozjak) / Geissberg (Kosiak) (čez Karweg in jugovzhodna pot),165,lahka neoznačena steza
1245,Ljubelj - Zelenjak,175,zelo zahtevna neoznačena steza
1245,Tinčkova koča - Zelenjak,175,zelo zahtevna neoznačena steza
1245,Tinčkova koča - Zelenjak (skozi Zagon),205,zelo zahtevna neoznačena steza
1246,Dom Trilobit - Mali vrh (čez Rido),195,lahko brezpotje
1247,Šajda / Schaidasattel - Kravji vrh / Kuhberg (čez Obirsko sedlo),165,lahka neoznačena steza
1247,Šajda / Schaidasattel - Kravji vrh / Kuhberg (strma pot),150,lahka neoznačena steza
1248,Urbas - Potoški Stol,135,lahka neoznačena steza
1248,Valvasorjev dom pod Stolom - Potoški Stol,185,lahka označena pot
1248,Dom Trilobit - Potoški Stol (čez Rido),240,lahka označena pot
1248,Olipova planina - Potoški Stol,160,lahka neoznačena steza
1248,Poljana (Završnica) - Potoški Stol (Žirovniška pot),265,lahka označena pot
1249,Matizovec - Toplar,185,lahko brezpotje
1249,Mrzli studenec - Toplar,120,lahko brezpotje
1249,Zavetišče na planini Šija - Toplar (Kačja pot),105,lahko brezpotje
1250,Panoramska restavracija Oben - Alte Bleiburger Hütte,55,lahka označena pot
1251,Ljubelj - Begunjska Vrtača (Lenuhova grapa),145,alpinistični vzpon
1251,Ljubelj - Begunjska Vrtača (čez Preval-o),185,lahko brezpotje
1251,Dom v Dragi - Begunjska Vrtača,185,"delno zahtevna označena pot, lahko brezpotje"
1251,Podljubelj (Lajb) - Begunjska Vrtača,185,lahko brezpotje
1252,Ljubelj - Košutica (mimo koče na Ljubelju),165,zahtevna označena pot
1252,Vranček - Košutica (zahodna pot),170,delno zahtevna označena pot
1252,Koncentracijsko taborišče - Košutica (lovska pot),160,"lahka neoznačena steza, delno zahtevna označena pot"
1252,Vranček - Košutica (vzhodna pot),170,zahtevna neoznačena steza
1252,Koncentracijsko taborišče - Košutica (pot Gerharda Orascha),180,zelo zahtevna neoznačena steza
1252,Bučan - Košutica,165,zahtevna označena pot
1252,Sele-Zvrhnji Kot (Male) / Zell-Oberwinkel (Male) - Košutica (čez Hajnževo sedlo),255,zahtevna označena pot
1252,Sele-Zvrhnji Kot (Male) / Zell-Oberwinkel (Male) - Košutica (čez Dovjakovo sedlo),285,delno zahtevna označena pot
1253,Matizovec - Kofce gora,155,delno zahtevna označena pot
1253,Mrzli studenec - Kofce gora,90,delno zahtevna označena pot
1253,Zavetišče na planini Šija - Kofce gora (Kačja pot),75,"lahka neoznačena steza, delno zahtevna označena pot"
1253,Globoka dolina - Kofce gora,135,delno zahtevna označena pot
1253,Dolina - Kofce gora,165,delno zahtevna označena pot
1253,Dolina - Kofce gora (mimo kapelice),170,delno zahtevna označena pot
1254,Koča pod Košuto - Cjajnik / Lärchenturm,180,izjemno zahtevna označena pot
1254,Sele pri Cerkvi / Zell - Pfarre - Cjajnik / Lärchenturm,255,izjemno zahtevna označena pot
1254,Ridovc / Ridovcsäge - Cjajnik / Lärchenturm (ob Mrzlem potoku in čez Cjajnik),265,izjemno zahtevna označena pot
1255,Tinčkova koča - Svačica (čez Smokuško planino),210,delno zahtevna označena pot
1255,Tinčkova koča - Svačica (čez Zagon),165,"lahka neoznačena steza, delno zahtevna označena pot"
1255,Ljubelj - Svačica (zgornja pot),260,delno zahtevna označena pot
1255,Trate /  Johannsenruhe - Svačica,150,delno zahtevna označena pot
1255,Podnar / Bodenbauer - Svačica,195,zahtevna označena pot
1255,Ljubelj - Svačica (mimo Vatelce oz. Sklede),240,delno zahtevna označena pot
1255,Vgriz / Ogris - Svačica,195,zahtevna označena pot
1255,Podnar / Bodenbauer - Svačica (čez melišče),165,"lahko brezpotje, delno zahtevna označena pot"
1255,Podnar / Bodenbauer - Svačica (čez Karweg),180,delno zahtevna označena pot
1256,Dom Trilobit - Struška,180,lahka označena pot
1256,Križovec - Struška (čez Sedlo Kočna),150,lahka neoznačena steza
1256,Križovec - Struška (po cesti),135,lahka neoznačena steza
1256,Dom Pristava v Javorniškem Rovtu - Struška (čez Dobravske rovte),150,lahka neoznačena steza
1256,Planina pod Golico (Betel) - Struška,180,lahka neoznačena steza
1256,Dom Pristava v Javorniškem Rovtu - Struška (čez Sedlo Kočna),195,lahka neoznačena steza
1256,Rute (Zavrh) / Bärental - Struška (čez Medvedjak),165,lahka označena pot
1256,Dom Pristava v Javorniškem Rovtu - Struška (po cesti),180,lahka neoznačena steza
1257,Srednji vrh - Trupejevo poldne (čez Železnico),150,lahka neoznačena steza
1257,Železnica - Trupejevo poldne,75,lahka neoznačena steza
1257,Srednji vrh - Trupejevo poldne (čez Grajšco),240,lahka neoznačena steza
1257,Srednji Vrh - Trupejevo poldne (po dolini potoka Žlebnica),165,lahka neoznačena steza
1257,Zapornica (Belca) - Trupejevo poldne (po cesti),240,lahka neoznačena steza
1257,Srednji Vrh - Trupejevo poldne (čez Blekovo planino),190,zahtevna neoznačena steza
1257,Grpiče / Korpitch - Trupejevo poldne (čez Blekovo planino),275,zahtevna neoznačena steza
1257,Žužalče / Susalitch - Trupejevo poldne (čez Blekovo planino),275,zahtevna neoznačena steza
1258,Podolševa (Rogar) - Govca (Olševa) (direktna pot),130,zahtevna označena pot
1258,Zadnji travnik - Govca (Olševa),105,lahka označena pot
1258,Spodnje Sleme - Govca (Olševa),180,lahka označena pot
1258,Gostišče Firšt - Govca (Olševa),225,delno zahtevna označena pot
1258,"Podolševa (Sveti Duh, Strevc) - Govca (Olševa) (čez Obel kamen)",150,zahtevna označena pot
1258,"Podolševa (Sveti Duh, Strevc) - Govca (Olševa)",135,zahtevna označena pot
1258,Podolševa (Rogar) - Govca (Olševa) (čez Obel kamen),145,zahtevna označena pot
1258,Planinski dom na kmetiji Kumer - Govca (Olševa),225,lahka označena pot
1258,Zadnji travnik - Govca (Olševa) (lovska pot),105,lahka neoznačena steza
1258,Pod Peco / Koprein-Petzen - Govca (Olševa) (mimo Kumra),270,lahka označena pot
1258,Pod Peco (Koželj) / Koprein-Petzen (Koschiel) - Govca (Olševa) (čez Zadnji travnik),285,"lahka označena pot, lahka neoznačena steza"
1258,Koprivna (Šumel) - Govca (Olševa) (mimo Haderlapa in čez Spodnje Sleme),270,"lahka neoznačena steza, lahka označena pot"
1258,Koprivna (Šumel) - Govca (Olševa) (mimo sv. Jakoba),255,"lahka neoznačena steza, lahka označena pot"
1258,Koprivna (Šumel) - Govca (Olševa) (mimo domačije Janšek),265,"lahka neoznačena steza, lahka označena pot"
1259,Srednji Vrh - Bele peči (Lepi vrh) (čez Železnico),150,lahka neoznačena steza
1259,Srednji Vrh - Bele peči (Lepi vrh) (po dolini potoka Žlebnica),165,lahka neoznačena steza
1260,Sele / Zell-Pharre - Setiče/Freiberg,150,lahka označena pot
1261,Ljubelj - Srednja peč (spodnja pot),245,"lahka označena pot, zahtevno brezpotje"
1261,Ljubelj - Srednja peč (zgornja pot),245,"delno zahtevna označena pot, zahtevno brezpotje"
1261,Ljubelj - Srednja peč (mimo Vatelce oz. Sklede),255,"delno zahtevna označena pot, zahtevno brezpotje"
1261,Trate / Johannsenruhe - Srednja peč (mimo Celovške koče),180,"delno zahtevna označena pot, zahtevno brezpotje"
1261,Podnar / Bodenbauer - Srednja peč,225,"zahtevna označena pot, zahtevno brezpotje"
1262,Ljubelj - Žleb (Suho ruševje),160,lahka neoznačena steza
1263,"Podolševa (Sveti Duh, Strevc) - Obel kamen (Olševa) (zahodna pot)",120,zahtevna označena pot
1263,Podolševa (Rogar) - Obel kamen (Olševa) (zahodna pot),115,zahtevna označena pot
1263,Zadnji travnik - Obel kamen (Olševa),135,lahka označena pot
1263,"Podolševa (Sveti Duh, Strevc) - Obel kamen (Olševa) (vzhodna pot)",135,zahtevna označena pot
1263,Podolševa (Rogar) - Obel kamen (Olševa) (vzhodna pot),130,zahtevna označena pot
1263,Spodnje Sleme - Obel kamen (Olševa),210,zahtevna označena pot
1264,Ravne - Dovška Baba (peš pot),105,lahka označena pot
1264,Dovje - Dovška Baba,180,lahka označena pot
1264,Ravne - Dovška Baba (po cesti),110,lahka označena pot
1264,Erjavčev rovt - Dovška Baba (direktna pot),135,lahka neoznačena steza
1264,Erjavčev rovt - Dovška Baba (čez Brvog),165,lahka označena pot
1264,Rogarjev rovt - Dovška Baba (čez Rožco in Hruški vrh),150,lahka neoznačena steza
1264,Dovje - Dovška Baba (čez Blažčevo skalo),195,lahka neoznačena steza
1264,Podrožca / Rosenbach - Dovška Baba (čez Hruški vrh),280,lahka neoznačena steza
1264,Podrožca / Rosenbach - Dovška Baba (čez Koprivnjak),270,lahka neoznačena steza
1265,Planina Pungrat - Škrbina,70,lahka označena pot
1266,Srednji Vrh - Murnovc (čez Grajšco),180,"lahka neoznačena steza, lahko brezpotje"
1267,Olipova planina - Kamnitnik,105,"lahka neoznačena steza, lahko brezpotje"
1267,Dom Trilobit - Kamnitnik (Za Kraševcem),165,"lahka neoznačena steza, lahko brezpotje"
1268,Dajčpeter / Deutcher Peter - Grlovec / Ferlacher Horn,180,lahka označena pot
1268,Franc / Franzbauer - Grlovec / Ferlacher Horn,135,lahka označena pot
1268,Bajdiše / Waidisch - Grlovec / Ferlacher Horn,215,lahka označena pot
1268,Borovlje / Ferlach - Grlovec / Ferlacher Horn,255,delno zahtevna označena pot
1268,Ljubelj - Grlovec / Ferlacher Horn (preko sedla Oselca),345,"lahka neoznačena steza, lahka označena pot"
1268,Bučan - Grlovec / Ferlacher Horn (preko sedla Oselca),320,"lahka neoznačena steza, lahka označena pot"
1269,Srednji Vrh - Kresišče (čez Grajšco),170,lahka neoznačena steza
1269,Baumgartnerhof - Kresišče (plezalna pot),195,zelo zahtevna označena pot
1269,Zapornica (Belca) - Kresišče (po cesti),180,lahka neoznačena steza
1269,Baumgartnerhof - Kresišče,180,lahka označena pot
1270,Planina pod Golico (Betel) - Golica,140,lahka označena pot
1270,Križovec - Golica (mimo Koče na Golici),130,lahka označena pot
1270,Planina pod Golico (Betel) - Golica (čez sedlo Suha),170,lahka označena pot
1270,Križovec - Golica (po grebenu),125,lahka neoznačena steza
1270,Planina pod Golico (Betel) - Golica (zimska pot),140,delno zahtevna označena pot
1270,Dom Pristava v Javorniškem Rovtu - Golica (mimo Koče na Golici),175,lahka označena pot
1270,Dom Pristava v Javorniškem Rovtu - Golica (po grebenu),170,lahka neoznačena steza
1270,Planina pod Golico - Golica (mimo ovčarske koče - vzhodna pot),170,lahka neoznačena steza
1270,Planina pod Golico - Golica (mimo ovčarske koče - zahodna pot),180,delno zahtevna neoznačena pot
1270,Podrožca / Rosenbach - Golica (skozi Medji dol),225,delno zahtevna označena pot
1270,Podrožca / Rosenbach - Golica (čez planino Kladje),215,delno zahtevna označena pot
1270,Tale / Tallach - Golica (čez planino Kladje),230,delno zahtevna označena pot
1271,Štenge - Visoki vrh (mimo Vretovega vrha),180,zahtevno brezpotje
1271,Zapornica (Belca) - Visoki vrh (po cesti),175,lahka neoznačena steza
1271,Zapornica (Belca) - Visoki vrh (čez Bašinov breg),160,lahka neoznačena steza
1272,Kapelška koča / Eisenkappler Hütte - Kraguljše,45,lahka označena pot
1272,Podkanja vas / Wildenstein - Kraguljše,250,lahka označena pot
1273,Srednji Vrh - Maloško poldne / Mallestiger Mittagskogel,175,lahka neoznačena steza
1273,Baumgartnerhof - Maloško poldne / Mallestiger Mittagskogel (plezalna pot),180,zelo zahtevna označena pot
1273,Baumgartnerhof - Maloško poldne / Mallestiger Mittagskogel,165,lahka označena pot
1273,Zapornica (Belca) - Maloško poldne / Mallestiger Mittagskogel (po cesti),190,lahka neoznačena steza
1274,Zapornica (Belca) - Mojstrovica,140,lahka neoznačena steza
1274,Zapornica (Belca) - Mojstrovica (čez Bašinov breg),130,lahko brezpotje
1275,Koncentracijsko taborišče - Lokovnikov Grintovec / Grintoutz,160,"lahka neoznačena steza, delno zahtevna označena pot"
1275,Ljubelj - Lokovnikov Grintovec / Grintoutz (mimo Koče na Ljubelju),165,zahtevna označena pot
1275,Vranček - Lokovnikov Grintovec / Grintoutz,170,delno zahtevna označena pot
1275,Bučan - Lokovnikov Grintovec / Grintoutz,165,zahtevna označena pot
1275,Sele-Zvrhnji Kot (Male) / Zell-Oberwinkel (Male) - Lokovnikov Grintovec / Grintoutz,240,delno zahtevna označena pot
1276,Pod Krnico - Plešivec,80,lahka neoznačena steza
1276,Smrečje - Plešivec (po cesti),210,lahka neoznačena steza
1276,Jezerski vrh - Plešivec,210,lahka neoznačena steza
1277,Baumgartnerhof - Ostra peč / Mallestiger Mittagskogel (plezalna pot),195,zelo zahtevna označena pot
1277,Srednji vrh - Ostra peč / Mallestiger Mittagskogel (Čez Grajšco),190,lahka neoznačena steza
1277,Baumgartnerhof - Ostra peč / Mallestiger Mittagskogel,195,lahka označena pot
1277,Zapornica (Belca) - Ostra peč / Mallestiger Mittagskogel (po cesti),205,lahka neoznačena steza
1278,Ljubelj - Srednji vrh (nad Završnico) (mimo izvira Završnice),160,lahka označena pot
1278,Tinčkova koča - Srednji vrh (nad Završnico) (čez Smokuško planino),120,lahka označena pot
1278,Ljubelj - Srednji vrh (nad Završnico) (po pobočju Vrtače),180,lahka označena pot
1278,Tinčkova koča - Srednji vrh (nad Završnico) (skozi Zagon),120,lahka neoznačena steza
1279,Poden / Bodental - Rjavca / Rjautza,150,delno zahtevna označena pot
1279,Pamž / Pamschbauer - Rjavca / Rjautza (čez Sveto peč),195,"lahko brezpotje, delno zahtevna označena pot"
1280,Ljubelj - Na Možeh,135,zahtevno brezpotje
1281,Planina pod Golico (Betel) - Krvavka,135,lahko brezpotje
1282,Planina pod Golico - Hruški vrh,150,lahka označena pot
1282,Ravne - Hruški vrh (direktna pot),120,lahka označena pot
1282,Rogarjev rovt - Hruški vrh (čez Hruško planino),95,lahka neoznačena steza
1282,Ravne - Hruški vrh (čez Dovško Babo),145,lahka neoznačena steza
1282,Martinčev Rovt - Hruški vrh,105,lahka neoznačena steza
1282,Hrušica - Hruški vrh (čez Češnjevec in Hruško planino),180,lahka neoznačena steza
1282,Rogarjev rovt - Hruški vrh (čez Rožco),100,lahka neoznačena steza
1282,Podrožca / Rosenbach - Hruški vrh,230,lahka označena pot
1282,Podrožca / Rosenbach - Hruški vrh (čez Koprivnjak),240,lahka označena pot
1283,Jezerski vrh - Pristovški Storžič / Kärntner Storschitz (Kranjska pot / Krainersteig),90,zahtevna označena pot
1283,Jezerski vrh - Pristovški Storžič / Kärntner Storschitz,110,lahka označena pot
1283,Bela / Bad Vellach - Pristovški Storžič / Kärntner Storschitz,150,lahka označena pot
1283,Korte / Trögern - Pristovški Storžič / Kärntner Storschitz,120,lahka označena pot
1284,Ravne - Koprivnjak / Kleiner Frauenkogel,140,lahka neoznačena steza
1284,Podrožca / Rosenbach - Koprivnjak / Kleiner Frauenkogel,210,lahka označena pot
1285,Planina pod Golico - Klek (čez Rožco),140,lahka neoznačena steza
1285,Martinčev Rovt - Klek,95,lahka neoznačena steza
1285,Rogarjev rovt - Klek,90,lahka neoznačena steza
1285,Ravne - Klek (čez Hruški vrh),150,lahka neoznačena steza
1285,Planina pod Golico - Klek (mimo ovčarske koče),180,lahka neoznačena steza
1285,Ravne - Klek (direktna pot),125,zahtevna neoznačena steza
1285,Planina pod Golico - Klek (mimo lovske koče Muzgovca),135,lahko brezpotje
1285,Podrožca / Rosenbach - Klek,220,lahka neoznačena steza
1286,Urbas - Bivak na Belščici,75,lahka neoznačena steza
1286,Olipova planina - Bivak na Belščici (čez Hrašensko planino),100,lahka neoznačena steza
1287,Srednji Vrh - Zajčnik,130,lahka neoznačena steza
1287,Žužalče / Susalitch - Zajčnik,215,lahka označena pot
1287,Grpiče / Korpitch - Zajčnik,215,lahka označena pot
1288,Podljubelj (Lajb) - Zajmenove peči,170,zahtevno brezpotje
1288,Podljubelj (Pod Košuto) - Zajmenove peči,165,zahtevno brezpotje
1289,Iličev rovt / Illitsch Rauth - Kamnica (Komnica) / Ferlacher Spitze,95,lahka označena pot
1289,Čemernica / Tschemernitzen - Kamnica (Komnica) / Ferlacher Spitze,220,lahka označena pot
1289,Podrožca / Rosenbach - Kamnica (Komnica) / Ferlacher Spitze,235,lahka označena pot
1290,Pod Krnico - Mala Košuta,75,lahka neoznačena steza
1290,Matizovec - Mala Košuta,345,"lahka označena pot, lahka neoznačena steza"
1291,Srednji vrh - Vošca,120,lahka neoznačena steza
1291,Jureževa planina - Vošca,35,lahka neoznačena steza
1291,Srednji Vrh - Vošca (čez Jureževo planino),125,lahka neoznačena steza
1291,Log - Vošca,150,lahka neoznačena steza
1291,Srnjak - Vošca,165,lahka neoznačena steza
1291,Srednji Vrh - Vošca (čez Zajčnik),155,lahka neoznačena steza
1292,Rudnik v Topli - Mala Peca,130,lahka označena pot
1292,Topla (Burjak) - Mala Peca,150,lahka označena pot
1292,Podpeca (Helenski potok) - Mala Peca (čez Mirjance),200,lahka označena pot
1293,Srnjak - Tamarča,150,lahka neoznačena steza
1294,Ljubelj - Hajnžev Praprotnik / Zeller Prapotnik (mimo Koče na Ljubelju),200,"zahtevna označena pot, lahka neoznačena steza"
1294,Koncentracijsko taborišče - Hajnžev Praprotnik / Zeller Prapotnik,195,lahka neoznačena steza
1294,Vranček - Hajnžev Praprotnik / Zeller Prapotnik,200,lahka neoznačena steza
1294,Sele-Zvrhnji Kot (Male) / Zell-Oberwinkel (Male) - Hajnžev Praprotnik / Zeller Prapotnik,235,lahka neoznačena steza
1294,Bučan - Hajnžev Praprotnik / Zeller Prapotnik,200,"delno zahtevna označena pot, lahka neoznačena steza"
1295,Dom pod Storžičem - Veliki Javornik (Ženiklovec),110,lahka neoznačena steza
1295,Grahovše - Veliki Javornik (Ženiklovec),165,lahka neoznačena steza
1295,Tržiški graben - Veliki Javornik (Ženiklovec),150,lahka neoznačena steza
1295,Planina Vetrh - Veliki Javornik (Ženiklovec),90,lahka neoznačena steza
1295,Grahovše - Veliki Javornik (Ženiklovec) (mimo Rekarja),165,lahka neoznačena steza
1296,Podkraj / Unterort - Panoramska restavracija Oben / Panoramarestaurant Oben (Walter Mory Klettersteig),195,zelo zahtevna označena pot
1296,Podkraj / Unterort - Panoramska restavracija Oben / Panoramarestaurant Oben,180,lahka označena pot
1296,Podkraj / Unterort - Panoramska restavracija Oben / Panoramarestaurant Oben (po poti št. P6),180,lahka označena pot
1297,Ljubelj - Vrh Ljubeljščice (Triangel),110,lahka neoznačena steza
1297,Ljubelj - Vrh Ljubeljščice (Triangel) (čez Ljubeljščico),150,zelo zahtevna neoznačena steza
1297,Bučan - Vrh Ljubeljščice (Triangel),165,zelo zahtevna neoznačena steza
1298,Globasnica / Globasnitz - Feuersberger Spitze (Peca / Petzen),205,"lahka označena pot, lahko brezpotje"
1298,Podkraj / Unterort - Feuersberger Spitze (Peca / Petzen) (po poti št. P7),235,"lahka označena pot, lahko brezpotje"
1299,Vranček - Hajnževo sedlo (pot mimo planine Korošica),125,lahka označena pot
1299,Ljubelj - Hajnževo sedlo (mimo Koče na Ljubelju),165,zahtevna označena pot
1299,Bučan - Hajnževo sedlo,165,zahtevna označena pot
1299,Sele-Zvrhnji Kot (Male) / Zell-Oberwinkel (Male) - Hajnževo sedlo,210,lahka označena pot
1300,Križovec - Belska planina (Svečica) (čez Sedlo Kočna),105,lahka označena pot
1300,Dom Pristava v Javorniškem Rovtu - Belska planina (Svečica) (čez Sedlo Kočna),150,lahka označena pot
1300,Križovec - Belska planina (Svečica) (po cesti),80,lahka neoznačena steza
1300,Planina pod Golico (Betel) - Belska planina (Svečica),135,lahka neoznačena steza
1300,Dom Pristava v Javorniškem Rovtu - Belska planina (Svečica) (po cesti),125,lahka neoznačena steza
1301,Podkraj / Unterort - Berggasthaus Siebenhütten (po poti št. P6),174,lahka označena pot
1302,Podkraj / Unterort - Ezzo's Hütte (po poti št. P6),175,lahka označena pot
1303,Koča na Naravskih ledinah - Uršlja gora (Plešivec),105,lahka označena pot
1303,Poštarski dom pod Plešivcem - Uršlja gora (Plešivec) (čez Kozarnico),150,lahka označena pot
1303,Ivarčko jezero - Uršlja gora (Plešivec) (Železarska pot),165,lahka označena pot
1303,Zapornica pod Malim vrhom - Uršlja gora (Plešivec) (po cesti),50,lahka označena pot
1303,Ciganija - Uršlja gora (Plešivec) (zimska pot),150,lahka označena pot
1303,Andrejev dom na Slemenu - Uršlja gora (Plešivec),165,lahka označena pot
1303,Poštarski dom pod Plešivcem - Uršlja gora (Plešivec) (čez Kal),165,lahka označena pot
1303,Ciganija - Uršlja gora (Plešivec),135,lahka označena pot
1303,Ivarčko jezero - Uršlja gora (Plešivec) (Grofovska pot),170,lahka neoznačena steza
1303,Ivarčko jezero - Uršlja gora (Plešivec) (čez Kozji hrbet),180,lahka označena pot
1303,Žerjav - Uršlja gora (Plešivec),195,lahka označena pot
1303,Mežica - Uršlja gora (Plešivec) (mimo sv. Lenarta in Koče na Naravskih ledinah),330,lahka označena pot
1303,Leše - Uršlja gora (Plešivec) (mimo Koče na Naravskih ledinah),265,lahka označena pot
1303,Mežica - Uršlja gora (Plešivec) (mimo sv. Lenarta in čez Kozji hrbet),315,lahka označena pot
1303,Sveti Danijel (Zgornji Razbor) - Uršlja gora (Plešivec),195,lahka označena pot
1304,Dom Trilobit - Planina Seča,120,lahka označena pot
1304,Konec ceste pod Struško (Strmela) - Planina Seča (lovska in rudarska učna pot),75,delno zahtevna neoznačena pot
1304,Rute (Zavrh) / Bärental - Planina Seča,105,lahka označena pot
1305,Dol - Stegovnik (skozi okno),155,"lahka neoznačena steza, delno zahtevna označena pot"
1305,Dol - Stegovnik (čez Močnikovo sedlo),150,delno zahtevna označena pot
1305,Rezman - Stegovnik,135,delno zahtevna označena pot
1305,Dom pod Storžičem - Stegovnik (zahodna pot),240,delno zahtevna označena pot
1305,Medvodje - Stegovnik (mimo Stegovniškega slapu in skozi okno),190,"lahka neoznačena steza, delno zahtevna označena pot"
1305,Dom pod Storžičem - Stegovnik (vzhodna pot),240,delno zahtevna označena pot
1305,Medvodje - Stegovnik (preko sedla Pri lojtri),165,"lahka neoznačena steza, delno zahtevna označena pot"
1305,Medvodje - Stegovnik (po cesti in skozi okno),195,"lahka neoznačena steza, delno zahtevna označena pot"
1305,Planina Vetrh - Stegovnik,195,"lahka neoznačena steza, delno zahtevna označena pot"
1306,Rute (Zavrh) / Bärental - Mačenski vrh / Matschacher Gupf (pot št. 668),135,lahka označena pot
1306,Ladine / Ladinach - Mačenski vrh / Matschacher Gupf (pot št. 668),180,lahka označena pot
1306,Rute (Zavrh) / Bärental - Mačenski vrh / Matschacher Gupf (čez sedlo Mrzla raven / Gipssattel),135,lahka označena pot
1307,Dom pod Storžičem - Mali Javornik,150,lahko brezpotje
1308,Pamž / Pamschbauer - Bela peč / Weiße Wand (čez Sveto peč),175,lahko brezpotje
1309,Ljubelj - Spodnji Plot (športna zelo zahtevna ferata),135,izjemno zahtevna označena pot
1309,Ljubelj - Spodnji Plot,105,lahka neoznačena steza
1309,Ljubelj - Spodnji Plot (učna zavarovana plezalna pot),130,izjemno zahtevna označena pot
1310,Koča na Naravskih ledinah - Dom na Uršlji gori,110,lahka označena pot
1310,Poštarski dom pod Plešivcem - Dom na Uršlji gori (čez Kozarnico),140,lahka označena pot
1310,Zapornica pod Malim vrhom - Dom na Uršlji gori (po cesti),40,lahka označena pot
1310,Andrejev dom na Slemenu - Dom na Uršlji gori,155,lahka označena pot
1310,Ivarčko jezero - Dom na Uršlji gori (čez Kozji hrbet),185,lahka označena pot
1310,Ciganija - Dom na Uršlji gori,125,lahka označena pot
1310,Ivarčko jezero - Dom na Uršlji gori (Grofovska pot),160,lahka neoznačena steza
1310,Poštarski dom pod Plešivcem - Dom na Uršlji gori (čez Kal),155,lahka označena pot
1310,Ciganija - Dom na Uršlji gori (zimska pot),140,lahka označena pot
1310,Žerjav - Dom na Uršlji gori,200,lahka označena pot
1310,Sveti Danijel (Zgornji Razbor) - Dom na Uršlji gori,185,lahka označena pot
1311,Srnjak - Grpišca,120,lahka neoznačena steza
1312,Dom Trilobit - Hrašenska planina (Za Kraševcem),120,lahka neoznačena steza
1312,Olipova planina - Hrašenska planina,60,lahka neoznačena steza
1313,Rudnik v Topli - Votlina Kralja Matjaža,115,lahka označena pot
1313,Topla (Burjak) - Votlina Kralja Matjaža,150,lahka označena pot
1313,Podpeca (Helenski potok) - Votlina Kralja Matjaža (čez Mirjance),200,lahka označena pot
1314,Smrečje - Pečovnik (kota 1668) (po cesti),165,lahka neoznačena steza
1314,Jezerski vrh - Pečovnik (kota 1668),165,lahka neoznačena steza
1315,Dom pod Storžičem - Javorče,125,lahko brezpotje
1315,Grahovše - Javorče (mimo Rekarja),155,lahko brezpotje
1316,Jakobe - Dom na Peci,45,lahka označena pot
1316,Rudnik v Topli - Dom na Peci,120,lahka označena pot
1316,Podpeca (Mitnek) - Dom na Peci,165,lahka označena pot
1316,Mežica - Dom na Peci,210,lahka označena pot
1316,Topla (Burjak) - Dom na Peci,150,lahka označena pot
1316,Koča na Pikovem - Dom na Peci (čez preval Vrh šteng),165,lahka označena pot
1316,Podpeca (Helenski potok) - Dom na Peci (čez Mirjance),190,lahka označena pot
1317,Podkraj / Unterort - Alte Zollhütte (po poti št. P6),170,lahka označena pot
1318,Trate /  Johannsenruhe - Celovška koča / Klagenfurter Hutte,90,lahka označena pot
1318,Podnar / Bodenbauer - Celovška koča / Klagenfurter Hutte,135,zahtevna označena pot
1318,Ljubelj - Celovška koča / Klagenfurter Hutte (mimo Vatelce oz. Sklede),250,delno zahtevna označena pot
1318,Podnar / Bodenbauer - Celovška koča / Klagenfurter Hutte (čez Karweg),120,lahka neoznačena steza
1318,Vgriz / Ogris - Celovška koča / Klagenfurter Hutte,135,zahtevna označena pot
1319,Podolševa (Rogar) - Potočka zijalka,65,lahka označena pot
1319,"Podolševa (Sveti Duh, Strevc) - Potočka zijalka (čez sedlo Sveti Duh)",80,lahka označena pot
1319,"Podolševa (Sveti Duh, Strevc) - Potočka zijalka",70,lahka označena pot
1320,Podnar / Bodenbauer - Kosmatica / Kosmatitza,105,lahka označena pot
1320,Poden / Bodental - Kosmatica / Kosmatitza,160,lahka označena pot
1320,Slovenji Plajberk / Windisch Bleiberg - Kosmatica / Kosmatitza,180,lahka neoznačena steza
1321,Korensko sedlo - Kamnati vrh (čez Jerebikovec),120,lahka neoznačena steza
1321,Korensko sedlo - Kamnati vrh (po cesti),120,lahka označena pot
1322,Tomčeva koča na Poljški planini - Roblekov dom na Begunjščici,80,lahka označena pot
1322,Dom v Dragi - Roblekov dom na Begunjščici,170,lahka označena pot
1322,Ljubelj - Roblekov dom na Begunjščici (čez Preval-o),180,delno zahtevna neoznačena pot
1322,Ljubelj - Roblekov dom na Begunjščici (čez Zelenico),200,delno zahtevna označena pot
1322,Tinčkova koča - Roblekov dom na Begunjščici,105,delno zahtevna označena pot
1322,Dom v Dragi - Roblekov dom na Begunjščici (čez Preval-o),180,delno zahtevna označena pot
1322,Podljubelj (Lajb) - Roblekov dom na Begunjščici,180,lahka označena pot
1322,Na jezercih - Roblekov dom na Begunjščici,150,"lahka neoznačena steza, lahka označena pot"
1322,Tinčkova koča - Roblekov dom na Begunjščici (čez Poljško planino),140,delno zahtevna označena pot
1323,Zgornje Jezersko - Virnikov Grintovec,135,lahka označena pot
1323,Murnovo - Virnikov Grintovec,90,lahka označena pot
1323,Jezerski vrh - Virnikov Grintovec,120,"lahka neoznačena steza, lahka označena pot"
1323,Korte / Trögern - Virnikov Grintovec,135,lahka označena pot
1323,Planšarsko jezero - Virnikov Grintovec,150,"lahka neoznačena steza, lahka označena pot"
1323,Jezerska slatina - Virnikov Grintovec,150,"lahka neoznačena steza, lahka označena pot"
1324,Ravne - Planina Dovška Rožca (peš pot),70,lahka označena pot
1324,Dovje - Planina Dovška Rožca,145,lahka označena pot
1324,Ravne - Planina Dovška Rožca (po cesti),75,lahka označena pot
1324,Erjavčev rovt - Planina Dovška Rožca (čez Brvog),135,lahka označena pot
1324,Erjavčev rovt - Planina Dovška Rožca (direktna pot),100,lahka neoznačena steza
1324,Dovje - Planina Dovška Rožca (čez Blažčevo skalo),160,lahka neoznačena steza
1325,Podkoren - Visoka Bavha,120,lahka neoznačena steza
1326,Pod Peco/Koprein-Petzen - Topica/Topitza,75,lahka označena pot
1326,Koprivna (Kumer) - Topica/Topitza,130,lahka označena pot
1326,Železna Kapla / Bad Eisenkappel - Topica/Topitza (čez Ojstro),225,lahka označena pot
1327,Križovec - Mala Golica,80,lahka neoznačena steza
1327,Dom Pristava v Javorniškem Rovtu - Mala Golica,125,lahka neoznačena steza
1328,Smrečje - Pečovnik (po cesti),155,lahka neoznačena steza
1328,Jezerski vrh - Pečovnik,155,lahka neoznačena steza
1329,Medvodje - Veliki vrh nad Komatevro,165,lahko brezpotje
1330,Srednji Vrh - Blekova planina,110,lahka neoznačena steza
1330,Žužalče / Susalitch - Blekova planina,195,lahka označena pot
1330,Grpiče / Korpitch - Blekova planina,195,lahka označena pot
1331,Zavrh / Hintergupf - Macna / Matzen,150,delno zahtevna označena pot
1331,Zavrh / Hintergupf - Macna / Matzen (mimo sv. Ane),180,zahtevna označena pot
1331,Borovlje / Ferlach - Macna / Matzen,240,zahtevna označena pot
1331,Bajdiše (Gozdar) / Waidisch (forsthaus) - Macna / Matzen,180,delno zahtevna označena pot
1332,Korensko sedlo - Jerebikovec,80,lahka neoznačena steza
1333,Medvodje - Ruš (preko sedla Pri lojtri),150,delno zahtevna neoznačena pot
1333,Rezman - Ruš (po jugozahodnem grebenu),120,delno zahtevna neoznačena pot
1333,Rezman - Ruš (po severovzhodnem grebenu),135,zelo zahtevno brezpotje
1333,Dol - Ruš (po jugozahodnem grebenu),135,delno zahtevna neoznačena pot
1334,Pamž / Pamschbauer - Sveta peč / Helige Wand (po cesti),150,lahko brezpotje
1335,Koprivna (Kumer) - Čofatijev vrh (čez Šoparjev vrh),105,lahka neoznačena steza
1335,Topla (Končnik) - Čofatijev vrh (čez Šoparjev vrh),110,lahka neoznačena steza
1335,Pod Peco / Koprein-Petzen - Čofatijev vrh (čez Šoparjev vrh),130,lahka neoznačena steza
1336,Grahovše - Bela peč (čez Boršt),150,lahka označena pot
1336,Dom pod Storžičem - Bela peč,120,lahka označena pot
1336,Grahovše - Bela peč (čez Rot),150,lahka označena pot
1336,Grahovše - Bela peč (mimo Tiča),150,lahka označena pot
1336,Grahovše - Bela peč (pod steno),135,delno zahtevna neoznačena pot
1336,Dom pod Storžičem - Bela peč (čez Javorniški preval),125,lahka označena pot
1336,Planina Vetrh - Bela peč (mimo koče pr Zdravc),75,lahka neoznačena steza
1336,Na kopiš - Bela peč (čez Konjšci),120,lahka označena pot
1336,Grahovše - Bela peč (mimo Rekarja),150,lahka označena pot
1336,Tržič - Bela peč (čez Potarje in Sp. Konšco),235,lahka označena pot
1337,Slovenji Plajberk / Windisch Bleiberg - Žingarica / Singerberg,120,lahka označena pot
1337,Podljubelj / Unterloibl - Žingarica / Singerberg,180,lahka neoznačena steza
1337,Trnje / Dornach - Žingarica / Singerberg,200,lahka označena pot
1337,Slovenji Plajberk / Windisch Bleiberg - Žingarica / Singerberg (čez sedlo Albink / Halbingsattel),140,lahka označena pot
1337,Plajberški graben / Bleiberger Graben - Žingarica / Singerberg,140,lahka označena pot
1337,Bistrica v Rožu / Feistritz im Rosental - Žingarica / Singerberg,235,lahka označena pot
1338,Planina pod Golico - Rožca,120,lahka označena pot
1338,Ravne - Rožca (čez Hruški vrh),130,lahka označena pot
1338,Rogarjev rovt - Rožca,70,lahka neoznačena steza
1338,Martinčev Rovt - Rožca,75,lahka neoznačena steza
1338,Ravne - Rožca (direktna pot),105,zahtevna neoznačena steza
1338,Podrožca / Rosenbach - Rožca,200,lahka označena pot
1339,Planina pod Golico (Betel) - Koča na Golici,95,lahka označena pot
1339,Križovec - Koča na Golici,85,lahka označena pot
1339,Dom Pristava v Javorniškem Rovtu - Koča na Golici,130,lahka označena pot
1339,Planina pod Golico (Betel) - Koča na Golici (zimska pot),95,delno zahtevna označena pot
1339,Planina pod Golico - Koča na Golici (mimo ovčarske koče),125,lahka neoznačena steza
1340,Pod Krnico - Planina Zgornja Dolga njiva,45,lahka označena pot
1340,Matizovec - Planina Zgornja Dolga njiva,315,lahka označena pot
1341,Grahovše - Planina Zgornja Konjščica (po cesti),135,lahka označena pot
1341,Grahovše - Planina Zgornja Konjščica (mimo Tiča),135,lahka označena pot
1341,Na kopiš - Planina Zgornja Konjščica (čez Sp. Konšco),105,lahka označena pot
1341,Tržič - Planina Zgornja Konjščica (čez Potarje in Sp. Konšco),220,lahka označena pot
1342,Plajberški graben / Bleiberger Graben - Sinski vrh / Sinacher Gupf,95,lahka označena pot
1342,Strugarje / Strugarjach - Sinski vrh / Sinacher Gupf,90,lahka označena pot
1342,Bistrica v Rožu / Feistritz im Rosental - Sinski vrh / Sinacher Gupf (vzhodna pot),195,lahka označena pot
1342,Bistrica v Rožu / Feistritz im Rosental - Sinski vrh / Sinacher Gupf (zahodna pot),195,lahka označena pot
1343,Železna Kapla / Bad Eisenkappel - Ojstra / Oistra (pot 648 in 671),150,lahka označena pot
1344,Pod Peco/Koprein Petzen - Planina Zgornja Luža,60,lahka označena pot
1344,Koprivna (Kumer) - Planina Zgornja Luža,85,lahka označena pot
1345,Vgriz / Ogris - Vgrizeva planina / Ogrisalm,75,lahka označena pot
1345,Podnar / Bodenbauer - Vgrizeva planina / Ogrisalm,90,lahka označena pot
1345,Poden / Bodental - Vgrizeva planina / Ogrisalm,145,lahka označena pot
1345,Slovenji Plajberk / Windisch Bleiberg - Vgrizeva planina / Ogrisalm,165,lahka označena pot
1346,Globasnica / Globasnitz - Veška planina / Wackendorfer Alm,180,lahka označena pot
1346,Podkraj / Unterort - Veška planina / Wackendorfer Alm (po poti št. P7),210,lahka označena pot
1347,Vranček - Planina Korošica,95,lahka označena pot
1347,Koncentracijsko taborišče - Planina Korošica (lovska pot),90,lahka neoznačena steza
1347,Ljubelj - Planina Korošica (mimo Koče na Ljubelju),135,zahtevna označena pot
1347,Bučan - Planina Korošica,135,zahtevna označena pot
1347,Sele-Zvrhnji Kot (Male) / Zell-Oberwinkel (Male) - Planina Korošica (čez Hajnževo sedlo),235,lahka označena pot
1347,Sele-Zvrhnji Kot (Male) / Zell-Oberwinkel (Male) - Planina Korošica (čez Dovjakovo sedlo),255,lahka označena pot
1348,Korensko sedlo - Rekaršica (po cesti),100,lahka označena pot
1348,Korensko sedlo - Rekaršica (čez Jerebikovec),100,lahka neoznačena steza
1349,Kurnikovo sedlo - Kapelška koča / Eisenkappler Hütte (peš pot),90,lahka označena pot
1349,Šajda / Zell-Schaida - Kapelška koča / Eisenkappler Hütte,120,lahka označena pot
1349,Suha / Zauchen - Kapelška koča / Eisenkappler Hütte (skozi Kunetov graben),210,lahka označena pot
1349,Suha / Zauchen - Kapelška koča / Eisenkappler Hütte (skozi Božičev graben),210,delno zahtevna označena pot
1349,Rebrca / Rechberg - Kapelška koča / Eisenkappler Hütte (mimo Bukovnika in preko Počule),240,lahka označena pot
1349,Podkanja vas / Wildenstein - Kapelška koča / Eisenkappler Hütte,245,lahka označena pot
1349,Rebrca / Rechberg - Kapelška koča / Eisenkappler Hütte (čez Rokov vrh in Počulo),260,lahka označena pot
1350,Korensko sedlo - Petelinjek (nad Korenskim sedlom) (po avstrijski strani),90,lahka neoznačena steza
1350,Polja - Petelinjek (nad Korenskim sedlom) (mimo Kališja),120,lahka neoznačena steza
1351,Rebrca / Rechberg - Stara gora / Altberg (čez Rokov vrh),190,lahka neoznačena steza
1351,Rebrca / Rechberg - Stara gora / Altberg (mimo Bukovnika),170,lahka neoznačena steza
1352,Pod Peco (Koželj) / Koprein-Petzen (Koschiel) - Špičasti vrh / Spitzberg,150,lahka označena pot
1353,Križovec - Ptičji vrh,60,lahka neoznačena steza
1353,Dom Pristava v Javorniškem Rovtu - Ptičji vrh,105,lahka neoznačena steza
1354,Dom pod Storžičem - Planina Javornik,80,lahka označena pot
1354,Grahovše - Planina Javornik,135,lahka označena pot
1354,Tržiški graben - Planina Javornik,120,lahka označena pot
1354,Planina Vetrh - Planina Javornik,60,lahka neoznačena steza
1354,Grahovše - Planina Javornik (mimo Rekarja),135,lahka označena pot
1355,Pod Peco (Koželj) / Koprein-Petzen (Koschiel) - Snežnik (nad Koprivno),130,"lahka označena pot, lahka neoznačena steza"
1356,Ljubelj - Dom na Zelenici,80,lahka označena pot
1356,Tinčkova koča - Dom na Zelenici,85,lahka označena pot
1356,Ljubelj - Dom na Zelenici (čez Ljubeljščico),170,zelo zahtevna neoznačena steza
1356,Ljubelj - Dom na Zelenici (spodaj po graničarski poti),90,lahka neoznačena steza
1356,Ljubelj - Dom na Zelenici (graničarska pot),90,lahka neoznačena steza
1356,Bučan - Dom na Zelenici,185,zelo zahtevna neoznačena steza
1357,Zavrh / Hintergupf - Sveta Ana (Macna) / St. Anna (Matzen),150,lahka označena pot
1357,Borovlje / Ferlach - Sveta Ana (Macna) / St. Anna (Matzen),210,lahka označena pot
1357,Bajdiše (Gozdar) / Waidisch (forsthaus) - Sveta Ana (Macna) / St. Anna (Matzen),180,delno zahtevna označena pot
1358,Matizovec - Zavetišče na planini Šija,125,lahka označena pot
1358,Pod Krnico - Zavetišče na planini Šija,210,lahka označena pot
1358,MHE Zali potok - Zavetišče na planini Šija,165,lahka neoznačena steza
1359,Iličev rovt / Illitsch Rauth - Koča Berta / Bertahütte (po pešpoti),55,lahka označena pot
1359,Iličev rovt / Illitsch Rauth - Koča Berta / Bertahütte (po cesti),60,lahka označena pot
1359,Podrožca / Rosenbach - Koča Berta / Bertahütte,195,lahka označena pot
1359,Čemernica / Tschemernitzen - Koča Berta / Bertahütte,180,lahka označena pot
1360,Koprivna (Kumer) - Šoparjev vrh,70,lahka neoznačena steza
1360,Topla (Končnik) - Šoparjev vrh,75,lahka neoznačena steza
1360,Pod Peco / Koprein-Petzen - Šoparjev vrh,95,lahka neoznačena steza
1361,Koča pod Košuto / Koschutahaus - Mejnik,40,lahka neoznačena steza
1361,Sele pri Cerkvi / Zell - Pfarre - Mejnik,115,lahka neoznačena steza
1361,Ridovc / Ridovcsäge - Mejnik (po dolini Mrzlega potoka),125,lahka neoznačena steza
1362,Poden / Bodental - Požgani rob,70,lahka neoznačena steza
1363,Rateče - Peč (Tromeja) (peš pot),100,lahka označena pot
1363,Rateče - Peč (Tromeja) (po cesti),120,lahka označena pot
1363,Korensko sedlo - Peč (Tromeja) (po markirani poti),120,lahka označena pot
1363,Pri Jalnu / Fusine Laghi - Peč (Tromeja),135,lahka označena pot
1363,"Rateče - Peč (Tromeja) (vzhodna pot, mimo bivaka in po pešpoti)",105,lahka označena pot
1363,"Rateče - Peč (Tromeja) (vzhodna pot, mimo bivaka in po mulatjeri)",110,lahka označena pot
1363,"Rateče - Peč (Tromeja) (zahodna pot, mimo bivaka in po pešpoti)",135,lahka neoznačena steza
1363,"Rateče - Peč (Tromeja) (zahodna pot, mimo bivaka in po mulatjeri)",140,lahka neoznačena steza
1363,Polja - Peč (Tromeja) (čez Petelinjek),165,lahka neoznačena steza
1363,Polja - Peč (Tromeja) (mimo Kališja),135,lahka neoznačena steza
1364,Brinje - Planica (čez Vrse),105,delno zahtevna neoznačena pot
1364,Brinje - Planica (čez Borovje),135,delno zahtevna neoznačena pot
1364,Dovje - Planica (mimo Sedučnika in čez sedlo),155,delno zahtevna neoznačena pot
1365,Dol - Bukovec,100,lahka neoznačena steza
1366,Ljubelj - Polna peč,75,lahka označena pot
1366,Bučan - Polna peč,90,lahka označena pot
1367,"Sveti Duh pod Olševo - Lipševa vrata (Vrata, Felsentore) (pot po meji)",75,zahtevna označena pot
1368,Ljubelj - Žerjavov Praprotnik / Loibler Prapotnik,150,lahko brezpotje
1368,Bučan - Žerjavov Praprotnik / Loibler Prapotnik,125,lahko brezpotje
1369,Rateče - Kopa / Monte Coppa,120,lahka neoznačena steza
1369,Pri Jalnu / Fusine Laghi - Kopa / Monte Coppa,120,lahka označena pot
1370,Matizovec - Dom na Kofcah,95,lahka označena pot
1370,Mrzli studenec - Dom na Kofcah,30,lahka označena pot
1370,Globoka dolina - Dom na Kofcah,75,lahka označena pot
1370,Dolina - Dom na Kofcah,105,lahka označena pot
1370,Podljubelj - Dom na Kofcah (čez Kal),125,lahka označena pot
1370,Zavetišče na planini Šija - Dom na Kofcah,25,lahka označena pot
1370,Dolina - Dom na Kofcah (mimo kapelice),110,lahka označena pot
1370,Podljubelj - Dom na Kofcah (mimo Matizovca),150,lahka označena pot
1370,Tržič - Dom na Kofcah (čez Kamnek),205,lahka označena pot
1370,Podljubelj - Dom na Kofcah (čez Kal in mimo kapelice),130,lahka označena pot
1370,Tržič - Dom na Kofcah (čez Kamnek in mimo kapelice),210,lahka označena pot
1370,Podljubelj (Pod Košuto) - Dom na Kofcah (mimo jezera pri Čežov),125,lahka neoznačena steza
1370,Pod Krnico - Dom na Kofcah,225,lahka označena pot
1371,Srednji Vrh - Jureževa planina,90,lahka neoznačena steza
1372,Brinje - Borovje (grebenska pot),75,delno zahtevna neoznačena pot
1372,Brinje - Borovje (čez rovt Vrse in sedlo),85,delno zahtevna neoznačena pot
1372,Dovje - Borovje (mimo Sedučnika in čez sedlo),135,delno zahtevna neoznačena pot
1373,Dom pod Storžičem - Okno v Stegovniku (zahodna pot),175,delno zahtevna označena pot
1373,Dom pod Storžičem - Okno v Stegovniku (vzhodna pot),170,delno zahtevna označena pot
1373,Planina Vetrh - Okno v Stegovniku,130,"lahka neoznačena steza, delno zahtevna označena pot"
1374,Bistrica v Rožu / Feistritz im Rosental - Rabenberg,200,lahka neoznačena steza
1374,Slovenji Plajberk / Windisch Bleiberg - Rabenberg,105,lahka neoznačena steza
1374,Plajberški graben / Bleiberger Graben - Rabenberg,105,lahka neoznačena steza
1375,Poden / Bodental - Veliki Rob / Großer Rain,110,lahka neoznačena steza
1375,Poden / Bodental - Veliki Rob / Großer Rain (čez Veronjak / Hausberg),130,lahka neoznačena steza
1375,Slovenji Plajberk / Windisch Bleiberg - Veliki Rob / Großer Rain,130,lahka neoznačena steza
1375,Slovenji Plajberk / Windisch Bleiberg - Veliki Rob / Großer Rain (čez Veronjak / Hausberg),135,lahka neoznačena steza
1376,Matizovec - Planina Ilovica,115,lahka označena pot
1376,Pod Krnico - Planina Ilovica,215,lahka označena pot
1377,Grahovše - Koča Pr Zdravc (po cesti),120,lahka označena pot
1377,Dom pod Storžičem - Koča Pr Zdravc (čez Gaberčev rovt),90,lahka označena pot
1377,Dom pod Storžičem - Koča Pr Zdravc (čez Javorniški preval),95,lahka označena pot
1377,Planina Vetrh - Koča Pr Zdravc,45,lahka neoznačena steza
1377,Grahovše - Koča Pr Zdravc (mimo Rekarja),120,lahka označena pot
1378,Dovje - Bela peč (nad Dovjem),120,lahka neoznačena steza
1378,Ravne - Bela peč (nad Dovjem),45,lahka neoznačena steza
1378,Erjavčev rovt - Bela peč (nad Dovjem),75,lahka neoznačena steza
1378,Dovje - Bela peč (nad Dovjem) (čez Blažčevo skalo),135,lahka neoznačena steza
1379,Grahovše - Planina Spodnja Konjščica (mimo Pavšlna),105,lahka označena pot
1379,Grahovše - Planina Spodnja Konjščica (mimo Uskovca),105,lahka označena pot
1379,Na kopiš - Planina Spodnja Konjščica (po cesti),120,lahka označena pot
1379,Na kopiš - Planina Spodnja Konjščica (mimo Tiča),75,lahka označena pot
1379,Tržič - Planina Spodnja Konjščica (čez Potarje),190,lahka označena pot
1380,Grahovše - Spominska plošča Jožeta Rozmana,120,lahka označena pot
1381,Borovlje / Ferlach - Borovski vrh (Žehtar) / Sechter (Raketensteig),175,delno zahtevna označena pot
1381,Bajdiše / Waidisch - Borovski vrh (Žehtar) / Sechter,180,delno zahtevna označena pot
1382,Matizovec - Planina Pungrat,160,lahka označena pot
1382,Pod Krnico - Planina Pungrat,160,lahka označena pot
1382,MHE Zali potok - Planina Pungrat,135,lahka neoznačena steza
1383,Pod Krnico - Črna peč,45,lahka neoznačena steza
1384,Polja - Kališje,100,lahka neoznačena steza
1385,Matizovec - Tegoška planina,190,lahka označena pot
1385,Pod Krnico - Tegoška planina,130,lahka neoznačena steza
1385,Matizovec - Tegoška planina (graničarska pot),190,lahka neoznačena steza
1385,MHE Zali potok - Tegoška planina,150,lahka neoznačena steza
1386,Tinčkova koča - Dom pri izviru Završnice,60,lahka označena pot
1386,Ljubelj - Dom pri izviru Završnice,100,lahka označena pot
1387,Erjavčev rovt - Lovska koča na Brvogih,60,lahka označena pot
1388,Rateče - Dreiländereck Hütte (po cesti),105,lahka označena pot
1388,Korensko sedlo - Dreiländereck Hütte (po markirani poti),100,lahka označena pot
1388,Polja - Dreiländereck Hütte (mimo Kališja),120,lahka neoznačena steza
1388,Polja - Dreiländereck Hütte (čez Petelinjek),145,lahka neoznačena steza
1389,Poštarski dom pod Plešivcem - Plešivška kopa (Kozarnica),90,delno zahtevna neoznačena pot
1390,Ljubelj - Potočnikova planina (Bornova pot),110,delno zahtevna neoznačena pot
1391,Podrožca / Rosenbach - Planina Rožca / Roschitzaalm,165,lahka označena pot
1392,Pod Krnico - Planina Spodnja Dolga njiva,20,lahka označena pot
1392,Medvodje - Planina Spodnja Dolga njiva,135,lahka označena pot
1392,Matizovec - Planina Spodnja Dolga njiva,290,lahka označena pot
1392,Medvodje - Planina Spodnja Dolga njiva (mimo planine Brsnina),195,"lahka neoznačena steza, lahka označena pot"
1393,Dom Trilobit - Planina Stamare (Za Kraševcem),75,lahka neoznačena steza
1393,Koroška Bela (RC Kres) - Planina Stamare (Gajškova pot),150,lahka neoznačena steza
1393,Olipova planina - Planina Stamare,15,lahka neoznačena steza
1393,Koroška Bela (RC Kres) - Planina Stamare (čez greben Alničja),150,delno zahtevna neoznačena pot
1393,Pri Žagi (Javorniški Rovt)  - Planina Stamare (za Bonclo),105,delno zahtevna neoznačena pot
1394,Podljubelj (Pod Košuto) - Robič (mimo jezera pri Čežov),135,lahka neoznačena steza
1394,Podljubelj - Robič (mimo Zavetišča na Kalu),135,lahka neoznačena steza
1394,Dolina - Robič,115,lahka neoznačena steza
1394,Tržič - Robič (čez Kamnek in mimo Zavetišča na Kalu),215,lahka neoznačena steza
1394,Tržič (Čegelše) - Robič (mimo Zavetišča na Kalu),175,lahka neoznačena steza
1395,Planina pod Golico - Jeseniška planina,90,lahka označena pot
1395,Martinčev Rovt - Jeseniška planina,45,lahka neoznačena steza
1396,Rogarjev rovt - Hruška planina (po kolovozu),30,lahka neoznačena steza
1396,Hrušica - Hruška planina (čez Češnjevec),120,lahka neoznačena steza
1397,Ljubelj - Koča na Ljubelju,45,lahka označena pot
1397,Bučan - Koča na Ljubelju (po cesti),60,lahka označena pot
1397,Koncentracijsko taborišče - Koča na Ljubelju,65,lahka neoznačena steza
1398,Medvodje - Planina Brsnina,105,lahka neoznačena steza
1398,Medvodje - Planina Brsnina (mimo Konjskega roba),135,lahka neoznačena steza
1399,Planina pod Golico - Planina Možine (Razingerjevo molzišče),90,lahka neoznačena steza
1400,Poden / Bodental - Veronjak / Hausberg,80,lahka neoznačena steza
1400,Slovenji Plajberk / Windisch Bleiberg - Veronjak / Hausberg (čez Veronjak / Hausberg),85,lahka neoznačena steza
1401,Podkanja vas / Wildenstein - Hofovška planina / Hoffmansalpe,165,lahka označena pot
1402,Planina pod Golico - Španov vrh,75,lahka neoznačena steza
1402,Jesenice (Ukova) - Španov vrh (čez sedem grabnov),150,lahka označena pot
1402,Dom Pristava v Javorniškem Rovtu - Španov vrh,90,lahka neoznačena steza
1402,Jesenice (Ukova) - Španov vrh,120,lahka neoznačena steza
1402,Križovec - Španov vrh (mimo zavetišča GRS na Črnem vrhu),40,lahka neoznačena steza
1402,Jesenice (Straža) - Španov vrh (čez Jelenkamen),150,lahka neoznačena steza
1403,"Podolševa (Sveti Duh, Strevc) - Sveti Lenart / St. Leonhard",70,lahka označena pot
1404,Planinski dom na kmetiji Kumer - Planina Rep (Repija),45,lahka označena pot
1404,Pod Peco / Koprein-Petzen - Planina Rep (Repija),90,lahka označena pot
1405,Jelendol (graščina Puterhof) - Primožkovi hribi,100,lahka neoznačena steza
1405,MHE Zali potok - Primožkovi hribi,90,lahka neoznačena steza
1406,Tinčkova koča - Lovska koča nad Doslovško planino,60,lahka neoznačena steza
1406,Razpotje Vragovec - Lovska koča nad Doslovško planino,30,lahka neoznačena steza
1407,Smrečje - Robniške peči (čez Virnikovo planina),120,zahtevno brezpotje
1407,Smrečje - Robniške peči (mimo lovske koče Stanič),135,zahtevno brezpotje
1408,Rateče - Bivak brez meja / Bivacco Senza Confini (vzhodna pot),75,lahka označena pot
1408,Rateče - Bivak brez meja / Bivacco Senza Confini (zahodna pot),105,lahka neoznačena steza
1408,Pri Jalnu / Fusine Laghi - Bivak brez meja / Bivacco Senza Confini,105,lahka označena pot
1409,Planina pod Golico - Na pečeh pri Črnem Vrhu,65,lahka neoznačena steza
1410,Ljubelj - Koča na planini Preval-a (Bornova pot),90,delno zahtevna neoznačena pot
1410,Podljubelj (Lajb) - Koča na planini Preval-a,90,lahka označena pot
1410,Dom v Dragi - Koča na planini Preval-a (čez Luknjo),90,delno zahtevna označena pot
1410,Dom v Dragi - Koča na planini Preval-a (po cesti),135,lahka neoznačena steza
1411,Planinski dom na kmetiji Kumer - Govševa planina,105,lahka označena pot
1411,Pod Peco / Koprein-Petzen - Govševa planina (mimo Kumra),150,lahka označena pot
1412,Medvodje - Penatca,100,lahka neoznačena steza
1413,Križovec - Pusti Rovt,15,lahka označena pot
1413,Dom Pristava v Javorniškem Rovtu - Pusti Rovt,60,lahka označena pot
1414,Ljubelj - Koča Vrtača,40,lahka označena pot
1415,Zgornje Jezersko - Roblekova planina,100,lahka neoznačena steza
1415,Planšarsko jezero - Roblekova planina,80,lahka neoznačena steza
1415,Jezerski vrh - Roblekova planina,50,lahka neoznačena steza
1415,Jezerska slatina - Roblekova planina,80,lahka neoznačena steza
1415,Korte / Trögern - Roblekova planina,75,lahka označena pot
1416,Smrečje - Lovska koča Stanič (po cesti),90,lahka označena pot
1417,Sele pri Cerkvi / Zell - Pfarre - Koča pod Košuto / Koschutahaus,75,lahka označena pot
1417,Sele Šajda / Zell Schaida - Koča pod Košuto / Koschutahaus,150,lahka označena pot
1417,Ridovc / Ridovcsäge - Koča pod Košuto / Koschutahaus (po dolini Mrzlega potoka),85,lahka označena pot
1418,Kisla voda - Golarjeva peč,30,lahka neoznačena steza
1419,Rezman - Močnikova planina,45,lahka označena pot
1420,Pri Jalnu / Fusine Laghi - Marija Snežna (Kavalar) / Madonna della Neve,90,lahka označena pot
1420,Rateče - Marija Snežna (Kavalar) / Madonna della Neve,90,lahka neoznačena steza
1421,Kurnikovo sedlo - Obirska planina,60,lahka označena pot
1421,Šajda / Zell-Schaida - Obirska planina,90,lahka označena pot
1422,Dom na Paškem Kozjaku - Basališče (Paški Kozjak),120,lahka označena pot
1422,Vitanje - Basališče (Paški Kozjak),150,lahka označena pot
1422,Bio kmetija Magu - Basališče (Paški Kozjak),60,lahka označena pot
1423,Podrožca / Rosenbach - Planina Kladje / Quadiaalm (mimo izvira Hladne vode),120,lahka označena pot
1423,Podrožca / Rosenbach - Planina Kladje / Quadiaalm (skozi Medji dol),150,lahka označena pot
1423,Tale / Tallach - Planina Kladje / Quadiaalm (mimo izvira Hladne vode),135,lahka označena pot
1424,Poljana (Završnica) - Potoška planina (mimo Valvasorjevega doma),110,lahka označena pot
1424,Poljana (Završnica) - Potoška planina (po cesti),135,lahka označena pot
1424,Koroška Bela - Potoška planina (čez Spodnje rovte),120,lahka neoznačena steza
1424,Koroška Bela (RC Kres) - Potoška planina (lovska pot čez skalo),120,delno zahtevna neoznačena pot
1425,Bezgovca - Vetrh vrh,90,lahko brezpotje
1426,Planina pod Golico (Betel) - Markljev Rovt,60,lahka označena pot
1427,Pod Peco/Koprein Petzen - Planina Luža,5,lahka označena pot
1427,Koprivna (Kumer) - Planina Luža,25,lahka označena pot
1428,Pri Žagi (Javorniški Rovt)  - Velika Boncla,60,lahka neoznačena steza
1429,Kisla voda - Sveti Duh pod Olševo (po cesti),25,lahka označena pot
1430,Koprivna (Kos) - Izvir reke Meže,8,lahka označena pot
1431,Železna Kapla / Bad Eisenkappel - Božičev vrh / Boschitzberg (Türkenkopf Klettersteig),210,izjemno zahtevna označena pot
1432,Dom na Paškem Kozjaku - Štrukljev vrh,90,lahka označena pot
1433,Tinčkova koča - Zabreška planina,80,lahka označena pot
1433,Razpotje Vragovec - Zabreška planina,20,lahka neoznačena steza
1434,Dom v Dragi - Tolsti vrh (pri Poljški planini),100,"lahka označena pot, lahka neoznačena steza"
1434,Završnica (Pri žagi) - Tolsti vrh (pri Poljški planini) (čez preval Kališča),85,lahka neoznačena steza
1435,Pod Peco / Koprein-Petzen - Planinski dom na kmetiji Kumer,45,lahka označena pot
1436,Planinski dom na kmetiji Kumer - Sveta Ana v Koprivni,15,lahka označena pot
1436,Pod Peco / Koprein-Petzen - Sveta Ana v Koprivni,60,lahka označena pot
1437,Razpotje Vragovec - Doslovška planina,10,lahka neoznačena steza
1438,Medvodje - Medvodnica (ob Tržiški Bistrici),90,lahka neoznačena steza
1438,Medvodje - Medvodnica (ob Košutniku),85,lahka neoznačena steza
1439,Valvasorjev dom pod Stolom - Žirovniška planina,20,lahka označena pot
1439,Tinčkova koča - Žirovniška planina,100,lahka označena pot
1440,Brinje - Rovt Vrse,40,lahka neoznačena steza
1440,Dovje - Rovt Vrse (mimo Sedučnika),90,lahka neoznačena steza
1440,Dovje - Rovt Vrse (po cesti),90,lahka neoznačena steza
1441,Mežica - Jesenik (Jesenikov vrh) (čez preval Vrh šteng),120,lahka neoznačena steza
1441,Koča na Pikovem - Jesenik (Jesenikov vrh),65,lahka neoznačena steza
1441,Mežica - Jesenik (Jesenikov vrh) (mimo domačije Jesenik),125,lahka neoznačena steza
1441,Šumahovo sedlo - Jesenik (Jesenikov vrh) (čez Veliki in Pikov vrh),105,lahka neoznačena steza
1442,Prevalje - Hom (nad Prevaljami),180,lahka neoznačena steza
1442,Leše - Hom (nad Prevaljami) (skozi Kot pri Prevaljah),160,lahka neoznačena steza
1443,Planina pod Golico - Brdo (Plezališče pod Golico) (mimo Fenca),30,lahka označena pot
1444,Dom na Paškem Kozjaku - Ostrica,60,lahka označena pot
1445,Poljana (Završnica) - Valvasorjev dom pod Stolom (skozi gozd),80,lahka označena pot
1445,Poljana (Završnica) - Valvasorjev dom pod Stolom (po cesti),105,lahka označena pot
1445,Koroška bela (Jesenice) - Valvasorjev dom pod Stolom,90,lahka označena pot
1445,Tinčkova koča - Valvasorjev dom pod Stolom,120,lahka označena pot
1446,Dom v Dragi - Tomčeva koča na Poljški planini,90,lahka označena pot
1446,Begunje - Tomčeva koča na Poljški planini (mimo svetega Petra),165,lahka označena pot
1446,Tinčkova koča - Tomčeva koča na Poljški planini,60,delno zahtevna označena pot
1446,Na jezercih - Tomčeva koča na Poljški planini,40,lahka neoznačena steza
1446,Begunje (Krpin) - Tomčeva koča na Poljški planini (skozi sotesko Blatnice),125,lahka neoznačena steza
1446,Ljubelj - Tomčeva koča na Poljški planini (Bornova pot),165,delno zahtevna neoznačena pot
1446,Završnica (Pri žagi) - Tomčeva koča na Poljški planini (čez preval Kališča),80,lahka neoznačena steza
1446,Podljubelj (Lajb) - Tomčeva koča na Poljški planini,165,lahka označena pot
1447,Mežica - Veliki vrh (nad Mežiško dolino) (čez Pikov vrh),160,lahka neoznačena steza
1447,Koča na Pikovem - Veliki vrh (nad Mežiško dolino) (čez Pikov vrh),70,lahka neoznačena steza
1447,Črna na Koroškem (Mušenik) - Veliki vrh (nad Mežiško dolino) (čez Šumahovo sedlo),105,lahka neoznačena steza
1447,Črna na Koroškem (Mušenik) - Veliki vrh (nad Mežiško dolino) (mimo Koče na Pikovem),145,lahka neoznačena steza
1447,Šumahovo sedlo - Veliki vrh (nad Mežiško dolino),15,lahka neoznačena steza
1448,Smrečje - Virnikova planina,65,lahka označena pot
1449,Dom Pristava v Javorniškem Rovtu - Smučarski dom Črni vrh,105,lahka označena pot
1449,Planina pod Golico - Smučarski dom Črni vrh,45,lahka označena pot
1449,Murova (Jesenice) - Smučarski dom Črni vrh (čez Pejce),105,lahka neoznačena steza
1450,Koča na Pikovem - Šumahov vrh (čez Pikov in Veliki vrh),95,lahka neoznačena steza
1450,Mežica - Šumahov vrh (čez Pikov in Veliki vrh),185,lahka neoznačena steza
1450,Črna na Koroškem (Mušenik) - Šumahov vrh (čez Šumahovo sedlo),105,lahka neoznačena steza
1450,Šumahovo sedlo - Šumahov vrh,15,lahka neoznačena steza
1451,Koča na Pikovem - Pikov vrh,30,lahka neoznačena steza
1451,Črna na Koroškem (Mušenik) - Pikov vrh (mimo Koče na Pikovem),105,lahka neoznačena steza
1451,Mežica - Pikov vrh (mimo domačije Jesenik),120,lahka neoznačena steza
1451,Šumahovo sedlo - Pikov vrh (čez Veliki vrh),55,lahka neoznačena steza
1451,Črna na Koroškem (Mušenik) - Pikov vrh (čez Šumahovo sedlo),145,lahka neoznačena steza
1452,Rateče - Dom na Tromeji (po cesti),60,lahka označena pot
1452,Rateče - Dom na Tromeji (pešpot),55,lahka označena pot
1453,Pri Žagi (Javorniški Rovt) - Alničje,60,lahka neoznačena steza
1453,Koroška Bela (RC Kres) - Alničje (direktna čez greben),90,delno zahtevna neoznačena pot
1453,Koroška Bela (RC Kres) - Alničje (lovska pot),80,lahka neoznačena steza
1454,Solčava - Hribarska (Huda) zijalka (mimo Solčavske tise),60,zahtevna neoznačena steza
1455,Dom v Dragi - Planina Planinca,75,lahka označena pot
1455,Ljubelj - Planina Planinca (Bornova pot),150,delno zahtevna neoznačena pot
1455,Podljubelj (Lajb) - Planina Planinca,150,lahka označena pot
1456,Pri Žagi (Javorniški Rovt) - Mala Boncla (Bavha),30,lahka neoznačena steza
1457,Dovje - Planina Goreljše,65,lahka označena pot
1458,Zgornje Jezersko - Žmitkov špic,45,delno zahtevna označena pot
1459,Panoramska cesta (Kisla voda) - Železna (Kisla) voda,3,lahka označena pot
1460,Podljubelj - Zavetišče na Kalu,80,lahka označena pot
1460,Dolina - Zavetišče na Kalu,60,lahka označena pot
1460,Tržič - Zavetišče na Kalu (čez Kamnek),160,lahka označena pot
1460,Tržič (Čegelše) - Zavetišče na Kalu,120,lahka označena pot
1460,Podljubelj - Zavetišče na Kalu (čez Javorje),95,lahka neoznačena steza
1461,Dom na Paškem Kozjaku - Špik (Paški Kozjak),30,lahka označena pot
1462,Dovje - Erjavčev rovt (Planina Mlinca) (pešpot),60,lahka označena pot
1462,Dovje - Erjavčev rovt (Planina Mlinca) (po cesti),70,lahka neoznačena steza
1463,Jesenice (Ukova) - Jelenkamen (mimo Kalvarije),80,delno zahtevna označena pot
1463,Straža (Jesenice) - Jelenkamen (čez Kozjek - vzhodna pot),75,lahka neoznačena steza
1463,Straža (Jesenice) - Jelenkamen (čez Kozjek),95,delno zahtevna neoznačena pot
1463,Jesenice (Ukova) - Jelenkamen (skozi Dole),80,lahka neoznačena steza
1463,Tomšičeva  cesta (Jesenice) - Jelenkamen (mimo Šporna),75,delno zahtevna neoznačena pot
1464,Beli Potok pri Frankolovem - Stenica,105,lahka označena pot
1464,Vitanje - Stenica,110,lahka označena pot
1464,Vitanje - Stenica (po dolini potoka Jez),110,lahka neoznačena steza
1465,Dovje - Blažčeva skala (zahodna pot),60,lahka neoznačena steza
1466,Globoka dolina - Planina Dolžanka,10,lahka označena pot
1467,Čemernica / Tschemernitzen - Arihova peč / Arichwand,85,lahka označena pot
1468,Bele Vode (Sveti Andrej) - Andrejev dom na Slemenu,75,lahka označena pot
1468,Potok Slanica - Andrejev dom na Slemenu,75,lahka označena pot
1468,Zavodnje - Andrejev dom na Slemenu,90,lahka označena pot
1468,Črna na Koroškem - Andrejev dom na Slemenu (po cesti),150,lahka označena pot
1468,Sveti Danijel (Zgornji Razbor) - Andrejev dom na Slemenu,135,lahka označena pot
1468,Javorje (Mala Črna) - Andrejev dom na Slemenu (mimo kapelice na Kramarici),225,lahka označena pot
1469,Čemernica / Tschemernitzen - Koča nad Arihovo pečjo / Rossalmhütte,90,lahka označena pot
1470,Žerjav - Pogorevc,105,lahka neoznačena steza
1471,Poljana - Smolnik (strma pot),60,lahka neoznačena steza
1471,Poljana - Smolnik,75,lahka neoznačena steza
1472,Andrejev dom na Slemenu - Sveti Vid pod Jernejevim vrhom,10,lahka označena pot
1472,Sveti Danijel (Zgornji Razbor) - Sveti Vid pod Jernejevim vrhom,125,lahka označena pot
1473,Ciganija - Koča na Naravskih ledinah,90,lahka označena pot
1473,Žerjav - Koča na Naravskih ledinah,90,lahka označena pot
1473,Ivarčko jezero - Koča na Naravskih ledinah,105,lahka označena pot
1473,Mežica - Koča na Naravskih ledinah (mimo sv. Lenarta),225,lahka označena pot
1473,Prevalje - Koča na Naravskih ledinah (po cesti),175,lahka označena pot
1473,Leše - Koča na Naravskih ledinah (skozi Kot pri Prevaljah in mimo Suške bajte),170,lahka neoznačena steza
1473,Prevalje - Koča na Naravskih ledinah (mimo Godca),190,lahka označena pot
1473,Leše - Koča na Naravskih ledinah (skozi Kot pri Prevaljah),160,lahka označena pot
1474,Dom na Paškem Kozjaku - Sveti Jošt na Paškem Kozjaku,15,lahka označena pot
1475,Koprivna (Šumel) - Sveti Jakob v Koprivni,50,lahka neoznačena steza
1476,Vitanje - Kapelica Marijina roka (Stenica),100,lahka označena pot
1476,Vitanje - Kapelica Marijina roka (Stenica) (po dolini potoka Jez),100,lahka neoznačena steza
1477,Potoki - Ajdna,60,lahka označena pot
1477,Valvasorjev dom pod Stolom - Ajdna (lahka pot),45,lahka označena pot
1477,Na Sušeh - Ajdna (plezalna pot),15,zahtevna označena pot
1477,Koroška Bela - Ajdna,90,lahka označena pot
1477,Na Sušeh - Ajdna (lahka pot),20,lahka označena pot
1477,Koroška Bela - Ajdna (plezalna pot),90,zahtevna označena pot
1477,Valvasorjev dom pod Stolom - Ajdna (plezalna pot),40,zahtevna označena pot
1478,Smrečje - Partizanska bolnica Krtina,55,lahka označena pot
1479,Mežica - Bivak Suška bajta,165,lahka označena pot
1479,Leše - Bivak Suška bajta (mimo Leških cerkva),180,lahka označena pot
1479,Leše - Bivak Suška bajta (skozi Kot pri Prevaljah),120,lahka neoznačena steza
1480,Ljubelj - Sveta Ana (Ljubelj),7,lahka označena pot
1480,Spominski park taborišča Mauthausen Ljubelj - Sveta Ana (Ljubelj),20,lahka neoznačena steza
1481,MHE Zali potok - Planina Zali potok,40,lahka neoznačena steza
1482,Ukova (Jesenice) - Mirca (čez Pekovo plan'co),80,lahka neoznačena steza
1482,Murova  - Mirca,70,lahka neoznačena steza
1483,Rute / Greuth - Veliki Mošenik / Große Muschenig (skozi Hasengraben),105,lahka označena pot
1483,Rute / Greuth - Veliki Mošenik / Große Muschenig (čez Podgorsko planino),105,lahka označena pot
1484,Slovenske Konjice - Stolpnik (mimo gradu),135,lahka označena pot
1484,Kamna Gora - Stolpnik,60,lahka označena pot
1484,Slovenske Konjice - Stolpnik (Zmajčkova pot),105,lahka označena pot
1484,Črešnjice - Stolpnik,85,lahka označena pot
1484,Čretvež - Stolpnik (mimo lovske koče Štepih),85,lahka označena pot
1484,Čretvež - Stolpnik (čez Grofov štant),95,lahka označena pot
1484,Žička kartuzija - Stolpnik (čez Krniški rob),150,lahka označena pot
1484,Žička kartuzija - Stolpnik (čez Skalo in Krniški rob),195,lahka označena pot
1484,Frankolovo - Stolpnik,150,lahka označena pot
1484,Stranice - Stolpnik (čez Grofov štant),145,lahka označena pot
1484,Spodnje Stranice (grobovi sto talcev) - Stolpnik (mimo lovske koče Štepih),120,lahka označena pot
1484,Žička kartuzija - Stolpnik (čez Sojek in Vratca),130,lahka označena pot
1484,Stranice - Stolpnik (mimo lovske koče Štepih),135,lahka označena pot
1484,Žička kartuzija - Stolpnik (mimo Treh križev in čez Vratca),135,lahka označena pot
1484,Spodnje Stranice (grobovi sto talcev) - Stolpnik (čez Grofov štant),130,lahka označena pot
1484,Spodnje Stranice (grobovi sto talcev) - Stolpnik (po cesti),120,lahka neoznačena steza
1485,Paka pri Velenju - Plakopec (Brezejec),120,lahko brezpotje
1486,Dom Trilobit - Izvir Javornika,15,lahka označena pot
1487,Beli Potok pri Frankolovem - Špicasti vrh (Kislica),80,delno zahtevna neoznačena pot
1487,Socka - Špicasti vrh (Kislica),135,lahka označena pot
1488,Podpeca (Helenski potok) - Koča na Pikovem,75,lahka označena pot
1488,Črna na Koroškem (Mušenik) - Koča na Pikovem,75,lahka označena pot
1488,Mežica - Koča na Pikovem (mimo domačije Jesenik),120,lahka označena pot
1488,Mežica - Koča na Pikovem (stara pot),120,lahka označena pot
1488,Mežica - Koča na Pikovem (čez preval Vrh šteng),135,lahka označena pot
1488,Podpeca (Mitnek) - Koča na Pikovem,20,lahka označena pot
1488,Šumahovo sedlo - Koča na Pikovem (čez Veliki in Pikov vrh),75,lahka neoznačena steza
1488,Črna na Koroškem (Mušenik) - Koča na Pikovem (čez Igrčevo),100,lahka neoznačena steza
1489,Paka pri Velenju - Visoko,105,lahka označena pot
1489,Dom na Paškem Kozjaku - Visoko,20,lahka označena pot
1490,Rute (Zavrh) / Bärental - Sv. Mihael (Rute (Zavrh)) / St. Michael (Bärental),7,lahka označena pot
1491,Zgornje Poljčane - Boč (čez Babo),115,lahka označena pot
1491,Zgornje Poljčane - Boč (čez Balunjačo),105,delno zahtevna označena pot
1491,Zgornje Poljčane - Boč (mimo Doma na Boču in po plezalni poti),105,zelo zahtevna označena pot
1491,Zgornji Gabernik - Boč (čez Galke in Balunjačo - krožna pot),210,delno zahtevna označena pot
1491,Studenice - Boč (po cesti),120,lahka označena pot
1491,Dom na Boču - Boč (po Senčni poti),60,lahka označena pot
1491,Zgornje Poljčane - Boč (po cesti in Senčni poti),110,lahka označena pot
1491,Zgornja Kostrivnica - Boč (mimo Koče Velikonočnice),120,lahka označena pot
1491,Zgornja Kostrivnica - Boč,120,lahka označena pot
1491,Zgornje Poljčane - Boč (po cesti),135,lahka označena pot
1491,Makole - Boč (senčna pot),210,lahka označena pot
1491,Makole - Boč (čez Balunjačo),225,delno zahtevna označena pot
1491,Cerovec pod Bočem - Boč (čez Balunjačo),210,delno zahtevna označena pot
1491,Cerovec pod Bočem - Boč (senčna pot),195,lahka označena pot
1491,Okrepčevalnica Zelena dolina - Boč (čez Balunjačo),220,delno zahtevna označena pot
1491,Brzika - Boč (čez Balunjačo),250,delno zahtevna označena pot
1491,Okrepčevalnica Zelena dolina - Boč (senčna pot),220,lahka označena pot
1491,Brzika - Boč (senčna pot),250,lahka označena pot
1491,Zgornje Poljčane - Boč,105,delno zahtevna označena pot
1491,Pečica - Boč,150,lahka označena pot
1491,Pečica - Boč (čez Balunjačo),150,delno zahtevna označena pot
1491,Pečica - Boč (Senčna pot),150,lahka označena pot
1492,Koroška Bela - Dom Pristava v Javorniškem Rovtu (Gajškova pot),100,lahka označena pot
1492,Jesenice (Ukova) - Dom Pristava v Javorniškem Rovtu (čez Jelenkamen),120,delno zahtevna označena pot
1493,Vinska Gora - Ramšakov vrh (lahka pot),120,lahka označena pot
1493,Dom Lovsko športnega društva Vinska Gora - Ramšakov vrh,60,lahka označena pot
1493,Vinska Gora - Ramšakov vrh (mimo kmetije Vodošek),120,lahka označena pot
1493,Vinska Gora - Ramšakov vrh (plezalna pot),120,izjemno zahtevna označena pot
1494,Tržič - Veliki vrh nad Završnikom (čez Kamnek),105,lahka označena pot
1494,Podljubelj - Veliki vrh nad Završnikom,80,lahka neoznačena steza
1494,Tržič - Veliki vrh nad Završnikom (pod Kamnekom),100,lahka označena pot
1494,Tržič - Veliki vrh nad Završnikom (Milanova pot),100,lahka neoznačena steza
1494,Tržič (Čegelše) - Veliki vrh nad Završnikom,80,lahka neoznačena steza
1495,Zgornje Jezersko - Stara cerkev sv. Ožbolta (Jezersko),15,lahka neoznačena steza
1496,Kozjak - Dom na Paškem Kozjaku (po cesti),60,lahka označena pot
1497,Gozd Martuljek - Brunarica Krmiše (Ferata Jerm'n),70,izjemno zahtevna označena pot
1498,Kranjska Gora - Srnjak,30,lahka neoznačena steza
1499,Vinska Gora - Radojč (lahka pot),90,lahka označena pot
1499,Vinska Gora - Radojč (plezalna pot),90,izjemno zahtevna označena pot
1500,Rute / Greuth - Podgorska planina / Maria Elender Alm,80,lahka označena pot
1501,Škalske Cirkovce - Smodivnik,45,lahka neoznačena steza
1502,Gozd Martuljek - Hvadnik (Ferata Hvadnik),120,zelo zahtevna označena pot
1503,Plavški Rovt - Slapovi v Preski,30,lahko brezpotje
1504,Mežica - Andrejev vrh (po kolovozu),75,lahka neoznačena steza
1504,Mežica - Andrejev vrh (mimo kapelice),80,lahka neoznačena steza
1504,Leše - Andrejev vrh (mimo Leških cerkva in mimo kapelice),95,lahka neoznačena steza
1504,Leše - Andrejev vrh (mimo Leških cerkva in po kolovozu),90,lahka neoznačena steza
1504,Poljana - Andrejev vrh (čez Volinjak in mimo kapelice),115,lahka neoznačena steza
1504,Poljana - Andrejev vrh (mimo Leških cerkva in mimo kapelice),115,lahka neoznačena steza
1504,Poljana - Andrejev vrh (mimo Leških cerkva in po kolovozu),110,lahka neoznačena steza
1504,Poljana - Andrejev vrh (čez Volinjak in po kolovozu),110,lahka neoznačena steza
1505,Gozd Martuljek - Jerman (Ferata Jerm'n),70,izjemno zahtevna označena pot
1506,Mežica - Volinjak,70,lahka označena pot
1506,Leše - Volinjak (mimo Praparja),65,lahka označena pot
1506,Poljana - Volinjak (mimo Stovčnika),75,lahka označena pot
1506,Leše - Volinjak (mimo Hermanka),65,lahka označena pot
1506,Poljana - Volinjak (mimo Leških cerkva in Praparja),85,lahka označena pot
1506,Poljana - Volinjak (mimo Leških cerkva in Hermanka),85,lahka označena pot
1507,Šentjanž pri Dravogradu - Selovec (Gruberjev vrh) (mimo Čubeja in Rudofa),105,lahka neoznačena steza
1507,Šentjanž pri Dravogradu - Selovec (Gruberjev vrh) (po jugovzhodnem grebenu),120,lahka neoznačena steza
1507,Šentjanž pri Dravogradu - Selovec (Gruberjev vrh) (mimo Napotnika in Rudofa),105,lahka neoznačena steza
1508,Rudijev dom na Donački gori - Donačka gora,45,lahka označena pot
1508,Sveti Jurij - Donačka gora (vzhodna pot),120,zahtevna označena pot
1508,Prelaz Vrhe - Donačka gora,95,zahtevna označena pot
1508,Sveti Jurij - Donačka gora (stara južna pot),90,zahtevna označena pot
1508,Sveti Jurij - Donačka gora (zahodna pot),95,lahka označena pot
1508,Stoperce - Donačka gora,125,lahka označena pot
1508,Rudijev dom na Donački gori - Donačka gora (težja pot),95,zahtevna označena pot
1508,Brzika - Donačka gora,105,lahka označena pot
1508,Žetale - Donačka gora,155,zahtevna označena pot
1508,Stoperce - Donačka gora (težja pot),175,zahtevna označena pot
1508,Brzika - Donačka gora (težja pot),155,zahtevna označena pot
1509,Rudijev dom na Donački gori - Donačka gora (vzhodni vrh) (po grebenu),65,delno zahtevna označena pot
1509,Sveti Jurij - Donačka gora (vzhodni vrh) (zahodna pot),115,delno zahtevna označena pot
1509,Žetale - Donačka gora (vzhodni vrh),135,zahtevna označena pot
1509,Stoperce - Donačka gora (vzhodni vrh) (težja pot),155,zahtevna označena pot
1509,Brzika - Donačka gora (vzhodni vrh) (težja pot),135,zahtevna označena pot
1509,Rudijev dom na Donački gori - Donačka gora (vzhodni vrh) (težja pot),75,zahtevna označena pot
1509,Stoperce - Donačka gora (vzhodni vrh) (po grebenu),145,delno zahtevna označena pot
1509,Sveti Jurij - Donačka gora (vzhodni vrh) (vzhodna pot),100,zahtevna označena pot
1509,Prelaz Vrhe - Donačka gora (vzhodni vrh),75,zahtevna označena pot
1509,Brzika - Donačka gora (vzhodni vrh) (po grebenu),125,delno zahtevna označena pot
1511,Mislinja - Fričev vrh (čez Črepič),95,lahka označena pot
1511,Mislinja - Fričev vrh (čez Završe),120,lahka označena pot
1512,Rebrca / Rechberg - Rokov vrh / Rochusberg (mimo Bukovnika),60,lahka označena pot
1512,Rebrca / Rechberg - Rokov vrh / Rochusberg,40,lahka označena pot
1513,Škalske Cirkovce - Stropnica (čez Stropnik),70,lahka označena pot
1513,Škalske Cirkovce - Stropnica,60,lahka označena pot
1514,Tržič - Kamnek (Radetzky-jeva pot),60,lahka označena pot
1514,Tržič - Kamnek (Milanova pot),65,lahka neoznačena steza
1514,Tržič (Slap) - Kamnek (čez Ride),55,lahka označena pot
1514,Tržič - Kamnek (po Seili),65,delno zahtevna označena pot
1514,Tržič (Slap) - Kamnek (čez Dobrivc),60,lahka neoznačena steza
1514,Tržič (Slap) - Kamnek (po Seili),55,delno zahtevna označena pot
1515,Medvodje - Stegovniški slap,10,lahka označena pot
1516,Jelendol (graščina Puterhof) - Veliki Juhej,25,lahka neoznačena steza
1517,Škalske Cirkovce - Stropnik,60,lahka označena pot
1518,Koroška Bela (RC Kres) - Gank,30,lahko brezpotje
1519,Koroška Bela - Malnež,40,lahka neoznačena steza
1520,Globasnica / Globasnitz - Gora sv. Eme (Junska gora) / Hemmaberg,55,lahka označena pot
1520,Podjuna / Jaunstein - Gora sv. Eme (Junska gora) / Hemmaberg (umik zaprti poti),55,lahka označena pot
1521,Poljana (Završnica) - Turška jama v Gozdašnici,40,lahka neoznačena steza
1522,Čretvež - Lovska koča Štepih,60,lahka označena pot
1522,Stranice - Lovska koča Štepih,110,lahka označena pot
1522,Spodnje Stranice (grobovi sto talcev) - Lovska koča Štepih (po cesti),95,lahka neoznačena steza
1522,Spodnje Stranice (grobovi sto talcev) - Lovska koča Štepih,95,lahka označena pot
1523,Studenice - Plešivec (pri Boču),120,lahka označena pot
1523,Studenice - Plešivec (pri Boču) (zaključek po gozdni cesti),120,lahka označena pot
1523,Makole - Plešivec (pri Boču) (čez Formilo),195,"lahka označena pot, lahka neoznačena steza"
1523,Cerovec pod Bočem - Plešivec (pri Boču) (zahodna pot),120,"lahka označena pot, lahka neoznačena steza"
1523,Cerovec pod Bočem - Plešivec (pri Boču) (vzhodna pot),135,"lahka označena pot, lahka neoznačena steza"
1523,Okrepčevalnica Zelena dolina - Plešivec (pri Boču),105,"lahka označena pot, lahka neoznačena steza"
1523,Brzika - Plešivec (pri Boču),135,"lahka označena pot, lahka neoznačena steza"
1524,Mislinja - Časov vrh,75,lahka označena pot
1525,Jelendol (graščina Puterhof) - Mali Juhej,12,lahka neoznačena steza
1526,Mislinja - Sveti Rupert (Završe),85,lahka označena pot
1526,Jamarska koča pri Hudi Luknji - Sveti Rupert (Završe),95,delno zahtevna označena pot
1527,Podkraj / Unterort - Emmis Mosthütte (po poti št. P6),30,lahka označena pot
1528,Mislinja - Sveti Vid (Završe),70,lahka označena pot
1528,Jamarska koča pri Hudi Luknji - Sveti Vid (Završe),80,delno zahtevna označena pot
1529,Jelendol (graščina Puterhof) - Kapelica Srca Jezusovega (Jelendol),8,lahka neoznačena steza
1530,Prelska - Vinska gora,80,lahka označena pot
1530,Dom Lovsko športnega društva Vinska Gora - Vinska gora,40,lahka označena pot
1531,Sveti Rok (Sele) - Poštarski dom pod Plešivcem,45,lahka označena pot
1531,Slovenj Gradec - Poštarski dom pod Plešivcem,140,lahka označena pot
1531,Rimski Vrelec - Poštarski dom pod Plešivcem,90,lahka označena pot
1531,Stari trg - Poštarski dom pod Plešivcem,130,lahka neoznačena steza
1532,Jamarska koča pri Hudi Luknji - Aljažev stolp v Završah,100,delno zahtevna označena pot
1533,Hrušica - Slapovi Dobršnik (Ferata Dobršnik),90,zelo zahtevna označena pot
1533,Hrušica - Slapovi Dobršnik,40,zahtevno brezpotje
1534,Jelendol (graščina Puterhof) - Grobnica barona Borna,7,lahka neoznačena steza
1535,Mislinja - Črepič,45,lahka označena pot
1536,Dom Lovsko športnega društva Vinska Gora - Temnjak,25,lahka označena pot
1537,Mežica - Štalekarjev vrh (po smučišču),45,lahka neoznačena steza
1538,Podljubelj - Kršiše (južna pot),20,lahka neoznačena steza
1538,Podljubelj - Kršiše (vzhodna pot),22,lahka neoznačena steza
1539,Jesenice (Ukova) - Kalvarija nad Jesenicami,25,lahka označena pot
1539,Trg Toneta Čufarja (Jesenice) - Kalvarija nad Jesenicami (strma pot),35,lahka neoznačena steza
1540,Škalske Cirkovce - Skalni vrh (Vodemla),35,lahka označena pot
1540,Hrastovec - Skalni vrh (Vodemla) (po grebenu),45,lahka označena pot
1541,Škale - Lubela (mimo Lovskega doma),75,lahka označena pot
1541,Škalske Cirkovce - Lubela (po cesti),45,lahka označena pot
1542,Jesenice (Straža) - Kozjek,25,lahka neoznačena steza
1542,Trebež (Jesenice) - Kozjek (po vzhodnem grebenu),30,lahka označena pot
1542,Tomšičeva cesta (Jesenice) - Kozjek (mimo Šporna),25,lahka neoznačena steza
1543,Poljana (Završnica) - Slap pod Gozdašnico (Hudič babo pere),25,delno zahtevna neoznačena pot
1544,Poljana (Završnica)  - Slap pod Kurico,35,lahka neoznačena steza
1545,Slovenske Konjice - Skala (strma pot),70,zelo zahtevna označena pot
1545,Slovenske Konjice - Skala (položna pot),90,lahka označena pot
1545,Žička kartuzija - Skala,60,lahka označena pot
1546,Podljubelj/Unterloibl - Soteska Čepa/Tscheppaschlucht (pot dr. P. Tschauka),120,lahka označena pot
1547,Murova (Jesenice) - Kapelica sv. Barbare na Pejcah,25,lahka neoznačena steza
1548,Čadovlje pri Tržiču - Kušpergarjev turn (Kušpergarjevi turni),45,delno zahtevna neoznačena pot
1549,Socka - Kozjek (nad Socko),70,lahka označena pot
1550,Potoki - Gradišče nad Sotesko (Soteska),30,lahka neoznačena steza
1551,Čadovlje pri Tržiču - RIS Dolina (Dovžanova soteska) (lažja pot),35,lahka označena pot
1551,Čadovlje pri Tržiču - RIS Dolina (Dovžanova soteska) (težja pot),40,zahtevna označena pot
1551,Čadovlje pri Tržiču - RIS Dolina (Dovžanova soteska) (po cesti),25,lahka označena pot
1552,Žetale - Maceljska gora,105,lahko brezpotje
1552,Prelaz Vrhe - Maceljska gora (mimo izvira Sotle),110,lahka označena pot
1552,Lovska koča Lipovec - Maceljska gora (zahodna pot),95,lahko brezpotje
1552,Lovska koča Lipovec - Maceljska gora (vzhodna pot),95,lahko brezpotje
1553,Obrati Javornik (Slovenski Javornik) - Strana,30,lahka neoznačena steza
1554,Trebež (Jesenice) - Čopov rovt,25,lahka neoznačena steza
1555,Trg Toneta Čufarja (Jesenice) - Slapišče pod Kalvarijo,40,zahtevno brezpotje
1556,Beli Potok pri Frankolovem - Grad Lindek,45,lahka označena pot
1557,Trebež (Jesenice) - Javorniški slapovi (po cesti),30,delno zahtevna neoznačena pot
1558,Žerjav - Soteska Mučevo (Ferata Mučevo - rdeča pot),100,izjemno zahtevna označena pot
1558,Žerjav - Soteska Mučevo (Ferata Mučevo - modra pot),55,zelo zahtevna označena pot
1559,Draga (grobišče talcev) - Dom v Dragi,25,lahka označena pot
1560,Pečica - Galke,85,lahka neoznačena steza
1560,Zgornje Poljčane - Galke (Detičkova pot),65,lahka neoznačena steza
1560,Zgornje Poljčane - Galke (čez Babo),60,lahka neoznačena steza
1560,Zgornji Gabernik - Galke,70,lahka neoznačena steza
1561,Cerovec pod Bočem - Ravnocerje,105,"lahka označena pot, lahka neoznačena steza"
1561,Okrepčevalnica Zelena dolina - Ravnocerje,75,"lahka označena pot, lahka neoznačena steza"
1561,Brzika - Ravnocerje,105,"lahka označena pot, lahka neoznačena steza"
1562,"Zeleni gozd / Boscoverde - Soteska Ziljice / Orrido dello Slizza (krožna pot, nasprotna smer urinega kazalca)",60,lahka neoznačena steza
1563,Poljana - Leški cerkvi,45,lahka označena pot
1563,Leše - Leški cerkvi,25,lahka označena pot
1564,Slovenj Gradec - Rahtelov vrh (vzhodna pot),45,lahka neoznačena steza
1564,Slovenj Gradec - Rahtelov vrh (jugovzhodna pot),45,lahka neoznačena steza
1565,Zgornje Poljčane - Dom na Boču (čez Babo),60,lahka označena pot
1565,Zgornje Poljčane - Dom na Boču (po cesti),60,lahka označena pot
1565,Studenice - Dom na Boču (po cesti in planinski poti),130,lahka označena pot
1565,Studenice - Dom na Boču (po cesti),120,lahka označena pot
1565,Zgornja Kostrivnica - Dom na Boču,75,lahka označena pot
1565,Zgornja Kostrivnica - Dom na Boču (mimo Koče Velikonočnice),75,lahka označena pot
1565,Brzika - Dom na Boču,215,lahka označena pot
1565,Cerovec pod Bočem - Dom na Boču,160,lahka označena pot
1565,Makole - Dom na Boču,175,lahka označena pot
1565,Okrepčevalnica Zelena dolina - Dom na Boču,185,lahka označena pot
1565,Zgornji Gabernik - Dom na Boču,80,lahka označena pot
1565,Pečica - Dom na Boču,95,lahka označena pot
1566,Studenice - Sveta Marjeta na Boču,90,lahka označena pot
1566,Zgornje Poljčane - Sveta Marjeta na Boču (po cesti),105,lahka označena pot
1567,Stari Grad (Šega) - Dedni vrh (Šuštarica),60,lahka neoznačena steza
1568,Prelaz Vrhe - Izvir Sotle,90,lahka označena pot
1568,Rudijev dom na Donački gori - Izvir Sotle,165,lahka označena pot
1568,Žetale - Izvir Sotle,100,lahka označena pot
1568,Lovska koča Lipovec - Izvir Sotle (zahodna pot),75,lahka označena pot
1568,Lovska koča Lipovec - Izvir Sotle (vzhodna pot),75,lahka označena pot
1569,Podkanja vas / Wildenstein - Podkanjski slap / Wildensteiner Wasserfall,20,lahka označena pot
1570,Žička kartuzija - Gradišna peč,50,"lahka označena pot, lahka neoznačena steza"
1571,Studenice - Partizanska bolnica na Formili/Boču (po cesti),65,lahka označena pot
1571,Studenice - Partizanska bolnica na Formili/Boču (po cesti in planinski poti iz Makol),75,lahka označena pot
1571,Zgornje Poljčane - Partizanska bolnica na Formili/Boču (po cesti),85,lahka označena pot
1571,Cerovec pod Bočem - Partizanska bolnica na Formili/Boču,120,lahka označena pot
1571,Makole - Partizanska bolnica na Formili/Boču,125,lahka označena pot
1571,Okrepčevalnica Zelena dolina - Partizanska bolnica na Formili/Boču,145,lahka označena pot
1571,Brzika - Partizanska bolnica na Formili/Boču,175,lahka označena pot
1572,Poljana (Završnica) - Jezero Završnica (krožna pot po trim stezi),25,lahka označena pot
1573,Vitanje - Razgledna točka na Stenici,40,lahka označena pot
1574,Studenice - Formila na Boču (po cesti),60,lahka označena pot
1574,Studenice - Formila na Boču (po cesti in planinski poti iz Makol),70,lahka označena pot
1574,Zgornje Poljčane - Formila na Boču (po cesti),80,lahka označena pot
1574,Makole - Formila na Boču,120,lahka označena pot
1574,Cerovec pod Bočem - Formila na Boču,125,lahka označena pot
1574,Okrepčevalnica Zelena dolina - Formila na Boču,150,lahka označena pot
1574,Brzika - Formila na Boču,180,lahka označena pot
1575,Zgornje Poljčane - Rančka,85,lahka označena pot
1575,Lovnik - Rančka,60,lahka označena pot
1576,Slovenj Gradec - TC Rahtel (vzhodna pot),35,lahka neoznačena steza
1576,Slovenj Gradec - TC Rahtel (jugovzhodna pot),35,lahka neoznačena steza
1577,Žetale - Joški vrh,120,lahka neoznačena steza
1577,Sveti Jurij - Joški vrh,65,lahka neoznačena steza
1577,Prelaz Vrhe - Joški vrh,65,lahka neoznačena steza
1577,Rudijev dom na Donački gori - Joški vrh,15,lahka neoznačena steza
1577,Stoperce - Joški vrh,95,lahka neoznačena steza
1577,Brzika - Joški vrh,75,lahka neoznačena steza
1578,Zgornje Poljčane - Baba (pri Boču) (Detičkova pot),40,lahka neoznačena steza
1578,Zgornje Poljčane - Baba (pri Boču),35,lahka neoznačena steza
1579,Sveti Jurij - Rudijev dom na Donački gori,50,lahka označena pot
1579,Stoperce - Rudijev dom na Donački gori,80,lahka označena pot
1579,Prelaz Vrhe - Rudijev dom na Donački gori,75,lahka označena pot
1579,Žetale - Rudijev dom na Donački gori,130,lahka označena pot
1579,Brzika - Rudijev dom na Donački gori,60,lahka označena pot
1580,Stari trg - Sveti Rok (Sele),85,lahka neoznačena steza
1581,Vinska Gora - Gonžarjeva peč (plezalna pot),30,izjemno zahtevna označena pot
1581,Vinska Gora - Gonžarjeva peč (lahka pot),30,lahka označena pot
1582,Ponikva/Hotunje - Babček (mimo Sv. Uršule),165,lahka označena pot
1582,Žička kartuzija - Babček,70,lahka označena pot
1582,Špitalič pri Slovenskih Konjicah - Babček,50,lahka označena pot
1582,Žička kartuzija - Babček (čez razpotje Podgranček),70,lahka označena pot
1583,Beli Potok pri Frankolovem - Lindeški slap,15,lahka označena pot
1584,Hudi potok - Mornova zijalka,5,lahka označena pot
1585,Zgornje Poljčane - Planinska koča Velikonočnica (prvi del poti čez Babo in po cesti),65,lahka označena pot
1585,Zgornje Poljčane - Planinska koča Velikonočnica (po cesti),70,lahka označena pot
1585,Zgornja Kostrivnica - Planinska koča Velikonočnica,45,lahka označena pot
1586,Vitanje - Krajnikov grad,25,lahka neoznačena steza
1587,Studenice - Grilova kapela na Boču,120,lahka označena pot
1587,Zgornje Poljčane - Grilova kapela na Boču,140,lahka označena pot
1587,Cerovec pod Bočem - Grilova kapela na Boču (po cesti),45,lahka označena pot
1588,Zbelovo (podvoz pod železnico) - Ljubična gora (čez Marijine stopinje),45,lahka označena pot
1588,Zbelovo (podvoz pod železnico) - Ljubična gora,45,lahka označena pot
1588,Zgornje Poljčane - Ljubična gora,75,lahka označena pot
1588,Lovnik - Ljubična gora,45,lahka označena pot
1589,Stari trg - Sveti Pankracij (Grajski grič) (položna pot),20,lahka neoznačena steza
1589,Stari trg - Sveti Pankracij (Grajski grič) (ob kapelicah križevega pota),15,lahka neoznačena steza
1589,Stari trg (Na klancu) - Sveti Pankracij (Grajski grič),15,lahka neoznačena steza
1590,Slovenske Konjice - Grad Konjice,30,lahka označena pot
1590,Slovenske Konjice - Grad Konjice (lažja pot),30,lahka označena pot
1591,Frankolovo - Cerkev Marije rožnovenske (Črešnjice),65,lahka označena pot
1592,Sveti Jurij - Sveti Donat,30,lahka označena pot
1593,Vitanje - Goležev grad (zgornja pot),40,lahka neoznačena steza
1593,Vitanje - Goležev grad (spodnja pot),25,lahka neoznačena steza
1594,Žička kartuzija - Poharčeva smreka,30,"lahka označena pot, lahka neoznačena steza"
1595,Lovnik - Sveti Mihael na Pečici,30,lahka označena pot
1595,Dolga Gora - Sveti Mihael na Pečici,75,lahka označena pot
1596,Brzika - Cerkev Marije Loretske na Ložnem,55,lahka označena pot
1596,Okrepčevalnica Zelena dolina - Cerkev Marije Loretske na Ložnem,65,lahka označena pot
1597,Stoperce - Škrbatnica,50,lahka neoznačena steza
1598,Vitanje - Cerkev Marijinega vnebovzetja (Vitanje),5,lahka označena pot
1599,Ponikva/Hotunje - Sv. Uršula nad Dramljami,90,lahka označena pot
1599,Dramlje - Sv. Uršula nad Dramljami,30,lahka označena pot
1599,Dramlje - Sv. Uršula nad Dramljami (čez Šedino),45,lahka označena pot
1600,Stoperce - Sveta Ana nad Stopercami,40,lahka označena pot
1601,Vojnik - Sv. Tomaž nad Vojnikom,60,lahka označena pot
1601,Vojnik - Sv. Tomaž nad Vojnikom (direktna pot),30,lahka neoznačena steza
1602,Prevalje - Sveta Barbara v Zagradu (južna pot),5,lahka neoznačena steza
1602,Prevalje - Sveta Barbara v Zagradu (položna pot),6,lahka neoznačena steza
1602,Prevalje - Sveta Barbara v Zagradu (strma pot),5,lahka označena pot
1603,Stari trg - Sveti Miklavž (Sele),55,lahka neoznačena steza
1604,Lovnik - Turistična kmetija Debelak,15,lahka označena pot
1605,Zbelovo - Zbelovski grad (strma pot),15,lahka neoznačena steza
1605,Zbelovo - Zbelovski grad (po cesti),17,lahka označena pot
1606,Žetale - Cerkev Marije Tolažnice (Brezje nad Žetalami),15,lahka označena pot
1607,Stoperce - Okrepčevalnica Zelena dolina,105,lahka označena pot
1608,Ponikva/Hotunje - Razborški ribniki,45,lahka označena pot
1609,Ponikva/Hotunje - Sv. Marija Magdalena (Dramlje) (mimo Sv. Uršule),120,lahka označena pot
1609,Dramlje - Sv. Marija Magdalena (Dramlje),5,lahka označena pot
1610,Studenice - Studeniški grad (po samostanski učni poti),30,lahka označena pot
1610,Zgornje Poljčane - Studeniški grad,55,lahka označena pot
1610,Studenice - Studeniški grad (direktno na grad),10,lahka označena pot
1610,Zgornje Poljčane - Studeniški grad (po Jakobovi poti),55,lahka označena pot
1610,Makole - Studeniški grad (Jakobova pot),90,lahka označena pot
1611,Ponikva/Hotunje - Sv. Ilija (Spodnje Dramlje) (mimo Sv. Uršule),110,lahka označena pot
1611,Dramlje - Sv. Ilija (Spodnje Dramlje),10,lahka označena pot
1612,Studenice - Izvir Toplega (Studeniškega) potoka,5,lahka označena pot
1612,Zgornje Poljčane - Izvir Toplega (Studeniškega) potoka,50,lahka označena pot
1612,Makole - Izvir Toplega (Studeniškega) potoka (Jakobova pot),90,lahka označena pot
1612,Zgornje Poljčane - Izvir Toplega (Studeniškega) potoka (po Jakobovi poti),55,lahka označena pot
1613,Ponikva/Hotunje - Partizanska bolnica Zima (mimo Sv. Uršule in skozi Dramlje),180,lahka označena pot
1614,Mislinja - Črni vrh,150,lahka označena pot
1614,Ribniška koča - Črni vrh,40,lahka označena pot
1614,Grmovškov dom pod Veliko Kopo - Črni vrh,60,lahka označena pot
1614,Dovže - Črni vrh,225,lahka označena pot
1615,Grmovškov dom - Velika Kopa,30,lahka označena pot
1615,Dovže - Velika Kopa,195,lahka označena pot
1615,Brda - Velika Kopa,180,lahka neoznačena steza
1615,Koča Planinc - Velika Kopa,110,lahka označena pot
1615,Brneško sedlo - Velika Kopa,110,lahka označena pot
1615,Partizanski dom Kope - Velika Kopa,30,lahka označena pot
1615,Vuhred - Velika Kopa,305,lahka označena pot
1616,Rogla (Hotel Planja) - Jezerski vrh (mimo Lovrenških jezer),195,lahka označena pot
1616,Ribniška koča - Jezerski vrh,15,lahka označena pot
1616,Koča na Pesku - Jezerski vrh (mimo Lovrenških jezer),200,lahka označena pot
1616,Rogla (Hotel Planja) - Jezerski vrh,185,lahka označena pot
1616,Lovrenc na Pohorju (pokopališče) - Jezerski vrh,260,lahka označena pot
1617,Ribniška koča - Mali Črni vrh,5,lahka označena pot
1617,Grmovškov dom pod Veliko Kopo - Mali Črni vrh,95,lahka označena pot
1617,Mislinja - Mali Črni vrh,175,lahka označena pot
1618,Koča Planinc - Mala Kopa,95,lahka neoznačena steza
1618,Partizanski dom Kope - Mala Kopa (zahodna pot),15,lahka neoznačena steza
1618,Partizanski dom Kope - Mala Kopa (vzhodna pot),15,lahka neoznačena steza
1618,Vuhred - Mala Kopa,290,lahka neoznačena steza
1618,Brneško sedlo - Mala Kopa,95,lahka neoznačena steza
1619,Rogla (Hotel Planja) - Lovrenška jezera (vzhodna pot),85,lahka označena pot
1619,Koča na Pesku - Lovrenška jezera,90,lahka označena pot
1619,Ribniška koča - Lovrenška jezera,125,lahka označena pot
1619,Lovrenc na Pohorju - Lovrenška jezera,215,lahka označena pot
1619,Rogla (Hotel Planja) - Lovrenška jezera (zahodna pot),90,lahka označena pot
1620,Koča na Pesku - Rogla (peš pot),30,lahka označena pot
1620,Rogla (Hotel Planja) - Rogla,15,lahka označena pot
1620,Vitanje - Rogla,240,lahka označena pot
1620,Mislinja - Rogla (čez Tolsti Vrh),255,lahka označena pot
1620,Mislinjski graben (Pestotnik) - Rogla (čez Ostruščico),180,lahka neoznačena steza
1620,Zreče (cerkev sv. Egidija) - Rogla (čez Gorenje),230,lahka označena pot
1620,Lovrenc na Pohorju - Rogla,270,lahka označena pot
1620,Koča na Klopnem vrhu - Rogla,165,lahka označena pot
1620,Ribniška koča - Rogla,215,lahka označena pot
1620,Ribniška koča - Rogla (mimo Lovrenških jezer),225,lahka označena pot
1620,Gorenje pri Zrečah - Rogla,155,lahka označena pot
1620,Oplotnica - Rogla,260,lahka označena pot
1621,Grmovškov dom - Ribniška koča,100,lahka označena pot
1621,Ribnica na Pohorju - Ribniška koča,130,lahka označena pot
1621,Rogla (Hotel Planja) - Ribniška koča (mimo Lovrenških jezer),210,lahka označena pot
1621,Koča na Pesku - Ribniška koča (mimo Lovrenških jezer),215,lahka označena pot
1621,Ribnica na Pohorju - Ribniška koča (po cesti),170,lahka označena pot
1621,Rogla (Hotel Planja) - Ribniška koča,200,lahka označena pot
1621,Mislinja - Ribniška koča,180,lahka označena pot
1621,Lovrenc na Pohorju (pokopališče) - Ribniška koča,275,lahka neoznačena steza
1622,Rogla (Hotel Planja) - Ostruščica,15,lahka označena pot
1622,Mislinjski graben (Pestotnik) - Ostruščica,150,lahka neoznačena steza
1622,Mislinja - Ostruščica (čez Tolsti Vrh),255,lahka označena pot
1622,Ribniška koča - Ostruščica,185,lahka označena pot
1622,Ribniška koča - Ostruščica (mimo Lovrenških jezer),195,lahka označena pot
1623,Ribniška koča - Ribniško jezero,20,lahka označena pot
1623,Rogla (Hotel Planja) - Ribniško jezero (mimo Lovrenških jezer),190,lahka označena pot
1623,Koča na Pesku - Ribniško jezero (mimo Lovrenških jezer),195,lahka označena pot
1623,Rogla (Hotel Planja) - Ribniško jezero,180,lahka označena pot
1623,Lovrenc na Pohorju (pokopališče) - Ribniško jezero,255,lahka neoznačena steza
1624,Oplotnica - Cerkev Jezusove spremenitve na gori (Rogla),260,lahka označena pot
1624,Zreče (cerkev sv. Egidija) - Cerkev Jezusove spremenitve na gori (Rogla),230,lahka označena pot
1624,Gorenje pri Zrečah - Cerkev Jezusove spremenitve na gori (Rogla),155,lahka označena pot
1625,Oplotnica - Izvir Dravinje,255,lahka označena pot
1625,Gorenje pri Zrečah - Izvir Dravinje,150,lahka označena pot
1625,Zreče (cerkev sv. Egidija) - Izvir Dravinje,225,lahka označena pot
1626,Rogla (Hotel Natura) - Pot med krošnjami Pohorje (Pot med krošnjami),25,lahka označena pot
1627,Brneško sedlo - Partizanski dom Kope,80,lahka označena pot
1627,Koča Planinc - Partizanski dom Kope,80,lahka označena pot
1627,Vuhred - Partizanski dom Kope,275,lahka označena pot
1628,Oplotnica - Koča na Jurgovem,240,lahka označena pot
1628,Gorenje pri Zrečah - Koča na Jurgovem,135,lahka označena pot
1628,Zreče (cerkev sv. Egidija) - Koča na Jurgovem,210,lahka označena pot
1629,Koča na Klopnem vrhu - Pesek,143,lahka označena pot
1629,Koča na Pesku - Pesek,8,lahka označena pot
1629,Lovrenc na Pohorju - Pesek,248,lahka označena pot
1630,Koča na Pesku - Lasina,25,lahko brezpotje
1630,Koča na Klopnem vrhu - Lasina,120,lahko brezpotje
1630,Lovrenc na Pohorju - Lasina,225,lahko brezpotje
1631,Srednji Dolič (gostišče Repolusk) - Izvir reke Pake (Tematska pot od Hude luknje do izvira Reke Pake),180,lahka označena pot
1632,Rogla (Hotel Planja) - Koča na Pesku (čez vrh Rogle),35,lahka označena pot
1632,Ribniška koča - Koča na Pesku (mimo Lovrenških jezer),205,lahka označena pot
1632,Koča na Klopnem vrhu - Koča na Pesku,135,lahka označena pot
1632,Lovrenc na Pohorju - Koča na Pesku,240,lahka označena pot
1633,Ribniška koča - Grmovškov dom pod Veliko Kopo,90,lahka označena pot
1633,Dovže - Grmovškov dom pod Veliko Kopo,165,lahka označena pot
1633,Partizanski dom Kope - Grmovškov dom pod Veliko Kopo,50,lahka označena pot
1633,Mislinja - Grmovškov dom pod Veliko Kopo,195,lahka označena pot
1633,Koča Planinc - Grmovškov dom pod Veliko Kopo,130,lahka označena pot
1633,Brneško sedlo - Grmovškov dom pod Veliko Kopo,130,lahka označena pot
1634,Ruška koča na Arehu - Žigartov vrh,30,lahka označena pot
1634,Ruše - Žigartov vrh,195,lahka označena pot
1634,Mariborska koča - Žigartov vrh,100,lahka označena pot
1634,Fram - Žigartov vrh,270,lahka označena pot
1634,Koča na Šumiku - Žigartov vrh,115,lahka označena pot
1634,Zgornja postaja vzpenjače - Žigartov vrh (čez Razglednik),135,lahka označena pot
1634,Sveti Trije kralji - Žigartov vrh,165,lahka označena pot
1634,Šmartno na Pohorju - Žigartov vrh (čez Bojtino),195,lahka označena pot
1634,Zgornja postaja vzpenjače - Žigartov vrh (mimo Mariborske koče),140,lahka označena pot
1634,Log - Žigartov vrh,215,lahka označena pot
1634,Sveti Križ (Planica) - Žigartov vrh,165,"lahka neoznačena steza, lahka označena pot"
1634,Zgornja Bistrica (Center Vintgar) - Žigartov vrh (skozi Bistriški vintgar in mimo Ruške koče),315,lahka označena pot
1634,Slivnica pri Mariboru - Žigartov vrh,280,lahka označena pot
1634,Pivola (Reka) - Žigartov vrh (čez Petkovo sedlo),235,lahka označena pot
1634,Zgornja Polskava - Žigartov vrh (skozi Polskavski vintgar),330,lahka označena pot
1634,Spodnje Radvanje - Žigartov vrh (južna pot),275,lahka označena pot
1634,Spodnje Radvanje - Žigartov vrh (čez Ledinekov kogel),255,lahka označena pot
1635,Sveti Trije kralji - Veliki vrh (na Pohorju),30,lahka označena pot
1635,Veliko Tinje - Veliki vrh (na Pohorju),150,lahka označena pot
1635,Oplotnica - Veliki vrh (na Pohorju),195,lahka označena pot
1635,Dom na Osankarici - Veliki vrh (na Pohorju),55,lahka označena pot
1635,Koča na Šumiku - Veliki vrh (na Pohorju),120,lahka označena pot
1635,Kebelj - Veliki vrh (na Pohorju),130,lahka označena pot
1635,Zgornja Bistrica (Center Vintgar) - Veliki vrh (na Pohorju) (čez Veliko Tinje),230,lahka označena pot
1635,Veliko Tinje - Veliki vrh (na Pohorju) (mimo sv. Urha),175,lahka neoznačena steza
1635,Zgornja Bistrica (Center Vintgar) - Veliki vrh (na Pohorju) (skozi Bistriški vintgar),225,lahka označena pot
1635,Šmartno na Pohorju - Veliki vrh (na Pohorju),165,lahka označena pot
1636,Koča na Klopnem vrhu - Klopni vrh (vzhodna pot),15,lahka označena pot
1636,Koča na Šumiku - Klopni vrh (vzhodna pot),120,lahka označena pot
1636,Dom na Osankarici - Klopni vrh (vzhodna pot),165,lahka označena pot
1636,Koča na Pesku - Klopni vrh,125,lahka označena pot
1636,Koča na Šumiku - Klopni vrh (severna pot),120,lahka označena pot
1636,Lovrenc na Pohorju - Klopni vrh (čez Zgornji trg in po severni poti),150,lahka označena pot
1636,Činžat - Klopni vrh (severna pot),165,lahka označena pot
1636,Činžat - Klopni vrh (vzhodna pot),165,lahka označena pot
1636,Lovrenc na Pohorju - Klopni vrh (čez Zgornji trg in po vzhodni poti),150,lahka označena pot
1636,Koča na Klopnem vrhu - Klopni vrh (severna pot),15,lahka označena pot
1636,Ruše - Klopni vrh (severna pot),220,lahka označena pot
1636,Lovrenc na Pohorju - Klopni vrh (čez Spodnji trg in po vzhodni poti),185,lahka označena pot
1636,Ruše - Klopni vrh (vzhodna pot),235,lahka označena pot
1636,Lovrenc na Pohorju - Klopni vrh (čez Spodnji trg in po severni poti),185,lahka označena pot
1637,Dom na Osankarici - Tiho jezero (Falski ribnik),110,lahka označena pot
1637,Koča na Klopnem vrhu - Tiho jezero (Falski ribnik),40,lahka označena pot
1638,Lovrenc na Pohorju - Turn (pri Klopnem vrhu) (čez Spodnji trg),150,"lahka označena pot, lahko brezpotje"
1638,Lovrenc na Pohorju - Turn (pri Klopnem vrhu) (čez Zgornji trg),150,"lahka označena pot, lahko brezpotje"
1639,Dom na Osankarici - Koča na Klopnem vrhu (preko Treh žebljev),150,lahka označena pot
1639,Ruška koča na Arehu - Koča na Klopnem vrhu,210,lahka označena pot
1639,Koča na Šumiku - Koča na Klopnem vrhu,105,lahka označena pot
1639,Smolnik - Koča na Klopnem vrhu,180,lahka označena pot
1639,Zgornja brv - Koča na Klopnem vrhu,90,lahka označena pot
1639,Koča na Pesku - Koča na Klopnem vrhu,130,lahka označena pot
1639,Činžat - Koča na Klopnem vrhu,150,lahka označena pot
1639,Lovrenc na Pohorju - Koča na Klopnem vrhu (čez Spodnji trg),170,lahka označena pot
1639,Lovrenc na Pohorju - Koča na Klopnem vrhu (čez Zgornji trg),150,lahka označena pot
1639,Ruše - Koča na Klopnem vrhu,220,lahka označena pot
1640,Zgornja postaja vzpenjače - Ruška koča na Arehu (mimo Mariborske koče),110,lahka označena pot
1640,Zgornja postaja vzpenjače - Ruška koča na Arehu (čez Razglednik),105,lahka označena pot
1640,Mariborska koča - Ruška koča na Arehu,70,lahka označena pot
1640,Ruše - Ruška koča na Arehu,165,lahka označena pot
1640,Koča na Šumiku - Ruška koča na Arehu,130,lahka označena pot
1640,Zgornja Polskava - Ruška koča na Arehu (skozi Polskavski vintgar in mimo cerkve sv. Martina),360,lahka označena pot
1640,Šmartno na Pohorju - Ruška koča na Arehu (čez Bojtino),165,lahka označena pot
1640,Fram - Ruška koča na Arehu,240,lahka označena pot
1640,Zgornja Polskava - Ruška koča na Arehu (skozi Polskavski vintgar),300,lahka označena pot
1640,Log - Ruška koča na Arehu,185,lahka označena pot
1640,Sveti Trije kralji - Ruška koča na Arehu,180,lahka označena pot
1640,Zgornja Polskava - Ruška koča na Arehu (čez Kočno),330,lahka označena pot
1640,Sveti Križ (Planica) - Ruška koča na Arehu,135,"lahka neoznačena steza, lahka označena pot"
1640,Spodnje Radvanje - Ruška koča na Arehu (čez Ledinekov kogel),225,lahka označena pot
1640,Zgornja Bistrica (Center Vintgar) - Ruška koča na Arehu (skozi Bistriški vintgar),285,lahka označena pot
1640,Spodnje Radvanje - Ruška koča na Arehu (južna pot),245,lahka označena pot
1640,Pivola (Reka) - Ruška koča na Arehu (čez Petkovo sedlo),205,lahka označena pot
1640,Slivnica pri Mariboru - Ruška koča na Arehu,250,lahka označena pot
1641,Mislinjski graben (Pestotnik) - Lukov slap,100,lahka neoznačena steza
1642,Činžat - Lamprehtov vrh,150,lahka neoznačena steza
1642,Ruše - Lamprehtov vrh,220,lahka neoznačena steza
1643,Koča na Pesku - Jezerc,60,lahka označena pot
1643,Lovrenc na Pohorju (pokopališče) - Jezerc,195,lahka neoznačena steza
1643,Lovrenc na Pohorju - Jezerc (po poti ob Radoljni),210,"delno zahtevna označena pot, lahka neoznačena steza"
1643,"Lovrenc na Pohorju - Jezerc (spodaj ob Radoljni, višje po cesti)",230,"delno zahtevna označena pot, lahka neoznačena steza"
1644,Vuhred - Kopnikov vrh,240,lahka neoznačena steza
1645,Dom na Osankarici - Črno jezero na Pohorju,20,lahka označena pot
1645,Sveti Trije kralji - Črno jezero na Pohorju,50,lahka označena pot
1645,Koča na Šumiku - Črno jezero na Pohorju,115,lahka označena pot
1645,Oplotnica - Črno jezero na Pohorju (mimo sv. Treh Kraljev),215,lahka označena pot
1645,Oplotnica - Črno jezero na Pohorju (mimo Kosa),210,lahka označena pot
1645,Kebelj - Črno jezero na Pohorju (mimo sv. Treh Kraljev),150,lahka označena pot
1645,Kebelj - Črno jezero na Pohorju (mimo Kosa),145,lahka označena pot
1646,Koča na Šumiku - Dom na Osankarici (mimo taborišča),120,lahka označena pot
1646,Oplotnica - Dom na Osankarici (mimo Črnega jezera),225,lahka označena pot
1646,Koča na Klopnem vrhu - Dom na Osankarici,150,lahka označena pot
1646,Oplotnica - Dom na Osankarici (po Kebeljski transverzali),180,lahka označena pot
1646,Sveti Trije kralji - Dom na Osankarici (mimo Črnega jezera),65,lahka označena pot
1646,Koča na Šumiku - Dom na Osankarici (mimo Črnega jezera),130,lahka označena pot
1646,Kebelj - Dom na Osankarici (mimo Kosa),160,lahka označena pot
1646,Oplotnica - Dom na Osankarici (mimo sv. Treh Kraljev),215,lahka označena pot
1646,Kebelj - Dom na Osankarici (mimo sv. Treh Kraljev),165,lahka označena pot
1647,Zgornja postaja vzpenjače - Ledinekov kogel,40,lahka označena pot
1647,Log - Ledinekov kogel,160,lahka označena pot
1647,Mariborska koča - Ledinekov kogel (vzhodna pot),30,lahka označena pot
1647,Mariborska koča - Ledinekov kogel (zahodna pot),30,lahka označena pot
1647,Spodnje Radvanje - Ledinekov kogel (po SPP),160,lahka označena pot
1647,Slivnica pri Mariboru - Ledinekov kogel (vzhodna pot),205,lahka označena pot
1647,"Fram - Ledinekov kogel (čez Petkovo sedlo, vzhodna pot)",205,lahka označena pot
1647,Pivola (Reka) - Ledinekov kogel (vzhodna pot),160,lahka označena pot
1647,Pivola (Reka) - Ledinekov kogel (zahodna pot),165,lahka označena pot
1647,"Fram - Ledinekov kogel (čez Petkovo sedlo, zahodna pot)",210,lahka označena pot
1647,Slivnica pri Mariboru - Ledinekov kogel (zahodna pot),205,lahka označena pot
1648,Zgornja Bistrica - Sveti Trije kralji (skozi Bistriški Vintgar mimo Močnika),180,lahka označena pot
1648,Dom na Osankarici - Sveti Trije kralji,65,lahka označena pot
1648,Zgornja Polskava - Sveti Trije kralji (skozi Polskavski vintgar),320,lahka označena pot
1648,Ruška koča na Arehu - Sveti Trije kralji,175,lahka označena pot
1648,Veliko Tinje - Sveti Trije kralji,120,lahka označena pot
1648,Kebelj - Sveti Trije kralji,100,lahka označena pot
1648,Oplotnica - Sveti Trije kralji,165,lahka označena pot
1648,Zgornja Polskava - Sveti Trije kralji (čez Kočno),270,lahka označena pot
1648,Koča na Šumiku - Sveti Trije kralji,130,lahka označena pot
1648,Zgornja Bistrica (Center Vintgar) - Sveti Trije kralji (skozi Bistriški vintgar),195,lahka označena pot
1648,Zgornja Bistrica (Center Vintgar) - Sveti Trije kralji (čez Veliko Tinje),200,lahka označena pot
1648,Šmartno na Pohorju - Sveti Trije kralji,135,lahka označena pot
1648,Veliko Tinje - Sveti Trije kralji (mimo sv. Urha),145,lahka neoznačena steza
1649,Ruška koča na Arehu - Izvir Polskave (zgornja pot),25,lahka označena pot
1649,Šmartno na Pohorju - Izvir Polskave (čez Bojtino),155,lahka označena pot
1649,Koča na Šumiku - Izvir Polskave,115,lahka označena pot
1649,Sveti Trije kralji - Izvir Polskave,165,lahka označena pot
1650,Lovrenc na Pohorju (pokopališče) - Vrelenk,120,lahka neoznačena steza
1651,Gradišče - Kremžarjev vrh,115,lahka označena pot
1651,Orešnik - Kremžarjev vrh,90,lahka označena pot
1651,Slovenj Gradec - Kremžarjev vrh,135,lahka označena pot
1651,Vinišnik - Kremžarjev vrh,95,lahka označena pot
1651,Dravograd (na Meži) - Kremžarjev vrh,310,lahka označena pot
1651,Vinišnik - Kremžarjev vrh (Pod vrhom ),90,lahka označena pot
1651,Vuzenica - Kremžarjev vrh,230,lahka označena pot
1651,Vuzenica - Kremžarjev vrh (mimo Koče Planinc),270,lahka označena pot
1652,Zgornja postaja vzpenjače - Mariborski razglednik (Cigelnica),25,lahka označena pot
1652,Mariborska koča - Mariborski razglednik (Cigelnica),30,lahka označena pot
1652,Log - Mariborski razglednik (Cigelnica),170,lahka označena pot
1652,Spodnje Radvanje - Mariborski razglednik (Cigelnica) (po SPP),145,lahka označena pot
1652,Fram - Mariborski razglednik (Cigelnica) (čez Petkovo sedlo),205,lahka označena pot
1652,Pivola (Reka) - Mariborski razglednik (Cigelnica) (čez Petkovo sedlo),160,lahka označena pot
1652,Slivnica pri Mariboru - Mariborski razglednik (Cigelnica),205,lahka označena pot
1653,Lovrenc na Pohorju (pokopališče) - Hudičev slap,170,lahka neoznačena steza
1653,"Lovrenc na Pohorju - Hudičev slap (spodaj ob Radoljni, višje po cesti)",205,"delno zahtevna označena pot, lahka neoznačena steza"
1654,Fram - Planinski dom Zarja (Hotel Zarja),210,lahka označena pot
1654,Sveti Križ (Planica) - Planinski dom Zarja (Hotel Zarja),105,"lahka neoznačena steza, lahka označena pot"
1655,Orešnik - Koča pod Kremžarjevim vrhom,85,lahka označena pot
1655,Gradišče - Koča pod Kremžarjevim vrhom,105,lahka označena pot
1655,Vinišnik - Koča pod Kremžarjevim vrhom (Pod vrhom),85,lahka označena pot
1655,Slovenj Gradec - Koča pod Kremžarjevim vrhom,125,lahka označena pot
1655,Vinišnik - Koča pod Kremžarjevim vrhom (čez vrh),100,lahka označena pot
1655,Dravograd (na Meži) - Koča pod Kremžarjevim vrhom,300,lahka označena pot
1655,Vuzenica - Koča pod Kremžarjevim vrhom (mimo Koče Planinc),275,lahka označena pot
1655,Vuzenica - Koča pod Kremžarjevim vrhom,230,lahka označena pot
1656,Ribnica na Pohorju - Koča na Pesniku,65,lahka označena pot
1656,Ribnica na Pohorju - Koča na Pesniku (po cesti),85,lahka označena pot
1657,Dom na Osankarici - Posestvo Šumik (mimo taborišča),105,lahka označena pot
1657,Koča na Klopnem vrhu - Posestvo Šumik,90,lahka označena pot
1657,Ruška koča na Arehu - Posestvo Šumik,120,lahka označena pot
1657,Sveti Trije kralji - Posestvo Šumik,120,lahka označena pot
1657,Dom na Osankarici - Posestvo Šumik (mimo Črnega jezera),115,lahka označena pot
1657,Ruše - Posestvo Šumik (mimo sv. Marije),190,lahka označena pot
1657,Smolnik (Marotov most) - Posestvo Šumik (po dolini Lobnice),155,lahka označena pot
1658,Sp. postaja Pohorske vzpenjače - Mariborska koča (Jonatanka),135,lahka neoznačena steza
1658,Zgornja postaja vzpenjače - Mariborska koča,40,lahka označena pot
1658,Sp. postaja Pohorske vzpenjače - Mariborska koča (Čopka),125,lahka neoznačena steza
1658,Dom Planinka - Mariborska koča (mimo slapu),60,lahka označena pot
1658,Spodnje Radvanje - Mariborska koča,160,lahka označena pot
1658,Slivnica pri Mariboru - Mariborska koča,150,lahka označena pot
1658,Pivola (Reka) - Mariborska koča (čez Petkovo sedlo in mimo slapu Skalca),150,lahka označena pot
1658,Pivola (Reka) - Mariborska koča (mimo Hočke koče),135,lahka označena pot
1658,Fram - Mariborska koča (Jugova pot),180,lahka označena pot
1658,Zgornja postaja vzpenjače - Mariborska koča (čez Mariborski razglednik),50,lahka označena pot
1658,Spodnje Radvanje - Mariborska koča (južna pot),175,lahka označena pot
1658,Fram - Mariborska koča (mimo Framskega slapu),200,lahka neoznačena steza
1658,Log - Mariborska koča,160,lahka označena pot
1658,Pivola (Reka) - Mariborska koča (čez Petkovo sedlo),135,lahka označena pot
1658,Fram - Mariborska koča (mimo Hotela Zarja),255,lahka označena pot
1658,Sveti Križ (Planica) - Mariborska koča,150,"lahka neoznačena steza, lahka označena pot"
1659,Mariborska koča - Sveti Bolfenk (Mariborsko Pohorje),40,lahka označena pot
1659,Spodnje Radvanje - Sveti Bolfenk (Mariborsko Pohorje) (po SPP),120,lahka označena pot
1659,Spodnje Radvanje - Sveti Bolfenk (Mariborsko Pohorje) (južna pot),135,lahka označena pot
1659,Log - Sveti Bolfenk (Mariborsko Pohorje),190,lahka označena pot
1659,Pivola (Reka) - Sveti Bolfenk (Mariborsko Pohorje) (čez Petkovo sedlo in mimo Mariborske koče),170,lahka označena pot
1659,Fram - Sveti Bolfenk (Mariborsko Pohorje) (čez Petkovo sedlo),215,lahka označena pot
1659,Slivnica pri Mariboru - Sveti Bolfenk (Mariborsko Pohorje),215,lahka označena pot
1660,Sveti Trije kralji - Partizanska bolnišnica Jesen,45,lahka označena pot
1660,Zgornja Bistrica (Center Vintgar) - Partizanska bolnišnica Jesen (skozi Bistriški vintgar),205,lahka označena pot
1660,Šmartno na Pohorju - Partizanska bolnišnica Jesen,145,lahka označena pot
1661,Vuzenica - Koča Planinc,180,lahka označena pot
1661,Gradišče - Koča Planinc,195,lahka označena pot
1661,Vuhred - Koča Planinc,240,"lahka označena pot, lahka neoznačena steza"
1662,Šmartno na Pohorju - Sveta Uršula (Bojtina) (čez Bojtino),90,lahka označena pot
1662,Zgornja Bistrica (Center Vintgar) - Sveta Uršula (Bojtina) (skozi Bistriški vintgar),210,lahka označena pot
1663,Veliko Tinje - Repnikov vrh,85,lahka neoznačena steza
1663,Zgornja Bistrica (Center Vintgar) - Repnikov vrh (skozi Bistriški vintgar),195,lahka neoznačena steza
1663,Zgornja Bistrica (Center Vintgar) - Repnikov vrh (čez Veliko Tinje),165,lahka neoznačena steza
1664,Lovrenc na Pohorju - Jezerce Drtičnikovo (čez Zgornji trg),90,"lahka označena pot, lahka neoznačena steza"
1664,Lovrenc na Pohorju - Jezerce Drtičnikovo (čez Spodnji trg),90,"lahka označena pot, lahka neoznačena steza"
1665,Bajgot - Slap Veliki Šumik,20,zahtevna označena pot
1665,Smolnik - Slap Veliki Šumik (po dolini Lobnice - Holcarska pot),130,zahtevna označena pot
1665,Smolnik - Slap Veliki Šumik (po zahodnem grebenu doline Lobnice),180,zahtevna označena pot
1665,Ruška koča na Arehu - Slap Veliki Šumik,120,zahtevna označena pot
1665,Dom na Osankarici - Slap Veliki Šumik (mimo Črnega jezera),115,zahtevna označena pot
1665,Sveti Trije kralji - Slap Veliki Šumik,120,zahtevna označena pot
1666,Vuzenica - Sedovnikov vrh,155,lahka označena pot
1667,Činžat - Sveti Križ (Kumen),85,lahka označena pot
1668,Dom Planinka - Framski slap,30,lahka označena pot
1668,Fram - Framski slap,170,lahka neoznačena steza
1668,Pivola (Reka) - Framski slap (čez Petkovo sedlo),125,lahka označena pot
1669,Janževski Vrh (Uran) - Janževski vrh,90,lahka označena pot
1669,Vuhred - Janževski vrh,240,lahka označena pot
1670,Lovrenc na Pohorju - Hlebov vrh (Rdeči Breg),130,lahka označena pot
1670,Podvelka - Hlebov vrh (Rdeči Breg) (mimo Viltužnika),120,lahka označena pot
1670,Janževski Vrh (Uran) - Hlebov vrh (Rdeči Breg),90,lahka označena pot
1670,HE Ožbalt - Hlebov vrh (Rdeči Breg),170,lahka označena pot
1670,Janževski Vrh (Uran) - Hlebov vrh (Rdeči Breg) (mimo Brabarja),100,lahka označena pot
1670,Lovrenc na Pohorju - Hlebov vrh (Rdeči Breg) (mimo Povha in Brabarja),150,lahka označena pot
1670,Puščava - Hlebov vrh (Rdeči Breg),175,lahka označena pot
1670,Lovrenc na Pohorju - Hlebov vrh (Rdeči Breg) (mimo Kapusa),160,lahka označena pot
1671,Pivola (Reka) - Hotel Tisa (Poštarski dom) (čez Petkovo sedlo),105,lahka označena pot
1671,Fram - Hotel Tisa (Poštarski dom) (čez Petkovo sedlo),150,lahka označena pot
1671,Slivnica pri Mariboru - Hotel Tisa (Poštarski dom),150,lahka označena pot
1672,Veliko Tinje - Sveti Urh (Urh),60,lahka neoznačena steza
1672,Zgornja Bistrica (Center Vintgar) - Sveti Urh (Urh) (skozi Bistriški vintgar),165,lahka neoznačena steza
1672,Šmartno na Pohorju - Sveti Urh (Urh),105,lahka neoznačena steza
1672,Zgornja Bistrica (Center Vintgar) - Sveti Urh (Urh) (čez Veliko Tinje),140,lahka neoznačena steza
1673,Bajgot - Slap Mali Šumik,35,zahtevna označena pot
1673,Sveti Trije kralji - Slap Mali Šumik,135,zahtevna označena pot
1673,Ruška koča na Arehu - Slap Mali Šumik,135,zahtevna označena pot
1673,Dom na Osankarici - Slap Mali Šumik (mimo Črnega jezera),130,zahtevna označena pot
1674,Lovrenc na Pohorju - Sveti Ignacij (Rdeči Breg),125,lahka označena pot
1674,Lovrenc na Pohorju - Sveti Ignacij (Rdeči Breg) (mimo Povha in Brabarja),145,lahka označena pot
1674,Podvelka - Sveti Ignacij (Rdeči Breg),115,lahka označena pot
1674,Janževski Vrh (Uran) - Sveti Ignacij (Rdeči Breg),85,lahka označena pot
1674,HE Ožbalt - Sveti Ignacij (Rdeči Breg),165,lahka označena pot
1674,Janževski Vrh (Uran) - Sveti Ignacij (Rdeči Breg) (mimo Brabarja),95,lahka označena pot
1674,Puščava - Sveti Ignacij (Rdeči Breg),170,lahka označena pot
1674,Lovrenc na Pohorju - Sveti Ignacij (Rdeči Breg) (mimo Kapusa),155,lahka označena pot
1675,Dravograd (na Meži) - Lovski dom LD Gradišče,250,lahka označena pot
1676,Puščava - Klančnik (Glančnik),135,lahka označena pot
1676,Lovrenc na Pohorju - Klančnik (Glančnik) (mimo Kapusa),120,lahka označena pot
1676,HE Ožbalt - Klančnik (Glančnik),130,lahka označena pot
1676,Podvelka - Klančnik (Glančnik) (mimo sv. Ignacija),150,lahka označena pot
1676,Janževski Vrh (Uran) - Klančnik (Glančnik) (mimo sv. Ignacija),120,lahka označena pot
1676,Janževski Vrh (Uran) - Klančnik (Glančnik) (mimo Brabarja in Hudeja),95,lahka označena pot
1676,"Lovrenc na Pohorju - Klančnik (Glančnik) (mimo Povha, Brabarja in Hudeja)",145,lahka označena pot
1677,Lovrenc na Pohorju - Lovska koča Klančnik (mimo Kapusa),125,lahka označena pot
1677,Puščava - Lovska koča Klančnik,140,lahka označena pot
1677,"Lovrenc na Pohorju - Lovska koča Klančnik (mimo Povha, Brabarja in Hudeja)",140,lahka označena pot
1677,HE Ožbalt - Lovska koča Klančnik,135,lahka označena pot
1677,Podvelka - Lovska koča Klančnik (mimo sv. Ignacija),145,lahka označena pot
1677,Janževski Vrh (Uran) - Lovska koča Klančnik (mimo Brabarja in Hudeja),90,lahka označena pot
1677,Janževski Vrh (Uran) - Lovska koča Klančnik (mimo sv. Ignacija),115,lahka označena pot
1678,Ruše - Sveta Marija (Smolnik),125,lahka označena pot
1678,Smolnik (Marotov most) - Sveta Marija (Smolnik) (po dolini Lobnice),125,lahka označena pot
1679,Vuhred - Sveti Anton (Sveti Anton na Pohorju),135,"lahka označena pot, lahka neoznačena steza"
1680,Dravograd (na Meži) - Sveti Danijel (nad Trbonjami),90,lahka neoznačena steza
1681,Dravograd (na Meži) - Golarjev vrh,110,lahka označena pot
1682,Orešnik - Sveta Barbara nad Slovenj Gradcem,75,lahka označena pot
1683,Zgornja Bistrica (Center Vintgar) - Ribnik zahodno od Ošelja (skozi Bistriški vintgar),125,lahka označena pot
1683,Šmartno na Pohorju - Ribnik zahodno od Ošelja,45,lahka označena pot
1684,Šmartno na Pohorju - Majalova kapelica,45,lahka označena pot
1684,Zgornja Bistrica (Center Vintgar) - Majalova kapelica (skozi Bistriški vintgar),165,lahka označena pot
1685,Lovrenc na Pohorju - Dolina Radoljne (Pruh),105,delno zahtevna označena pot
1686,Oplotnica - Kebeljski grad (Zajčev grad),85,lahka označena pot
1686,Kebelj - Kebeljski grad (Zajčev grad),20,lahka označena pot
1686,Kebelj - Kebeljski grad (Zajčev grad) (vzhodna pot),20,lahka označena pot
1687,Šmartno na Pohorju - Ribnika Devin v Ošelju,35,lahka označena pot
1687,Zgornja Bistrica (Center Vintgar) - Ribnika Devin v Ošelju (skozi Bistriški vintgar),135,lahka označena pot
1688,Zgornja Bistrica (Center Vintgar) - Maroltova jelka (Bistriški vintgar),105,lahka označena pot
1689,Zgornja Polskava - Sveti Martin (Šmartno na Pohorju) (skozi Polskavski vintgar),165,lahka označena pot
1689,Zgornja Polskava - Sveti Martin (Šmartno na Pohorju) (čez Kočno pri Polskavi),135,lahka označena pot
1690,Zreče (Terme Zreče) - Golek,85,lahka označena pot
1690,Zreče (pokopališče) - Golek,75,lahka označena pot
1690,Zreče (Terme Zreče) - Golek (čez Bork),90,lahka označena pot
1690,Zreče (Terme Zreče) - Golek (mimo Izletniške kmetije Ančka),95,lahka označena pot
1690,Zreče (Terme Zreče) - Golek (strma pot),80,lahka neoznačena steza
1691,Zreče (cerkev sv. Egidija) - Gorenje pri Zrečah,75,lahka označena pot
1691,Zreče (cerkev sv. Egidija) - Gorenje pri Zrečah (mimo sv. Martina),80,lahka označena pot
1692,Center Vintgar - Razgledna ploščad pri Ančnikovem gradišču (skozi Bistriški vintgar),90,lahka označena pot
1693,Dravograd (na Meži) - Anski vrh (nad Pamečami),180,lahka označena pot
1694,Zgornja Bistrica (Center Vintgar) - Ančnikovo gradišče,80,lahka označena pot
1695,Oplotnica - Sveti Lenart (Koritno),70,lahka označena pot
1696,Šmartno na Pohorju - Šetorov mlin,45,lahka označena pot
1696,Zgornja Bistrica (Center Vintgar) - Šetorov mlin (skozi Bistriški vintgar),165,lahka označena pot
1697,Žička kartuzija - Trije križi na Konjiški gori,70,lahka označena pot
1698,"Ruše - Pečke ((delna pešpot), klasičen pristop)",75,lahka označena pot
1698,Sp. postaja Pohorske vzpenjače - Pečke (preko Meranovega),120,lahka neoznačena steza
1698,Log - Pečke (strma pot),60,lahka označena pot
1698,Log - Pečke (čez Meranovo),105,"lahka neoznačena steza, lahka označena pot"
1698,Log - Pečke (po cesti),65,lahka neoznačena steza
1699,Brda - Sveta Magdalena (Brda),40,lahka označena pot
1700,Janževski Vrh (Uran) - Ribnica na Pohorju,100,lahka označena pot
1701,Ruta - Lobnikov vrh (krožna pot),150,delno zahtevna neoznačena pot
1701,Činžat - Lobnikov vrh,60,lahka neoznačena steza
1701,Puščava - Lobnikov vrh,80,lahka neoznačena steza
1701,Fala Grad - Lobnikov vrh,75,lahka neoznačena steza
1702,Lovrenc na Pohorju (pokopališče) - Koglerjev vrh,45,lahka neoznačena steza
1702,Lovrenc na Pohorju (pokopališče) - Koglerjev vrh (čez Hožičev vrh),60,lahka neoznačena steza
1703,Fram - Sveti Križ (Planica),120,lahka označena pot
1704,Oplotnica - Sveti Miklavž (Koritno),55,lahka označena pot
1705,Fram - Lovski dom - LD Fram,105,lahka označena pot
1706,Vuzenica - Sveti Primož (Sveti Primož na Pohorju),90,lahka označena pot
1707,Vuzenica - Sveti Janez Krstnik (Šentjanž nad Dravčami),85,lahka označena pot
1708,Zgornja Bistrica (Center Vintgar) - Sv. Peter in Pavel (Veliko Tinje),80,lahka označena pot
1709,Fram - Potnikova smreka,130,lahka označena pot
1709,Sveti Križ (Planica) - Potnikova smreka,10,lahka označena pot
1710,Zgornja Sveča (Dolina Winettou) - Jelovice (po Stoperški planinski poti),60,"lahka označena pot, lahka neoznačena steza"
1710,Naraplje - Jelovice,100,lahka označena pot
1710,Stogovci (Vabča vas) - Jelovice,100,lahka označena pot
1711,Ruše - Globokarjev vrh,75,lahka neoznačena steza
1712,Oplotnica - Brinjeva gora (nad Zrečami) (po gozdni poti),90,lahka označena pot
1712,Oplotnica - Brinjeva gora (nad Zrečami) (nad kamnolomom),90,lahka označena pot
1712,Zreče (Terme Zreče) - Brinjeva gora (nad Zrečami) (po PP1),45,lahka označena pot
1712,Zreče (Terme Zreče) - Brinjeva gora (nad Zrečami) (čez Goliko),60,lahka označena pot
1712,Zreče (Terme Zreče) - Brinjeva gora (nad Zrečami) (mimo kmetije Pudgrošek),50,lahka označena pot
1713,Zreče (Terme Zreče) - Golika,50,lahka označena pot
1714,Oplotnica - Sveti Mohor (Lačna Gora),45,lahka označena pot
1715,Lovrenc na Pohorju (pokopališče) - Hožičev vrh,40,lahka označena pot
1716,Zgornja Bistrica (Center Vintgar) - Slap Šum (Bistriški vintgar),60,lahka označena pot
1717,Naraplje - Kerješetov vrh,90,lahka neoznačena steza
1717,Stogovci (Vabča vas) - Kerješetov vrh,90,lahka označena pot
1718,Zreče (Terme Zreče) - Sveti Martin (Zlakova) (po PP1),55,lahka označena pot
1718,Zreče (cerkev sv. Egidija) - Sveti Martin (Zlakova) (po PP4),40,lahka označena pot
1719,Zgornja Polskava - Grad Gromberg,75,lahka označena pot
1720,Ruše - Lorbekov vrh,45,lahka neoznačena steza
1721,Parkirišče na jasi - Rudnica (nad Podčetrtkom) (srednja krožna pot po Rudnici),80,lahka označena pot
1721,Parkirišče pod stolpom - Rudnica (nad Podčetrtkom) (mikro krožna pot na stolp),30,lahka označena pot
1721,Parkirišče pri cerkvi v Podčetrtku - Rudnica (nad Podčetrtkom) (daljša krožna pot),135,lahka označena pot
1721,Parkirišče pod stolpom - Rudnica (nad Podčetrtkom) (kratka krožna pot z zavetiščem Šmarnica),40,lahka označena pot
1721,Parkirišče pri cerkvi v Podčetrtku - Rudnica (nad Podčetrtkom) (dolga krožna pot po Rudnici),270,lahka označena pot
1721,Minoritski samostan Olimje - Rudnica (nad Podčetrtkom) (Neposredna pot Olimje - Stolp zdravja in veselja),90,lahka označena pot
1721,Slake (cerkev Device Marije na Pesku) - Rudnica (nad Podčetrtkom) (Slake - Stolp zdravja in veselja),70,lahka označena pot
1722,Naraplje - Sveti Bolfenk (Jelovice),60,lahka označena pot
1722,Stogovci (Vabča vas) - Sveti Bolfenk (Jelovice),60,lahka označena pot
1723,Spodnje Radvanje - Arheološko najdišče Poštela,40,lahka označena pot
1724,Dravograd (na Meži) - Skala (nad Dravogradom),25,lahka označena pot
1725,Slovenj Gradec - Gradišče (nad Slovenj Gradcem),30,"lahka označena pot, lahka neoznačena steza"
1726,Velika Varnica - Sveti Avguštin (strma pot),30,lahka neoznačena steza
1726,Cvetlin - Sveti Avguštin (Stara romarska pot),50,lahka neoznačena steza
1726,Zgornji Leskovec - Sveti Avguštin,210,lahka označena pot
1726,Podlehnik - Sveti Avguštin,210,lahka označena pot
1727,Ruše - Kluže,45,lahka neoznačena steza
1728,Zgornja Polskava - Slap Šum (Polskavski vintgar),75,lahka označena pot
1729,Zreče (Terme Zreče) - Izletniška kmetija Ančka,40,lahka označena pot
1729,Zreče (pokopališče) - Izletniška kmetija Ančka,20,lahka označena pot
1731,Doklece - Janški vrh (po cesti),45,lahka označena pot
1731,Naraplje - Janški vrh,90,lahka označena pot
1731,Dolena (Stojana vas) - Janški vrh,50,lahka označena pot
1732,Slovenska Bistrica (cerkev sv. Jerneja) - Sv. Marjeta (Ritoznoj) (po cesti),60,lahka označena pot
1734,Fram - Vodni izvir Zlati studenec,10,lahka označena pot
1735,Zgornji Leskovec - Zveličarjeva kapela (Velika Varnica),120,lahka označena pot
1736,Lovrenc na Dravskem polju - Ptujska Gora,75,lahka označena pot
1736,Doklece - Ptujska Gora,40,lahka označena pot
1736,Ptujska Gora (krožišče) - Ptujska Gora,10,lahka označena pot
1736,Stogovci - Ptujska Gora,35,lahka označena pot
1737,Lovrenški most - Kapela sv. Ane v Puščavi,20,lahka označena pot
1737,Puščava - Kapela sv. Ane v Puščavi,8,lahka označena pot
1738,Makole - Cerkev sv. Treh kraljev v Ješovcu,90,lahka označena pot
1738,Poljčane - Cerkev sv. Treh kraljev v Ješovcu,135,lahka označena pot
1739,Zgornje Poljčane - Sveta Lucija nad Studenicami,75,lahka označena pot
1739,Studenice - Sveta Lucija nad Studenicami,20,lahka neoznačena steza
1739,Zgornje Poljčane - Sveta Lucija nad Studenicami (ob Studeniškem gradu),95,lahka označena pot
1740,Makole - Dvorec Štatenberg,25,lahka označena pot
1741,Pivola (Botanični vrt Univerze v Mariboru) - Pivola (Botanični vrt Univerze v Mariboru) (pot ob meji občine Hoče - Slivnica),840,lahka označena pot
1742,Selo - Tošč,60,lahka označena pot
1742,Topol - Tošč (čez Grmado),135,lahka označena pot
1742,Polhov Gradec - Tošč (čez Grmado),150,lahka označena pot
1742,Turistična kmetije Gonte - Tošč,45,lahka označena pot
1742,Topol - Tošč (direktna pot),120,lahka označena pot
1742,Polhov Gradec - Tošč (skozi Mačkov graben),110,lahka označena pot
1742,Dom na Govejku - Tošč,105,lahka označena pot
1742,Kmetija Rovtar - Tošč (Via Dida),75,"delno zahtevna neoznačena pot, lahka označena pot"
1742,Trnovec - Tošč,95,lahka označena pot
1742,Gabrje - Tošč,185,lahka označena pot
1742,Petačev graben - Tošč (mimo sv. Jedert),110,lahka označena pot
1742,Sveta Barbara (Logar) - Tošč (skozi Kozjekov graben),110,"lahka neoznačena steza, lahka označena pot"
1742,Sveta Barbara (Logar) - Tošč (mimo kmetije Vodnik),100,"lahka neoznačena steza, lahka označena pot"
1743,Črni Vrh - Pasja ravan,60,lahka označena pot
1743,Hotovlja - Pasja ravan,105,lahka označena pot
1743,Selo - Pasja ravan (mimo Ostreža),135,lahka označena pot
1743,Ernejčkov graben - Pasja ravan,195,lahka označena pot
1744,Smrečje - Goli vrh,90,lahka neoznačena steza
1744,Suhi Dol - Goli vrh (Uradna markirana pot),60,lahka označena pot
1745,Ernejčkov graben - Sivka,120,lahka označena pot
1745,Hotovlja - Sivka (čez Pasjo ravan),180,lahka označena pot
1745,Suhi Dol - Sivka (skozi gozd),90,lahka označena pot
1745,Lučine - Sivka,50,lahka neoznačena steza
1745,Prelesje - Sivka,60,lahka neoznačena steza
1745,Ljubljanica - Sivka,145,lahka označena pot
1745,Suhi Dol - Sivka (po cesti),100,lahka označena pot
1746,Selo - Mlaka,70,lahka označena pot
1746,Prosen - Mlaka,20,lahka označena pot
1747,Žiri - Javorč,75,lahka neoznačena steza
1747,Gorenja vas - Javorč (čez Jermanco),120,lahka označena pot
1747,Dolenja Dobrava - Javorč,90,lahka označena pot
1748,Topol - Polhograjska Grmada,75,lahka označena pot
1748,Polhov Gradec (Božna) - Polhograjska Grmada (čez Setnico),90,lahka označena pot
1748,Polhov Gradec - Polhograjska Grmada (čez Ravnek in Malo Grmado),90,lahka označena pot
1748,Turistična kmetija Gonte - Polhograjska Grmada,25,lahka označena pot
1748,Dvor - Polhograjska Grmada (čez Malo Grmado),105,lahka označena pot
1748,Belica - Polhograjska Grmada,90,lahka označena pot
1748,Polhov Gradec (Božna) - Polhograjska Grmada (skozi Mačkov graben),90,lahka označena pot
1748,Polhov Gradec - Polhograjska Grmada (čez Ravnek),90,lahka označena pot
1748,Trnovec - Polhograjska Grmada,75,lahka označena pot
1748,Belo - Polhograjska Grmada,80,lahka označena pot
1748,Dvor - Polhograjska Grmada,105,lahka označena pot
1748,Gabrje - Polhograjska Grmada,140,lahka označena pot
1748,Dolina Ločnice - Polhograjska Grmada (mimo Robeža),90,"lahka neoznačena steza, lahka označena pot"
1748,Topol - Polhograjska Grmada (mimo Robeža),105,"lahka neoznačena steza, lahka označena pot"
1748,Preval - Polhograjska Grmada,165,lahka označena pot
1748,Polhov Gradec - Polhograjska Grmada (čez Ravnek in mimo sv. Uršule),110,lahka neoznačena steza
1749,Trnovec - Gontarska planina,90,lahka označena pot
1749,Dom na Govejku - Gontarska planina,35,lahka označena pot
1750,Smrečje - Lavrovec,40,lahka označena pot
1751,Sotočje Male in Velike Božne - Sveti Lenart,105,delno zahtevna označena pot
1752,Sv. Andrej - Sveti Ožbolt (nad Zmincem),60,lahka označena pot
1752,Selo - Sveti Ožbolt (nad Zmincem),75,lahka označena pot
1752,Puštal (Na Dobravi) - Sveti Ožbolt (nad Zmincem),135,lahka označena pot
1752,Sveta Barbara (Nova Hrastnica) - Sveti Ožbolt (nad Zmincem),100,lahka neoznačena steza
1753,Sora - Osolnik (čez Hom),110,lahka označena pot
1753,Dom na Govejku - Osolnik,60,lahka označena pot
1753,Trnovec - Osolnik (po cesti),80,lahka označena pot
1753,Puštal - Osolnik,135,lahka označena pot
1753,Sora - Osolnik (po pešpoti),95,lahka označena pot
1753,Sora - Osolnik (po cesti),100,lahka označena pot
1753,Trnovec - Osolnik (skozi Mavški graben),75,lahka označena pot
1753,Trnovec - Osolnik (skozi Govejski graben),75,lahka označena pot
1753,Gosteče - Osolnik (čez Vidmovec),90,lahka neoznačena steza
1753,Sveta Barbara (Nova Hrastnica) - Osolnik,110,lahka neoznačena steza
1753,Puštal (Na Dobravi) - Osolnik,120,lahka označena pot
1753,Hosta - Osolnik,130,lahka neoznačena steza
1754,Dvor - Mala Grmada,90,lahka označena pot
1754,Polhov Gradec - Mala Grmada (čez Ravnek in mimo sv. Uršule),95,lahka neoznačena steza
1754,Polhov Gradec (Božna) - Mala Grmada (čez Setnico),75,lahka označena pot
1754,Polhov Gradec (Božna) - Mala Grmada (mimo sv. Uršule),70,lahka neoznačena steza
1755,Hotovlja - Bukov vrh (peš pot),60,lahka označena pot
1755,Hotovlja - Bukov vrh (po cesti),90,lahka neoznačena steza
1756,Polhov Gradec (Blagajev grad) - Polhograjska Gora (Sveti Lovrenc),65,lahka označena pot
1756,Praproče - Polhograjska Gora (Sveti Lovrenc) (položna pot),50,lahka označena pot
1756,Briše - Polhograjska Gora (Sveti Lovrenc) (strma pot),90,delno zahtevna označena pot
1756,Briše - Polhograjska Gora (Sveti Lovrenc) (položna pot),95,lahka označena pot
1756,Praproče - Polhograjska Gora (Sveti Lovrenc) (strma pot),45,delno zahtevna označena pot
1756,Polhov Gradec (Blagajev grad) - Polhograjska Gora (Sveti Lovrenc) (mimo grajskega vodnega zajetja),70,lahka označena pot
1756,Zalog - Polhograjska Gora (Sveti Lovrenc) (položna pot),90,lahka označena pot
1756,Zalog - Polhograjska Gora (Sveti Lovrenc) (strma pot),85,delno zahtevna označena pot
1756,Polhov Gradec (Blagajev grad) - Polhograjska Gora (Sveti Lovrenc) (po kolovozu),75,lahka označena pot
1757,Črni Vrh - Veliki hrib,25,lahko brezpotje
1758,Belo - Goljek,40,lahka označena pot
1758,Gabrje - Goljek,100,lahka označena pot
1758,Topol - Goljek,20,lahka označena pot
1758,Topol - Goljek (po zahodnem grebenu),30,lahka označena pot
1759,Topol - Sveti Jakob,40,lahka označena pot
1759,Legastja - Sveti Jakob,70,lahka označena pot
1759,Preska - Sveti Jakob,105,lahka označena pot
1759,Gabrje - Sveti Jakob,90,lahka označena pot
1759,Sora - Sveti Jakob,105,lahka označena pot
1759,Legastja - Sveti Jakob (severna pot),60,lahka označena pot
1759,Topol - Sveti Jakob (mimo domačije na Vihri),45,lahka označena pot
1759,Žlebe - Sveti Jakob (čez Jeterbenk),135,lahka označena pot
1759,Preval - Sveti Jakob,125,lahka označena pot
1759,Slavkov dom na Golem Brdu - Sveti Jakob,125,lahka označena pot
1759,Žlebe - Sveti Jakob (čez Turnice),120,lahka označena pot
1759,Preska - Sveti Jakob (čez Jeterbenk),195,lahka označena pot
1759,Preska - Sveti Jakob (čez Turnice),180,lahka označena pot
1759,Rakovnik - Sveti Jakob (čez Breznik),110,lahka neoznačena steza
1760,Ljubljanica - Marinčeva planina (Hrib),75,lahko brezpotje
1760,Suhi Dol - Marinčeva planina (Hrib),35,lahko brezpotje
1761,Ljubljanica - Sveti Andrej (Planina nad Horjulom),75,lahka označena pot
1761,Suhi Dol - Sveti Andrej (Planina nad Horjulom),25,lahka označena pot
1762,Pristava - Rog (Pot roparskih vitezov Hertnberških),75,lahka označena pot
1762,Topol - Rog,30,lahka neoznačena steza
1762,Gabrje - Rog,80,lahka označena pot
1762,Legastja - Rog,75,lahka označena pot
1762,Preval - Rog,115,lahka označena pot
1762,Žlebe - Rog (čez Jeterbenk),100,lahka označena pot
1762,Preska - Rog (čez Jeterbenk),165,lahka označena pot
1762,Žlebe - Rog (čez Turnice),90,lahka označena pot
1762,Preska - Rog (čez Turnice),150,lahka označena pot
1762,Slavkov dom na Golem Brdu - Rog,100,lahka neoznačena steza
1763,Vrzdenec - Kožljek,65,lahka označena pot
1763,Samotorica - Kožljek,20,lahka označena pot
1763,Ljubljanica - Kožljek,45,lahka označena pot
1763,Mala voda - Kožljek,75,lahka neoznačena steza
1764,Trnovec - Brunarica Osovnik (po cesti),65,lahka označena pot
1764,Dom na Govejku - Brunarica Osovnik,45,lahka označena pot
1764,Sora - Brunarica Osovnik (po pešpoti),95,lahka označena pot
1764,Trnovec - Brunarica Osovnik (skozi Govejski graben),60,lahka označena pot
1764,Trnovec - Brunarica Osovnik (skozi Mavški graben),75,lahka označena pot
1764,Gosteče - Brunarica Osovnik (čez Vidmovec),100,lahka neoznačena steza
1765,Slavkov dom na Golem brdu - Jeterbenk,75,lahka označena pot
1765,Topol - Jeterbenk,45,lahka označena pot
1765,Žlebe - Jeterbenk (zahodna pot),75,lahka označena pot
1765,Gabrje - Jeterbenk,90,lahka označena pot
1765,Žlebe - Jeterbenk (čez Turnice),60,lahka označena pot
1765,Žlebe - Jeterbenk (po grebenu),65,lahka označena pot
1765,Preska - Jeterbenk (po grebenu),135,lahka označena pot
1765,Preval - Jeterbenk,125,lahka označena pot
1765,Legastja - Jeterbenk,100,lahka označena pot
1765,Preska - Jeterbenk (čez Turnice),135,lahka označena pot
1766,Suhi Dol - Stražni stolp pod vrhom Kovčka,20,lahka označena pot
1767,Petačev graben - Sveta Jedert,60,lahka označena pot
1767,Selo - Sveta Jedert,10,lahka označena pot
1768,Gabrje - Sveta Katarina (Topol),70,lahka označena pot
1768,Slavkom dom na Golem brdu - Sveta Katarina (Topol),90,lahka označena pot
1768,Topol - Sveta Katarina (Topol),15,lahka označena pot
1768,Preval - Sveta Katarina (Topol),105,lahka označena pot
1768,Legastja - Sveta Katarina (Topol),75,lahka označena pot
1768,Žlebe - Sveta Katarina (Topol) (čez Turnice),80,lahka označena pot
1768,Preska - Sveta Katarina (Topol) (čez Jeterbenk),155,lahka označena pot
1768,Žlebe - Sveta Katarina (Topol) (čez Jeterbenk),95,lahka označena pot
1768,Preska - Sveta Katarina (Topol) (čez Turnice),140,lahka označena pot
1769,Legastja - Dom na Govejku (po cesti),45,lahka označena pot
1769,Trnovec - Dom na Govejku,60,lahka označena pot
1770,Horjul - Koreno (položna pot),65,lahka označena pot
1770,Preval Prosca - Koreno (položna pot),75,lahka označena pot
1770,Polhov Gradec - Koreno,105,lahka označena pot
1770,Vrzdenec - Koreno (mimo svetega Mihaela),105,lahka označena pot
1770,Briše - Koreno,50,lahka označena pot
1770,Horjul - Koreno (strma pot),60,lahka označena pot
1770,Preval Prosca - Koreno (strma pot),60,lahka označena pot
1770,Mala voda - Koreno,75,lahka neoznačena steza
1770,Zaklanec - Koreno,75,lahka označena pot
1770,Srednja vas - Koreno,80,lahka neoznačena steza
1771,Gorenja vas - Jermanca (Jermancov grič),55,lahka označena pot
1772,Sora - Hom (peš pot),50,lahka označena pot
1772,Sora - Hom (po cesti),65,lahka označena pot
1772,Sora - Hom (položnejša pot),55,lahka označena pot
1772,Sora - Hom (strma mimo pokopališča),50,lahka neoznačena steza
1773,Praproče - Mali vrh,35,lahka označena pot
1773,Briše - Mali vrh,65,lahka neoznačena steza
1773,Polhov Gradec (Blagajev grad) - Mali vrh,80,lahka označena pot
1774,Dvor - Kucelj nad Polhovim Gradcem (po markirani poti),60,lahka neoznačena steza
1774,Polhov Gradec - Kucelj nad Polhovim Gradcem (čez Ravnek),60,lahka neoznačena steza
1774,Dvor - Kucelj nad Polhovim Gradcem (po nemarkirani poti),60,lahka neoznačena steza
1775,Polhov Gradec (Božna) - Sveta Uršula (Setnica),50,lahka označena pot
1775,Polhov Gradec - Sveta Uršula (Setnica) (čez Ravnek),75,lahka neoznačena steza
1776,Belica - Kregovnik,60,lahka označena pot
1777,Ljubljanica - Sveta Ana (Butajnova),35,lahka označena pot
1778,Preska - Sveti Florijan (Tehovec),75,lahka označena pot
1778,Sora - Sveti Florijan (Tehovec),75,lahka označena pot
1778,Legastja - Sveti Florijan (Tehovec),50,lahka označena pot
1778,Rakovnik - Sveti Florijan (Tehovec) (čez Breznik),80,lahka neoznačena steza
1779,Vikrče - Grmada (Pogačnikova pot),60,zelo zahtevna označena pot
1779,Vikrče - Grmada (Westrova pot),60,delno zahtevna označena pot
1779,Šmartno - Grmada,55,lahka označena pot
1779,Tacen - Grmada (Mazijeva steza),70,lahka označena pot
1779,Tacen - Grmada (čez Spodnjo Kuhinjo),60,lahka označena pot
1779,Vikrče - Grmada (Mazijeva steza),65,lahka označena pot
1779,Lipa - Grmada (pot čez Peske),60,lahka označena pot
1779,Skaručna - Grmada,110,lahka označena pot
1779,Povodje - Grmada,110,lahka označena pot
1779,Vikrče - Grmada (čez Zatrep),75,lahka označena pot
1779,Tacen (Sveti Jurij) - Grmada,65,lahka označena pot
1779,Spodnje Pirniče - Grmada (učna pot),75,lahka označena pot
1779,Vikrče - Grmada (Kovačeva steza),70,lahka označena pot
1779,Vikrče - Grmada (učna pot),80,lahka označena pot
1779,Lipa - Grmada (po cesti),70,lahka označena pot
1779,Spodnje Pirniče - Grmada (po Kovačevi stezi in čez Sedlo),75,lahka označena pot
1779,Spodnje Pirniče - Grmada (Kovačeva steza),70,lahka neoznačena steza
1779,Vikrče - Grmada (po Kovačevi stezi in čez Sedlo),75,lahka označena pot
1780,Trnovec - Dominov dom (po cesti),45,lahka označena pot
1781,Tacen - Šmarna gora (čez Spodnjo Kuhinjo),55,lahka označena pot
1781,Vikrče - Šmarna gora (Pogačnikova pot),90,zelo zahtevna označena pot
1781,Šmartno - Šmarna gora (Šmartinska pot),50,lahka označena pot
1781,Šmartno - Šmarna gora (Partizanska steza),45,lahka označena pot
1781,Lipa - Šmarna gora (pot čez Peske),55,lahka označena pot
1781,Vikrče - Šmarna gora (Westrova pot),90,delno zahtevna označena pot
1781,Tacen (Sveti Jurij) - Šmarna gora (Romarska pot),60,lahka označena pot
1781,Tacen - Šmarna gora (Partizanska steza),60,lahka označena pot
1781,Lipa - Šmarna gora (po cesti),65,lahka označena pot
1781,Vikrče - Šmarna gora (Mazijeva steza),95,lahka označena pot
1781,Šmartno - Šmarna gora (pot okrog Šmarne gore),90,lahka označena pot
1781,Tacen (Sveti Jurij) - Šmarna gora (Partizanska steza),60,lahka označena pot
1781,Spodnje Pirniče - Šmarna gora (učna pot),70,lahka označena pot
1781,Vikrče - Šmarna gora (čez Zatrep),70,lahka označena pot
1781,Povodje - Šmarna gora (Partizanska steza),105,lahka označena pot
1781,Vikrče - Šmarna gora (Kovačeva steza),70,lahka označena pot
1781,Skaručna - Šmarna gora,90,lahka označena pot
1781,Spodnje Pirniče - Šmarna gora (Kovačeva steza),70,lahka označena pot
1781,Vikrče - Šmarna gora (učna pot),80,lahka označena pot
1781,Skaručna - Šmarna gora (Partizanska steza),105,lahka označena pot
1781,Skaručna - Šmarna gora (čez Sedlo),95,lahka označena pot
1781,Povodje - Šmarna gora,90,lahka označena pot
1781,Povodje - Šmarna gora (čez Sedlo),95,lahka označena pot
1782,Ljubljanica - Kugelč (Šentjošt nad Horjulom) (krajša pot),40,"lahka označena pot, lahko brezpotje"
1782,Ljubljanica - Kugelč (Šentjošt nad Horjulom) (daljša pot),45,"lahka označena pot, lahko brezpotje"
1783,Vrzdenec - Sveti Mihael na Samotorici,45,lahka označena pot
1784,Topol - Domačija Pr Lenart (Belo),40,lahka označena pot
1784,Gabrje - Domačija Pr Lenart (Belo),60,lahka označena pot
1785,Sora - Breznik (Boben),65,lahka neoznačena steza
1785,Rakovnik - Breznik (Boben),55,lahka neoznačena steza
1786,Rašica - Rašica (Vrh Staneta Kosca) (peš pot),55,lahka označena pot
1786,Dobeno - Rašica (Vrh Staneta Kosca),30,lahka označena pot
1786,Rašica - Rašica (Vrh Staneta Kosca) (po cesti),55,lahka označena pot
1786,Grad Jablje - Rašica (Vrh Staneta Kosca),80,lahka označena pot
1786,Povodje - Rašica (Vrh Staneta Kosca),90,lahka označena pot
1786,Selo pri Vodicah - Rašica (Vrh Staneta Kosca) (stara pot),75,lahka označena pot
1786,Loka - Rašica (Vrh Staneta Kosca),80,lahka označena pot
1786,Mengeška koča na Gobavici - Rašica (Vrh Staneta Kosca) (spodnja pot),120,lahka označena pot
1786,Spodnje Dobeno - Rašica (Vrh Staneta Kosca),50,lahka označena pot
1786,Selo pri Vodicah - Rašica (Vrh Staneta Kosca) (po cesti),80,lahka označena pot
1786,Mengeška koča na Gobavici - Rašica (Vrh Staneta Kosca) (grebenska pot),120,lahka označena pot
1786,Phliški bajer - Rašica (Vrh Staneta Kosca) (grebenska pot),120,lahka označena pot
1786,Selo pri Vodicah - Rašica (Vrh Staneta Kosca),90,lahka označena pot
1786,Topole - Rašica (Vrh Staneta Kosca) (grebenska pot),130,lahka označena pot
1787,Sveta Barbara (Nova Hrastnica) - Sveta Barbara (nad Hrastnico),45,lahka neoznačena steza
1788,Brezje - Ključ,45,lahka označena pot
1788,Preval Prosca - Ključ,60,lahka označena pot
1788,Dolenja vas (Kosmulj) - Ključ,70,lahka označena pot
1788,Sveti Urh - Ključ,60,lahka označena pot
1789,Puštal (Na Dobravi) - Sveti Andrej (nad Zmincem),75,lahka označena pot
1789,Sveta Barbara (Nova Hrastnica) - Sveti Andrej (nad Zmincem),50,lahka neoznačena steza
1790,Dobrova - Vrhe nad Dobrovo,50,lahka neoznačena steza
1790,Hruševo - Vrhe nad Dobrovo,60,lahka neoznačena steza
1791,Polhov Gradec - Visoki hrib,75,lahka označena pot
1791,Preval Prosca - Visoki hrib,50,lahka označena pot
1792,Ljubljana (Podutik) - Toško Čelo,60,lahka označena pot
1792,Ljubljana (Šentvid) - Toško Čelo,105,lahka označena pot
1792,Preval - Toško Čelo,35,lahka označena pot
1792,Strmica - Toško Čelo (mimo Brezarjevega brezna),45,lahka neoznačena steza
1792,Šujica (Na Gmajni) - Toško Čelo (ob potoku Ostrožnik),55,lahka neoznačena steza
1792,Šujica (Na Gmajni) - Toško Čelo,50,lahka neoznačena steza
1793,Gorenja Dobrava - Sveti Urban (nad Gorenjo Dobravo),25,lahka označena pot
1793,PC Todraž - Sveti Urban (nad Gorenjo Dobravo),25,lahka neoznačena steza
1794,Povodje - Veliki vrh (Rašica),45,lahka neoznačena steza
1795,Briše - Sveti Martin nad Brišami,35,lahka neoznačena steza
1796,Polhov Gradec (Blagajev grad) - Sveti Jurij (Praproče),45,lahka označena pot
1797,Brezje - Partizanski dom na Ključu,30,lahka označena pot
1797,Preval Prosca - Partizanski dom na Ključu,70,lahka označena pot
1797,Dolenja vas (Kosmulj) - Partizanski dom na Ključu,65,lahka označena pot
1797,Sveti Urh - Partizanski dom na Ključu,70,lahka označena pot
1798,Vrzdenec - Gradišče nad Žažarjem (skozi Žažar),60,lahka neoznačena steza
1798,Vrzdenec - Gradišče nad Žažarjem (mimo Plese),45,lahka neoznačena steza
1799,Brezovica pri Ljubljani - Vrh (Debeli hrib),60,lahka neoznačena steza
1799,Dragomer - Vrh (Debeli hrib),40,lahka neoznačena steza
1799,Dragomer - Vrh (Debeli hrib) (po Pentlji),60,lahka označena pot
1799,Brezje pri Dobrovi - Vrh (Debeli hrib) (mimo Strmce),70,lahka neoznačena steza
1799,Brezje pri Dobrovi - Vrh (Debeli hrib) (čez Strmco),75,lahka označena pot
1799,Dragomer (OŠ Log-Dragomer) - Vrh (Debeli hrib) (čez Strmec in Strmco),120,lahka neoznačena steza
1799,Sveti Lovrenc nad Dragomerom - Vrh (Debeli hrib) (mimo Vrhovčevega griča),45,lahka neoznačena steza
1800,Brezovica pri Ljubljani (Radna) - Gradišče (nad Dobrovo),45,lahka označena pot
1800,Ljubljana (G Design Hotel) - Gradišče (nad Dobrovo),45,lahka označena pot
1801,Polhov Gradec - Planinski dom na Ravneku,25,lahka označena pot
1802,Valburga - Smledniški hrib (Stari grad) (čez Kalvarijo),20,lahka neoznačena steza
1802,Repnje - Smledniški hrib (Stari grad),75,lahka označena pot
1802,Valburga - Smledniški hrib (Stari grad) (po cesti),15,lahka neoznačena steza
1802,Hraše - Smledniški hrib (Stari grad),45,lahka neoznačena steza
1802,Skaručna - Smledniški hrib (Stari grad) (čez Zapoški hrib),100,lahka označena pot
1803,Brezje pri Dobrovi - Vrhovčev grič (čez Strmco),50,lahka označena pot
1803,Dragomer (OŠ Log-Dragomer) - Vrhovčev grič (čez Strmec in Strmco),95,lahka neoznačena steza
1803,Sveti Lovrenc nad Dragomerom - Vrhovčev grič,30,lahka neoznačena steza
1803,Dragomer (bajer) - Vrhovčev grič (mimo Ferjanke in čez Strmco),70,lahka označena pot
1803,Brezje pri Dobrovi - Vrhovčev grič (mimo Strmce),45,lahka neoznačena steza
1804,Žlebe - Sveta Marjeta pod Jeterbenkom,10,lahka označena pot
1804,Preska - Sveta Marjeta pod Jeterbenkom,75,lahka označena pot
1804,Žlebe - Sveta Marjeta pod Jeterbenkom (čez travnik),15,lahka označena pot
1805,Dolenja vas (Kosmulj) - Bezenica,15,lahka označena pot
1806,Dragomer - Strmca (čez Debeli hrib),75,lahka označena pot
1806,Dragomer - Strmca (mimo Ferjanke),45,lahka označena pot
1806,Log pri Brezovici - Strmca,60,lahka označena pot
1806,Brezje pri Dobrovi - Strmca,25,lahka označena pot
1806,Pavliček - Strmca,30,lahka označena pot
1806,Dragomer (OŠ Log-Dragomer) - Strmca (čez Strmec),70,lahka neoznačena steza
1806,Sveti Lovrenc nad Dragomerom - Strmca (čez Vrhovčev grič),50,lahka neoznačena steza
1807,Suhadole - Koseški hrib (mimo Mlinčkov),50,lahka označena pot
1807,Koseze - Koseški hrib,30,lahka označena pot
1807,Bukovica pri Vodicah - Koseški hrib (mimo Mlinčkov),50,lahka označena pot
1807,Topole - Koseški hrib,55,lahka označena pot
1807,Suhadole - Koseški hrib (po kolovozu),40,lahka neoznačena steza
1808,Polhov Gradec (Blagajev grad) - Kalvarija (južna pot),15,lahka označena pot
1808,Polhov Gradec (Blagajev grad) - Kalvarija (severna pot),15,lahka označena pot
1809,Repnje - Gradišče (Zapoški hrib),20,lahka označena pot
1810,Dragomer (bajer) - Strmec (nad Dragomerom) (mimo Ferjanke),30,lahka neoznačena steza
1810,Dragomer (OŠ Log-Dragomer) - Strmec (nad Dragomerom),30,lahka neoznačena steza
1811,Suhadole - Debeli vrh (nad Topolami),30,lahka neoznačena steza
1811,Koseze - Debeli vrh (nad Topolami),25,lahka označena pot
1811,Topole - Debeli vrh (nad Topolami),25,lahka označena pot
1812,Ljubljana (Bokalce) - Klobuk pri Ljubljani,30,lahka neoznačena steza
1812,Stranska vas (Pri Jurčku) - Klobuk pri Ljubljani,20,lahka neoznačena steza
1813,Preval - Stražni vrh,30,lahka neoznačena steza
1814,Preval - Koča Klobuk,40,lahka neoznačena steza
1814,Ljubljana (Bokalce) - Koča Klobuk,28,lahka neoznačena steza
1814,Stranska vas (Pri Jurčku) - Koča Klobuk,22,lahka neoznačena steza
1815,Mengeš - Mengeška koča na Gobavici (po trim stezi),30,lahka označena pot
1815,Mengeš - Mengeška koča na Gobavici,20,lahka označena pot
1815,Phliški bajer - Mengeška koča na Gobavici (grebenska pot),70,lahka označena pot
1815,Phliški bajer - Mengeška koča na Gobavici (spodnja pot),60,lahka označena pot
1815,Topole - Mengeška koča na Gobavici,45,lahka označena pot
1815,Grad Jablje - Mengeška koča na Gobavici (grebenska pot),125,lahka označena pot
1815,Grad Jablje - Mengeška koča na Gobavici (spodnja pot),115,lahka označena pot
1816,Rožna dolina - Šišenski hrib (Rožnik) (čez Cankarjev vrh),40,lahka označena pot
1816,Tivoli - Šišenski hrib (Rožnik) (po cesti),30,lahka označena pot
1816,Ljubljana (Koseze) - Šišenski hrib (Rožnik) (po cesti),50,lahka neoznačena steza
1817,Podolnica - Sveti Urh (nad Zaklancem),25,lahka označena pot
1817,Preval Prosca - Sveti Urh (nad Zaklancem),20,lahka označena pot
1817,Zaklanec - Sveti Urh (nad Zaklancem),15,lahka označena pot
1818,Repnje - Sveti Tilen nad Repnjami,10,lahka označena pot
1819,Hruševo (Log) - Sveti Jurij (Hruševo),20,lahka neoznačena steza
1820,Polhov Gradec (Severjeva hiša) - Severjev grič (Neuradna uhojena pot),5,delno zahtevna neoznačena pot
1821,Dragomer (OŠ Log-Dragomer) - Ferjanka (čez Strmec),40,lahka neoznačena steza
1821,Log pri Brezovici - Ferjanka (Log - Ferjanka),30,lahka neoznačena steza
1821,Dragomer (bajer) - Ferjanka,20,lahka označena pot
1822,Medno - Slavkov dom na Golem brdu,55,lahka označena pot
1822,Preska - Slavkov dom na Golem brdu,55,lahka označena pot
1823,Ljubljana (Izletniška ulica) - Straža (mimo Tabora),30,lahka neoznačena steza
1823,Ljubljana (Gameljska cesta) - Straža,15,lahka neoznačena steza
1824,Tivoli - Cankarjev vrh (Rožnik) (po cesti),40,lahka označena pot
1824,Rožna dolina - Cankarjev vrh (Rožnik) (po cesti),20,lahka označena pot
1824,Ljubljana (Koseze) - Cankarjev vrh (Rožnik) (po pešpoti),30,lahka neoznačena steza
1824,Ljubljana (Koseze) - Cankarjev vrh (Rožnik) (po cesti),60,lahka neoznačena steza
1825,Puštal - Sveti križ na Hribcu,10,lahka označena pot
1826,Polhov Gradec (Blagajev grad) - Blagajev grad (Polhograjska graščina) (Blagajeva pot),60,lahka označena pot
1827,Streliška ulica - Ljubljanski grad (po cesti),15,lahka označena pot
1827,Prule - Ljubljanski grad (po kolovozu),25,lahka označena pot
1827,Vodnikov trg - Ljubljanski grad,15,lahka označena pot
1827,Roška cesta - Ljubljanski grad,15,lahka označena pot
1827,Streliška ulica - Ljubljanski grad (po ulici Na Stolbi),15,lahka neoznačena steza
1828,Dragomer - Liparjev grič (direktna pot),15,lahka označena pot
1828,Dragomer - Liparjev grič (mimo Lukovice),20,lahka označena pot
1828,Dragomer - Liparjev grič (po kolovozu),20,lahka neoznačena steza
1829,Ljubljana (Izletniška ulica) - Tabor (nad Črnučami),15,lahka neoznačena steza
1830,Suhadole - Mlinčki,35,lahka označena pot
1830,Bukovica pri Vodicah - Mlinčki,35,lahka označena pot
1831,Ljubljana (Koseze) - Mostec,10,lahka neoznačena steza
1832,Trzin - Grad Jablje (Po Gozdni učni poti Onger),20,lahka neoznačena steza
1833,Ljubljana (Sibirija) - Koseški bajer (po PST),105,lahka označena pot
1833,Koseški bajer - Koseški bajer (krožna pot po PST),480,lahka označena pot
1834,Lontovž - Kum (peš pot),40,lahka označena pot
1834,Zidani Most - Kum (skozi Škratovo dolino (stara pot)),180,lahka označena pot
1834,Trbovlje - Kum (čez Čebulovo dolino),210,lahka označena pot
1834,Sopota - Kum (Nežina pot),120,lahka označena pot
1834,Lontovž - Kum (po cesti),50,lahka označena pot
1834,Zidani Most - Kum (skozi Škratovo dolino (nova pot)),185,lahka označena pot
1834,Hrastnik (Podkraj) - Kum (čez Matco),175,lahka označena pot
1834,Zagorje ob Savi  - Kum (čez Završje in Čebulovo dolino),180,lahka označena pot
1834,Radeče - Kum,225,lahka označena pot
1834,Dolina Sopote (Zagrad) - Kum,190,lahka označena pot
1835,Prvine - Črni vrh (Čemšeniška planina),60,lahka označena pot
1835,Čemšenik - Črni vrh (Čemšeniška planina),90,lahka označena pot
1835,Trojane - Črni vrh (Čemšeniška planina),165,lahka označena pot
1835,Planinski dom Vrhe - Črni vrh (Čemšeniška planina),90,lahka označena pot
1835,Loke - Črni vrh (Čemšeniška planina) (čez Krvavico),195,delno zahtevna označena pot
1835,Jelševica - Črni vrh (Čemšeniška planina),165,lahka označena pot
1835,Dolina Zaplaninščice - Črni vrh (Čemšeniška planina),150,lahka označena pot
1835,Loke - Črni vrh (Čemšeniška planina) (mimo Zajčeve koče),215,lahka označena pot
1835,Trbovlje - Črni vrh (Čemšeniška planina),240,lahka označena pot
1835,Podmeja - Črni vrh (Čemšeniška planina),210,lahka označena pot
1835,Izlake - Črni vrh (Čemšeniška planina),180,lahka označena pot
1835,Jesenovo - Črni vrh (Čemšeniška planina) (Špura),105,"zelo zahtevna označena pot, lahka neoznačena steza"
1835,Dom pod Reško planino - Črni vrh (Čemšeniška planina),180,lahka označena pot
1835,Izlake - Črni vrh (Čemšeniška planina) (skozi Razbor pri Čemšeniku),190,lahka označena pot
1835,Zagorje ob Savi - Črni vrh (Čemšeniška planina),245,lahka označena pot
1835,Kisovec - Črni vrh (Čemšeniška planina),220,lahka označena pot
1836,Gabrje - Trdinov vrh,120,lahka označena pot
1836,Planinski dom pri Gospodični - Trdinov vrh,50,lahka označena pot
1836,Krvavi kamen - Trdinov vrh,40,lahka označena pot
1837,Trbovlje - Javor,150,lahka neoznačena steza
1837,Planinski dom Vrhe - Javor,35,lahka neoznačena steza
1837,Podmeja - Javor,120,lahka neoznačena steza
1837,Loke - Javor (čez Krvavico),185,"delno zahtevna označena pot, lahka neoznačena steza"
1837,Loke - Javor,145,lahka neoznačena steza
1837,Dom pod Reško planino - Javor,125,lahka neoznačena steza
1838,Podmeja - Mrzlica,75,lahka označena pot
1838,Trbovlje - Mrzlica,150,lahka označena pot
1838,Matke - Mrzlica (mimo Počivalnika),150,lahka označena pot
1838,Hrastnik - Mrzlica (čez Klobuk),185,lahka označena pot
1838,Marija Reka (Strgar) - Mrzlica (stalno zaprta pot),150,lahka označena pot
1838,Hrastnik - Mrzlica (čez Ravne),185,lahka označena pot
1838,"Podmrzlica, Matke - Mrzlica",105,lahka označena pot
1838,Prebold - Mrzlica (po gozdni vlaki),190,lahka označena pot
1838,Dol pri Hrastniku - Mrzlica,170,lahka označena pot
1838,Prebold - Mrzlica (čez Kriško planino),200,lahka označena pot
1838,Matke - Mrzlica (mimo Kočeta in po gozdni vlaki),160,lahka označena pot
1838,Zavrate - Mrzlica,200,delno zahtevna označena pot
1838,Hrastnik - Mrzlica (čez Blate),180,lahka označena pot
1838,Marija Reka (Koritnikov most) - Mrzlica (čez Kriško planino),175,lahka označena pot
1838,Matke - Mrzlica (mimo Kočeta in čez Kriško planino),170,lahka označena pot
1838,Marija Reka (Koritnikov most) - Mrzlica (po gozdni vlaki),165,lahka označena pot
1839,Čemšenik - Koča na Čemšeniški planini,75,lahka označena pot
1839,Prvine - Koča na Čemšeniški planini,45,lahka označena pot
1839,Planinski dom Vrhe - Koča na Čemšeniški planini,105,lahka označena pot
1839,Trojane - Koča na Čemšeniški planini,150,lahka označena pot
1839,Jelševica - Koča na Čemšeniški planini,150,lahka označena pot
1839,Loke - Koča na Čemšeniški planini (čez Krvavico),210,delno zahtevna označena pot
1839,Dolina Zaplaninščice - Koča na Čemšeniški planini,160,lahka označena pot
1839,Loke - Koča na Čemšeniški planini (mimo Zajčeve koče),230,lahka označena pot
1839,Podmeja - Koča na Čemšeniški planini,225,lahka označena pot
1839,Trbovlje - Koča na Čemšeniški planini,255,lahka označena pot
1839,Izlake - Koča na Čemšeniški planini,165,lahka označena pot
1839,Izlake - Koča na Čemšeniški planini (skozi Razbor pri Čemšeniku),175,lahka označena pot
1839,Dom pod Reško planino - Koča na Čemšeniški planini,195,lahka označena pot
1839,Kisovec - Koča na Čemšeniški planini,205,lahka označena pot
1839,Zagorje ob Savi - Koča na Čemšeniški planini,230,lahka označena pot
1840,Štufna - Veliki Rog,50,lahka označena pot
1840,Kočevsko (Rudniško) jezero - Veliki Rog (Po medvedovih stopinjah),450,lahka označena pot
1841,Zabukovica - Gozdnik,125,lahka označena pot
1841,Lovska koča pod Gozdnikom - Gozdnik,70,lahka označena pot
1841,Laško - Gozdnik,225,lahka označena pot
1841,Zagreben (pri Dikcu) - Gozdnik,90,lahka označena pot
1841,Liboje - Gozdnik,180,lahka označena pot
1841,Spodnja Rečica - Gozdnik (čez Tolsto),200,lahka označena pot
1841,Pongrac (grobišče talcev) - Gozdnik (mimo Malega Gozdnika),125,lahka označena pot
1841,Pongrac (grobišče talcev) - Gozdnik (mimo Petelinovega vrha),120,lahka označena pot
1841,Zgornja Rečica (cerkev bl. Antona Martina Slomška) - Gozdnik,205,lahka označena pot
1842,Trbovlje - Homič,135,lahka označena pot
1842,Podmeja - Homič,60,lahka označena pot
1842,Marija Reka (Koritnikov most) - Homič (po gozdni vlaki),150,lahka označena pot
1842,Matke - Homič (mimo Kočeta in po gozdni vlaki),145,lahka označena pot
1842,Matke - Homič (mimo Kočeta in čez Kriško planino),155,lahka označena pot
1842,Prebold - Homič (po gozdni vlaki),175,lahka označena pot
1842,Marija Reka (Koritnikov most) - Homič (čez Kriško planino),160,lahka označena pot
1842,Prebold - Homič (čez Kriško planino),185,lahka označena pot
1843,Kočevje - Ledenik,135,lahka označena pot
1843,Koča pri Jelenovem studencu - Ledenik,75,lahka označena pot
1843,Slovenska vas - Ledenik,195,lahka označena pot
1844,Zidani Most - Sveta Marija (Ključevica),150,lahka označena pot
1844,Hrastnik (Podkraj) - Sveta Marija (Ključevica),170,lahka neoznačena steza
1844,Dolina Sopote (Zagrad) - Sveta Marija (Ključevica),155,lahka označena pot
1844,Radeče - Sveta Marija (Ključevica),190,lahka označena pot
1845,Planina - Mirna gora,45,lahka označena pot
1845,Vrčice - Mirna gora (čez Škrilj),130,lahka označena pot
1845,Dom na Mirni gori - Mirna gora,10,lahka označena pot
1845,Vrčice - Mirna gora (čez Planino),130,lahka označena pot
1846,Slovenska vas - Slovenski vrh,90,lahka označena pot
1846,Kočevje - Slovenski vrh,240,lahka označena pot
1846,Koča pri Jelenovem studencu - Slovenski vrh,180,lahka označena pot
1847,Kočevje - Mestni vrh (Kalanova pot),90,lahka označena pot
1847,Kočevje - Mestni vrh (Grajska pot),100,lahka označena pot
1848,Jablance - Veliki Javornik (Bohor) (čez Koprivnik),120,lahka označena pot
1848,Jablance - Veliki Javornik (Bohor) (čez Travni laz),100,lahka neoznačena steza
1848,Kozje - Veliki Javornik (Bohor) (čez Koprivnik),165,lahka označena pot
1848,Lesično - Veliki Javornik (Bohor),225,lahka označena pot
1848,Jablance - Veliki Javornik (Bohor) (mimo Koče na Bohorju),110,lahka označena pot
1848,Stara Žaga - Veliki Javornik (Bohor) (preko Skalice),130,lahka označena pot
1848,Planina pri Sevnici - Veliki Javornik (Bohor) (mimo Lovskega doma Bohor),150,lahka označena pot
1848,Planina pri Sevnici - Veliki Javornik (Bohor),150,lahka označena pot
1848,Šentvid pri Planini - Veliki Javornik (Bohor),120,lahka označena pot
1848,Podgorje ob Sevnični (Kurja vas) - Veliki Javornik (Bohor),160,lahka označena pot
1849,Trbovlje - Sveta planina (Partizanski vrh),120,lahka označena pot
1849,Podmeja - Sveta planina (Partizanski vrh),90,lahka označena pot
1849,Planinski dom Vrhe - Sveta planina (Partizanski vrh),35,lahka označena pot
1849,Potoška vas - Sveta planina (Partizanski vrh),90,lahka označena pot
1849,Loke - Sveta planina (Partizanski vrh),145,lahka označena pot
1849,Loke - Sveta planina (Partizanski vrh) (čez Krvavico),185,delno zahtevna označena pot
1849,Dom pod Reško planino - Sveta planina (Partizanski vrh),125,lahka označena pot
1850,Kočevje - Požgani hrib (Grajska pot),110,lahka označena pot
1850,Kočevje - Požgani hrib (Kalanova pot),120,lahka označena pot
1851,Vrčice - Dom na Mirni gori (po cesti),135,lahka označena pot
1851,Vrčice - Dom na Mirni gori (čez Planino),120,lahka označena pot
1851,Planina - Dom na Mirni gori,35,lahka označena pot
1851,Vrčice - Dom na Mirni gori (čez Škrilj),120,lahka označena pot
1852,Kočevje - Livoldski vrh (Grajska pot),105,lahka označena pot
1852,Novi Lazi - Livoldski vrh,70,lahka neoznačena steza
1853,Zidani Most - Veliko Kozje (mimo Gašperjeve koče),160,lahka označena pot
1853,Zidani Most - Veliko Kozje (mimo Klenovška in čez Mrzlo planino),180,lahka neoznačena steza
1853,Gračnica - Veliko Kozje,135,lahka označena pot
1853,Breg - Veliko Kozje,195,lahka označena pot
1853,Dolina Gračnice (Blatnik) - Veliko Kozje,185,lahka označena pot
1854,Hrastnik - Kal (Kalski hrib) (čez Klobuk),145,lahka označena pot
1854,Hrastnik - Kal (Kalski hrib) (čez Ravne),145,lahka označena pot
1854,Dol pri Hrastniku - Kal (Kalski hrib),130,lahka označena pot
1854,Zavrate - Kal (Kalski hrib),160,delno zahtevna označena pot
1854,Hrastnik - Kal (Kalski hrib) (čez Blate),140,lahka označena pot
1855,Jablance - Koprivnik (Bohor),80,lahka označena pot
1855,Kozje - Koprivnik (Bohor) (čez Vetrnik),190,lahka označena pot
1855,Lesično - Koprivnik (Bohor),195,lahka označena pot
1855,Planina pri Sevnici - Koprivnik (Bohor),120,lahka označena pot
1855,Planina pri Sevnici - Koprivnik (Bohor) (mimo Lovskega doma Bohor in čez Veliki Javornik),185,lahka označena pot
1855,Podgorje ob Sevnični (Kurja vas) - Koprivnik (Bohor),195,lahka označena pot
1855,Šentvid pri Planini - Koprivnik (Bohor),90,lahka označena pot
1856,Kočevje - Grad Fridrihštajn (Grajska pot),90,lahka označena pot
1856,Kočevje - Grad Fridrihštajn (plezalna pot),90,zelo zahtevna označena pot
1857,Ribnica (Lepovče) - Stene svete Ane,95,lahka označena pot
1857,Seljan - Stene svete Ane (položna pot),65,lahka označena pot
1857,Steljnik - Stene svete Ane,80,lahka označena pot
1857,Ortnek - Stene svete Ane,150,lahka označena pot
1857,Podpeč - Stene svete Ane (čez Grmado),235,lahka označena pot
1857,Gornje Retje - Stene svete Ane (čez Grmado),240,lahka označena pot
1857,Podgora - Stene svete Ane (čez Grmado),220,lahka označena pot
1857,Dule - Stene svete Ane (čez Grmado),260,lahka označena pot
1858,Krvavi kamen - Dom pri Miklavžu (po cesti),15,lahka označena pot
1859,Dolina Sopote (Zagrad) - Nebeška gora,130,lahka označena pot
1859,Zidani Most - Nebeška gora (vzhodna pot),160,lahka označena pot
1859,Radeče - Nebeška gora,165,lahka označena pot
1859,Zidani Most - Nebeška gora (zahodna pot),165,lahka označena pot
1860,Blagovica - Špilk,90,lahka označena pot
1860,Trojane - Špilk,150,lahka označena pot
1860,Trojane - Špilk (mimo križa Na Kočni),135,lahka označena pot
1861,Komarna vas - Gače,60,lahka označena pot
1862,Jablance - Skalica (Bohor) (čez Travni laz),120,lahka neoznačena steza
1862,Stara Žaga - Skalica (Bohor) (preko Možnice),100,lahka označena pot
1862,Planina pri Sevnici - Skalica (Bohor) (mimo Lovskega doma Bohor),120,lahka označena pot
1862,Jablance - Skalica (Bohor) (mimo Koče na Bohorju in čez Veliki Javornik),170,lahka označena pot
1862,Planina pri Sevnici - Skalica (Bohor) (čez Veliki Javornik),210,lahka označena pot
1862,Podgorje ob Sevnični (Kurja vas) - Skalica (Bohor),140,lahka označena pot
1862,Šentvid pri Planini - Skalica (Bohor) (čez Veliki Javornik),180,lahka označena pot
1863,Breg (Liški potok) - Lisca,125,lahka označena pot
1863,Cerje - Lisca (plezalna pot),45,izjemno zahtevna označena pot
1863,Krakovo (vinska klet Mastnak) - Lisca (čez vertikalo),105,delno zahtevna neoznačena pot
1863,Železniška postaja Sevnica - Lisca (Iz Sevnice preko Zajčje Gore na Lisco),170,lahka označena pot
1863,Krakovo (vinska klet Mastnak) - Lisca (Pastirčkova pot),115,lahka označena pot
1863,Krakovo (vinska klet Mastnak) - Lisca (čez Skalce),110,lahka označena pot
1863,Planina pri Sevnici - Lisca,275,lahka označena pot
1863,Krakovo (vinska klet Mastnak) - Lisca (mimo sv. Jošta),115,lahka označena pot
1863,Sevnica - Lisca (čez Zajčjo Goro in Skalce),175,lahka označena pot
1863,Sevnica - Lisca (čez Zajčjo Goro in po Pastirčkovi poti),180,lahka označena pot
1863,Breg - Lisca (mimo sv. Lovrenca),205,lahka označena pot
1863,Podgorje ob Sevnični (Kurja vas) - Lisca,220,lahka označena pot
1863,Sevnica - Lisca (čez Zajčjo Goro in mimo sv. Jošta.),180,lahka označena pot
1863,Dolina Gračnice (Blatnik) - Lisca,220,lahka označena pot
1864,Hrastnik - Planinski dom na Kalu (čez Klobuk),135,lahka označena pot
1864,Hrastnik - Planinski dom na Kalu (čez Ravne),135,lahka označena pot
1864,Dol pri Hrastniku - Planinski dom na Kalu,120,lahka označena pot
1864,Hrastnik - Planinski dom na Kalu (čez Blate),130,lahka označena pot
1864,Zavrate - Planinski dom na Kalu,150,delno zahtevna označena pot
1865,Laško - Malič,135,lahka označena pot
1865,Liboje - Malič,120,lahka označena pot
1865,Zagreben (pri Dikcu) - Malič,90,lahka označena pot
1865,Spodnja Rečica - Malič (čez Tolsto),135,lahka označena pot
1865,Tremerje - Malič (po vzhodnem grebenu Maliča),100,"lahka označena pot, lahka neoznačena steza"
1865,Tremerje - Malič (po zahodnem grebenu Maliča),120,lahka označena pot
1865,Laško - Malič (po vzhodnem grebenu Maliča),110,"lahka označena pot, lahka neoznačena steza"
1865,Zgornja Rečica (cerkev bl. Antona Martina Slomška) - Malič,140,lahka označena pot
1866,Planina pri Sevnici - Mala Lisca,260,"lahka označena pot, lahka neoznačena steza"
1866,Podgorje ob Sevnični (Kurja vas) - Mala Lisca,205,"lahka označena pot, lahka neoznačena steza"
1867,Planina pri Sevnici - Ješivec,220,lahka označena pot
1867,Podgorje ob Sevnični (Kurja vas) - Ješivec,165,lahka označena pot
1867,Krakovo (vinska klet Mastnak) - Ješivec,135,lahka neoznačena steza
1867,Sevnica - Ješivec (čez Zajčjo Goro),200,lahka neoznačena steza
1868,Podgorje ob Sevnični (Kurja vas) - Zaloška gora,115,lahka označena pot
1869,Mlinše - Roviškovec,120,ni podatka
1869,Krače - Roviškovec (zahodna pot),90,lahka označena pot
1869,Krače - Roviškovec (vzhodna pot),90,lahka označena pot
1870,Prebold - Reška planina,190,delno zahtevna označena pot
1870,Marija Reka (Strgarjev kamnolom) - Reška planina,145,delno zahtevna označena pot
1870,Prebold - Reška planina (čez Gradišče),190,delno zahtevna označena pot
1870,Podmeja - Reška planina (po grebenu),125,lahka označena pot
1870,Prebold - Reška planina (čez Tolsti vrh in Strnik),180,lahka označena pot
1870,Prebold - Reška planina (mimo Žvajge),205,delno zahtevna označena pot
1871,Lesično - Debeli vrh (Bohor),105,lahka označena pot
1871,Kozje - Debeli vrh (Bohor) (čez Vetrnik),155,lahka označena pot
1871,Jablance - Debeli vrh (Bohor),95,lahka označena pot
1871,Planina pri Sevnici - Debeli vrh (Bohor),150,lahka označena pot
1871,Šentvid pri Planini - Debeli vrh (Bohor),120,lahka označena pot
1872,Jablance - Plešivec (Bohor),65,lahka označena pot
1872,Planina pri Sevnici - Plešivec (Bohor),120,"lahka označena pot, lahka neoznačena steza"
1872,Planina pri Sevnici - Plešivec (Bohor) (mimo Lovskega doma Bohor in čez Veliki Javornik),190,"lahka označena pot, lahka neoznačena steza"
1872,Šentvid pri Planini - Plešivec (Bohor),95,"lahka označena pot, lahka neoznačena steza"
1872,Podgorje ob Sevnični (Kurja vas) - Plešivec (Bohor),200,"lahka označena pot, lahka neoznačena steza"
1873,Jablance - Petrova skala na Bohorju (mimo Koče na Bohorju),65,lahka označena pot
1873,Planina pri Sevnici - Petrova skala na Bohorju (mimo Lovskega doma Bohor in čez Veliki Javornik),185,lahka označena pot
1873,Planina pri Sevnici - Petrova skala na Bohorju,120,lahka označena pot
1873,Podgorje ob Sevnični (Kurja vas) - Petrova skala na Bohorju,195,lahka označena pot
1873,Šentvid pri Planini - Petrova skala na Bohorju,90,lahka označena pot
1874,Prebold - Adijev bivak na Reški planini,180,delno zahtevna označena pot
1874,Podmeja - Adijev bivak na Reški planini (po grebenu),130,lahka označena pot
1874,Prebold - Adijev bivak na Reški planini (čez Tolsti vrh in Strnik),185,lahka označena pot
1874,Marija Reka (Strgarjev kamnolom) - Adijev bivak na Reški planini,135,delno zahtevna označena pot
1874,Prebold - Adijev bivak na Reški planini (mimo Žvajge),195,delno zahtevna označena pot
1874,Prebold - Adijev bivak na Reški planini (čez Gradišče),180,delno zahtevna označena pot
1875,Ribnica (Lepovče) - Koča pri Sveti Ani na Mali gori,75,lahka označena pot
1875,Seljan - Koča pri Sveti Ani na Mali gori (položna pot),45,lahka označena pot
1875,Steljnik - Koča pri Sveti Ani na Mali gori,60,lahka označena pot
1875,Ortnek - Koča pri Sveti Ani na Mali gori,165,lahka označena pot
1875,Podgora - Koča pri Sveti Ani na Mali gori (čez Grmado),235,lahka označena pot
1875,Gornje Retje - Koča pri Sveti Ani na Mali gori (čez Grmado),255,lahka označena pot
1875,Podpeč - Koča pri Sveti Ani na Mali gori (čez Grmado),250,lahka označena pot
1875,Dule - Koča pri Sveti Ani na Mali gori (čez Grmado),275,lahka označena pot
1876,Rimske Toplice - Kopitnik (po dolini Ogeškega potoka),125,delno zahtevna označena pot
1876,Dom v Gorah - Kopitnik,100,delno zahtevna označena pot
1876,Rimske Toplice (Šmarjeta) - Kopitnik (skozi Lurd),125,delno zahtevna označena pot
1876,Širje - Kopitnik,115,delno zahtevna označena pot
1876,Rimske Toplice - Kopitnik (čez Borovo in Lukovški preval),125,delno zahtevna označena pot
1876,Marno - Kopitnik,115,delno zahtevna označena pot
1877,Loke - Krvavica (skozi okno),80,delno zahtevna označena pot
1877,Loke - Krvavica (mimo Zajčeve koče),130,lahka označena pot
1878,Trbovlje - Planinski dom Vrhe,150,lahka označena pot
1878,Loke - Planinski dom Vrhe,110,lahka označena pot
1878,Podmeja - Planinski dom Vrhe,120,lahka označena pot
1878,Loke - Planinski dom Vrhe (čez Krvavico),150,delno zahtevna označena pot
1878,Podmeja - Planinski dom Vrhe (severna pot),100,lahka označena pot
1878,Dom pod Reško planino - Planinski dom Vrhe,180,lahka označena pot
1879,Jablance - Koča na Bohorju,60,lahka označena pot
1879,Kozje - Koča na Bohorju (čez Vetrnik),180,lahka označena pot
1879,Lesično - Koča na Bohorju,180,lahka označena pot
1879,Planina pri Sevnici - Koča na Bohorju,120,lahka označena pot
1879,Stara Žaga - Koča na Bohorju (preko Skalice in V. Javornika),190,lahka označena pot
1879,Planina pri Sevnici - Koča na Bohorju (mimo Lovskega doma Bohor in čez Veliki Javornik),185,lahka označena pot
1879,Šentvid pri Planini - Koča na Bohorju,90,lahka označena pot
1879,Podgorje ob Sevnični (Kurja vas) - Koča na Bohorju,195,lahka označena pot
1880,Jablance - Grmada (Bohor),80,lahka označena pot
1881,Hrastnik - Klobuk (mimo Jelence),90,lahka označena pot
1881,Hrastnik - Klobuk (čez Ravne),145,lahka označena pot
1881,Dol pri Hrastniku - Klobuk,130,lahka označena pot
1881,Zavrate - Klobuk,160,delno zahtevna označena pot
1882,Lašče - Sveti Peter,105,lahka označena pot
1882,Podgozd - Sveti Peter,110,lahka označena pot
1882,Mrzle doline - Sveti Peter,75,lahka označena pot
1883,Ortnek - Grmada na Mali gori,60,lahka označena pot
1883,Gornje Retje - Grmada na Mali gori,100,lahka označena pot
1883,Podgora - Grmada na Mali gori,80,lahka označena pot
1883,Dule - Grmada na Mali gori,120,lahka označena pot
1883,Podpeč - Grmada na Mali gori,95,lahka neoznačena steza
1883,Ribnica (Lepovče) - Grmada na Mali gori (čez Stene sv. Ane),230,lahka označena pot
1883,Velike Lašče - Grmada na Mali gori (čez Kamen vrh),120,lahka označena pot
1883,Velike Lašče - Grmada na Mali gori (čez Gornje Retje),120,lahka označena pot
1884,Jablance - Naravno bohorsko okno (mimo Koče na Bohorju),70,lahka označena pot
1884,Planina pri Sevnici - Naravno bohorsko okno (mimo Lovskega doma Bohor in čez Veliki Javornik),190,lahka označena pot
1884,Planina pri Sevnici - Naravno bohorsko okno,125,lahka označena pot
1884,Šentvid pri Planini - Naravno bohorsko okno,95,lahka označena pot
1884,Podgorje ob Sevnični (Kurja vas) - Naravno bohorsko okno,200,lahka označena pot
1885,GEOSS - Slivna (Pivkelj),60,lahka označena pot
1885,Katarija - Slivna (Pivkelj),115,lahka označena pot
1885,Moravče - Slivna (Pivkelj),150,lahka označena pot
1885,Kandrše (Trata) - Slivna (Pivkelj) (mimo GEOSS-a),120,lahka označena pot
1885,Kandrše (Trata) - Slivna (Pivkelj) (mimo sv. Florjana),140,lahka označena pot
1886,Zavrh pri Trojanah - Reber,45,lahka označena pot
1886,Kolovrat - Reber,60,lahka označena pot
1886,Orehovica (pri Mosarju) - Reber,120,"lahka neoznačena steza, lahka označena pot"
1887,Krače - Pleše,105,lahka označena pot
1887,Mlinše - Pleše (preko Zasavske Svete gore),150,lahka označena pot
1887,Izlake - Pleše (čez Vežnico),105,lahka označena pot
1887,Izlake - Pleše (čez Grobovščico),135,lahka označena pot
1888,Dom v Gorah - Koča na Kopitniku,75,lahka označena pot
1888,Rimske Toplice - Koča na Kopitniku (po dolini Ogeškega potoka),100,lahka označena pot
1888,Rimske Toplice (Šmarjeta) - Koča na Kopitniku (skozi Lurd),100,lahka označena pot
1888,Širje - Koča na Kopitniku,90,lahka označena pot
1888,Marno - Koča na Kopitniku,90,lahka označena pot
1889,Matke - Kamnik (severozahodna pot),80,delno zahtevna označena pot
1889,Matke - Kamnik (južna pot),80,zahtevna označena pot
1889,Griže - Kamnik (čez Zahom),150,delno zahtevna označena pot
1889,"Matke, Podmrzlica - Kamnik (Južna pot)",70,zahtevna označena pot
1890,Kozje - Oslica (Bohor) (čez Vetrnik),130,lahka označena pot
1890,Lesično - Oslica (Bohor),105,lahka označena pot
1890,Planina pri Sevnici - Oslica (Bohor) (severna pot),155,"lahka označena pot, lahka neoznačena steza"
1890,Jablance - Oslica (Bohor) (mimo Koče na Bohorju),115,"lahka označena pot, lahka neoznačena steza"
1890,Šentvid pri Planini - Oslica (Bohor) (čez Škofov travnik),140,"lahka označena pot, lahka neoznačena steza"
1890,Šentvid pri Planini - Oslica (Bohor) (severna pot),125,"lahka označena pot, lahka neoznačena steza"
1890,Planina pri Sevnici - Oslica (Bohor) (čez Škofov travnik),170,"lahka označena pot, lahka neoznačena steza"
1891,Renke - Ostrež,90,lahka označena pot
1892,Zavrate - Ostri vrh,80,delno zahtevna označena pot
1892,Hrastnik - Ostri vrh,100,delno zahtevna označena pot
1892,Dol pri Hrastniku - Ostri vrh,95,delno zahtevna označena pot
1892,Zgornja Rečica (cerkev bl. Antona Martina Slomška) - Ostri vrh,115,delno zahtevna označena pot
1893,Vače - Zasavska Sveta gora,120,lahka označena pot
1893,Rovišče - Zasavska Sveta gora (peš pot),30,delno zahtevna označena pot
1893,Krače - Zasavska Sveta gora,75,lahka označena pot
1893,Rovišče - Zasavska Sveta gora (po cesti),35,lahka označena pot
1893,Mlinše - Zasavska Sveta gora,90,lahka neoznačena steza
1893,Vače - Zasavska Sveta gora (po grebenu),155,lahka označena pot
1893,Vidrga - Zasavska Sveta gora (po gozdni stezi),90,lahka neoznačena steza
1893,Vače - Zasavska Sveta gora (po pobočju),150,lahka označena pot
1893,Vidrga - Zasavska Sveta gora (po kolovozu),90,lahka neoznačena steza
1894,Kočevje - Koča pri Jelenovem studencu (Grajska pot),90,lahka označena pot
1894,Kočevje - Koča pri Jelenovem studencu (Kalanova pot),75,lahka označena pot
1895,Trojane - Lipovec,90,lahka neoznačena steza
1896,Prebold - Strtnik (Strnik) (čez Tolsti vrh),115,lahka označena pot
1897,Planina pri Sevnici - Lovski dom Bohor,90,lahka označena pot
1898,Izlake - Sv. Primož in Felicijan (Razbor pri Čemšeniku),125,"lahka označena pot, lahka neoznačena steza"
1898,Kisovec - Sv. Primož in Felicijan (Razbor pri Čemšeniku),155,"lahka označena pot, lahka neoznačena steza"
1898,Zagorje ob Savi - Sv. Primož in Felicijan (Razbor pri Čemšeniku),180,"lahka označena pot, lahka neoznačena steza"
1899,Kočevje - Ledena jama na Stojni (Kalanova pot),105,lahka označena pot
1900,Sveta Trojica - Cicelj,105,lahka označena pot
1900,Senožeti - Cicelj,90,lahka označena pot
1900,Križevska vas - Cicelj (mimo kmetije Buven),45,lahka označena pot
1900,Križevska vas - Cicelj,40,lahka označena pot
1900,Senožeti - Cicelj (lovska pot),90,lahka označena pot
1900,Kamnica - Cicelj,100,lahka označena pot
1900,Kamnica - Cicelj (mimo kmetije Buven),105,lahka označena pot
1901,Zagrad - Tolsti vrh nad Celjsko kočo (vzhodna pot),105,lahka označena pot
1901,Zvodno - Tolsti vrh nad Celjsko kočo (skozi Hudičev graben),105,zahtevna označena pot
1901,Zagrad - Tolsti vrh nad Celjsko kočo (Po vrheh),100,lahka označena pot
1901,Štore - Tolsti vrh nad Celjsko kočo (mimo  Marije),120,lahka označena pot
1901,Štore - Tolsti vrh nad Celjsko kočo (skozi Bojanski graben),150,lahka označena pot
1901,Zvodno - Tolsti vrh nad Celjsko kočo (skozi Suhi potok),90,lahka označena pot
1901,"Štore - Tolsti vrh nad Celjsko kočo (čez Resevno, Resje in mimo Alminega doma)",240,lahka označena pot
1901,Štore - Tolsti vrh nad Celjsko kočo (čez Žlajfo),135,lahka označena pot
1901,Zvodno - Tolsti vrh nad Celjsko kočo (skozi Suhi potok in čez smučišče),90,lahka označena pot
1901,Zvodno - Tolsti vrh nad Celjsko kočo (čez Srebotnik po CPP),135,lahka označena pot
1901,Zvodno - Tolsti vrh nad Celjsko kočo (mimo Marije),100,lahka označena pot
1901,Kozolec (Laška vas - Pečovje)  - Tolsti vrh nad Celjsko kočo (mimo Marije in po CPP),95,lahka označena pot
1901,Teharje - Tolsti vrh nad Celjsko kočo (čez Srebotnik po CPP),180,lahka označena pot
1901,Kozolec (Laška vas - Pečovje)  - Tolsti vrh nad Celjsko kočo (čez Srebotnik po CPP),135,lahka označena pot
1902,Matke - Golava,75,lahka označena pot
1902,Marija Reka (Strgar) - Golava (Zvonetova pot - stalno zaprta),75,zahtevna označena pot
1902,Marija Reka (Strgarjev kamnolom) - Golava (Ovčja pot),105,delno zahtevna označena pot
1902,Prebold - Golava,105,lahka označena pot
1902,Marija Reka (Koritnikov most) - Golava (Zvonetova pot),90,zahtevna označena pot
1903,Onek - Lovski vrh,45,lahka označena pot
1903,Mačkovec - Lovski vrh,15,lahka neoznačena steza
1904,GEOSS - Dom na Zgornji Slivni,30,lahka označena pot
1904,Katarija - Dom na Zgornji Slivni,135,lahka označena pot
1904,Kandrše (Trata) - Dom na Zgornji Slivni (mimo GEOSS-a),90,lahka označena pot
1904,Moravče - Dom na Zgornji Slivni (čez Pivkelj),170,lahka označena pot
1905,Dolina Sopote (Zagrad) - Sveta Trojica (Čimerno),100,lahka označena pot
1905,Radeče - Sveta Trojica (Čimerno),135,lahka označena pot
1905,Zidani Most - Sveta Trojica (Čimerno),135,lahka označena pot
1906,Krače - Planinski dom na Zasavski Sveti gori,70,lahka označena pot
1906,Mlinše - Planinski dom na Zasavski Sveti gori,90,lahka neoznačena steza
1906,Rovišče - Planinski dom na Zasavski Sveti gori (pešpot),25,delno zahtevna označena pot
1906,Rovišče - Planinski dom na Zasavski Sveti gori (po cesti),30,lahka označena pot
1906,Vače - Planinski dom na Zasavski Sveti gori (po pobočju),150,lahka označena pot
1906,Vidrga - Planinski dom na Zasavski Sveti gori (po gozdni stezi),90,lahka neoznačena steza
1906,Vače - Planinski dom na Zasavski Sveti gori (po grebenu),155,lahka označena pot
1906,Vidrga - Planinski dom na Zasavski Sveti gori (po kolovozu),90,lahka neoznačena steza
1907,Gabrje - Planinski dom pri Gospodični,70,lahka označena pot
1907,Vahta - Planinski dom pri Gospodični (po cesti),120,lahka označena pot
1908,Pogorelec - Sedlata gorica (Pogorelec),45,lahka neoznačena steza
1909,Zavrate - Govško brdo,40,lahka označena pot
1909,Laško (pokopališče Laško) - Govško brdo,155,lahka označena pot
1909,Laško (pokopališče Laško) - Govško brdo (mimo pastirske kapelice),155,lahka neoznačena steza
1909,Zgornja Rečica (cerkev bl. Antona Martina Slomška) - Govško brdo,75,lahka označena pot
1909,Zgornja Rečica (Maček) - Govško brdo,95,lahka označena pot
1909,Zgornja Rečica (Maček) - Govško brdo (mimo pastirske kapelice),95,lahka neoznačena steza
1910,Lesično - Brest (Bohor),90,lahka označena pot
1910,Kozje - Brest (Bohor) (čez Vetrnik),120,lahka označena pot
1910,Jablance - Brest (Bohor) (mimo Koče na Bohorju),100,lahka označena pot
1910,Planina pri Sevnici - Brest (Bohor) (čez Škofov travnik),155,lahka označena pot
1910,Planina pri Sevnici - Brest (Bohor) (severna pot),140,lahka označena pot
1910,Šentvid pri Planini - Brest (Bohor) (čez Škofov travnik),125,lahka označena pot
1910,Šentvid pri Planini - Brest (Bohor) (severna pot),110,lahka označena pot
1910,Kozje - Brest (Bohor) (čez Bredič),245,zahtevna označena pot
1911,Štore - Veliki vrh nad Svetino (čez Žlajfo in čez Svetino),135,lahka označena pot
1911,Štore - Veliki vrh nad Svetino (mimo Marije in čez Svetino),150,lahka označena pot
1911,Celje - Veliki vrh nad Svetino,225,lahka označena pot
1911,Štore - Veliki vrh nad Svetino (skozi Bojanski graben in čez Svetino),150,lahka označena pot
1911,"Štore - Veliki vrh nad Svetino (čez Resevno, Resje in Svetino)",240,lahka označena pot
1912,Lanišče - Janče,30,lahka označena pot
1912,Jevnica - Janče,105,lahka označena pot
1912,Besnica - Janče,135,lahka označena pot
1912,Veliko Trebeljevo - Janče,135,lahka označena pot
1912,Laze pri Dolskem - Janče,135,lahka označena pot
1912,Litija - Janče (čez Širmanski hrib),210,lahka označena pot
1913,Trojane - Pašnik Lipovec,85,lahka označena pot
1914,Zavrate - Baba (nad Rečico),40,delno zahtevna označena pot
1914,Zgornja Rečica (cerkev bl. Antona Martina Slomška) - Baba (nad Rečico),75,delno zahtevna označena pot
1915,Breg (Liški potok) - Sv. Jošt (pod vrhom Lisce),100,lahka označena pot
1915,Breg - Sv. Jošt (pod vrhom Lisce) (mimo sv. Lovrenca),180,lahka označena pot
1915,Sevnica - Sv. Jošt (pod vrhom Lisce) (čez Zajčjo Goro),155,lahka označena pot
1915,Krakovo (vinska klet Mastnak) - Sv. Jošt (pod vrhom Lisce),90,lahka označena pot
1915,Gračnica - Sv. Jošt (pod vrhom Lisce) (mimo Mlinariča),255,lahka označena pot
1915,Dolina Gračnice (Blatnik) - Sv. Jošt (pod vrhom Lisce),195,lahka označena pot
1916,Laško - Dom na Šmohorju,120,lahka označena pot
1916,Liboje - Dom na Šmohorju,75,lahka označena pot
1916,Zagreben (pri Dikcu) - Dom na Šmohorju,45,lahka označena pot
1916,Spodnja Rečica - Dom na Šmohorju (čez Tolsto),95,lahka označena pot
1916,Tremerje - Dom na Šmohorju,120,lahka označena pot
1916,Liboje - Dom na Šmohorju (mimo ekološke kmetije Kralj),90,lahka označena pot
1916,Tremerje - Dom na Šmohorju (po grebenu Malega Slomnika),100,"lahka neoznačena steza, lahka označena pot"
1916,Zgornja Rečica (cerkev bl. Antona Martina Slomška) - Dom na Šmohorju,100,lahka označena pot
1917,Dule - Kamen vrh,45,lahka označena pot
1917,Podpeč - Kamen vrh,50,lahka označena pot
1917,Podgora - Kamen vrh,60,lahka označena pot
1917,Velike Lašče - Kamen vrh,75,lahka označena pot
1917,Velike Lašče - Kamen vrh (čez Gornje Retje in Grmado),155,lahka označena pot
1918,Marno - Vrhe (pri Gorah),85,lahka označena pot
1918,Rimske Toplice - Vrhe (pri Gorah) (po dolini Ogeškega potoka),170,lahka označena pot
1918,Rimske Toplice (Šmarjeta) - Vrhe (pri Gorah) (skozi Lurd),170,lahka označena pot
1919,Celje - Vrunčev dom na Svetini,195,lahka označena pot
1919,Štore - Vrunčev dom na Svetini (čez Žlajfo),90,lahka označena pot
1919,Štore - Vrunčev dom na Svetini (čez Kompole in Šentjanž),135,lahka označena pot
1919,Tremerje - Vrunčev dom na Svetini (mimo Celjske koče),180,lahka označena pot
1919,Štore - Vrunčev dom na Svetini (čez Resevno in Resje nad Štorami),180,lahka označena pot
1919,Zvodno - Vrunčev dom na Svetini (skozi Bojanski graben),90,lahka označena pot
1919,Kozolec (Laška vas - Pečovje)  - Vrunčev dom na Svetini (skozi Bojanski graben),80,lahka označena pot
1919,Kozolec (Laška vas - Pečovje)  - Vrunčev dom na Svetini (mimo Mirta),90,"lahka označena pot, lahka neoznačena steza"
1919,Kozolec (Laška vas - Pečovje)  - Vrunčev dom na Svetini (mimo Marije),95,lahka označena pot
1920,Spodnja Rečica - Tolsto,75,lahka označena pot
1921,Leskovec - Obolno,60,lahka označena pot
1921,Veliko Trebeljevo - Obolno,80,lahka označena pot
1921,Mala Goričica - Obolno,70,lahka označena pot
1921,Mala Goričica - Obolno (po cesti),75,lahka označena pot
1922,Gabrje - Limbarska gora (peš pot),45,lahka označena pot
1922,Krašnja - Limbarska gora,75,lahka označena pot
1922,Blagovica - Limbarska gora,90,lahka označena pot
1922,Gradiško jezero - Limbarska gora,115,lahka označena pot
1922,Moravče - Limbarska gora (skozi Gabrje),95,lahka označena pot
1922,Moravče - Limbarska gora (skozi Serjuče),85,lahka označena pot
1922,Zavrh pri Trojanah - Limbarska gora (čez Golčaj),210,lahka označena pot
1922,Peče - Limbarska gora,115,"lahka neoznačena steza, lahka označena pot"
1922,Kandrše (Trata) - Limbarska gora,195,lahka označena pot
1923,Zagrad - Almin dom na Svetini,120,lahka označena pot
1923,Pečovje - Almin dom na Svetini (čez Srebotnik),90,delno zahtevna označena pot
1923,Štore - Almin dom na Svetini (čez Žlajfo),90,lahka označena pot
1923,Štore - Almin dom na Svetini (čez Resevno in Resje nad Štorami),195,lahka označena pot
1923,Štore - Almin dom na Svetini (mimo Marije),105,lahka označena pot
1923,Štore - Almin dom na Svetini (skozi Bojanski graben),105,lahka označena pot
1923,Celje - Almin dom na Svetini (čez Suhi potok in Celjsko kočo),165,lahka označena pot
1923,Štore - Almin dom na Svetini (čez Šentjanž in mimo Vrunčevega doma),150,lahka označena pot
1923,Tremerje - Almin dom na Svetini (mimo Celjske koče),150,lahka označena pot
1923,Zvodno - Almin dom na Svetini (skozi Bojanski graben),95,lahka označena pot
1923,Kozolec (Laška vas - Pečovje)  - Almin dom na Svetini (mimo Mirta),80,"lahka označena pot, lahka neoznačena steza"
1923,Teharje - Almin dom na Svetini (Pot I. Celjske čete),140,lahka označena pot
1924,Zabukovica - Kotečnik,90,lahka označena pot
1924,Liboje (kamnolom) - Kotečnik (čez vzhodni greben),65,lahka neoznačena steza
1925,"Zajasovnik - del (Strmce, kapelica) - Jasovnik (Motniška planinska pot)",45,lahka označena pot
1926,Hrastnik - Dom v Gorah,90,lahka označena pot
1926,Krnice - Dom v Gorah,65,lahka označena pot
1926,Širje - Dom v Gorah,80,lahka označena pot
1926,Marno - Dom v Gorah,75,lahka označena pot
1926,Rimske Toplice - Dom v Gorah (po dolini Ogeškega potoka),160,lahka označena pot
1926,Rimske Toplice (Šmarjeta) - Dom v Gorah (skozi Lurd),160,lahka označena pot
1927,Rudnik pri Radomljah - Vrtače (čez Lancar),90,lahka neoznačena steza
1927,Pravdan - Vrtače (čez Zgornje Palovče),105,lahka neoznačena steza
1928,Prebold - Tolsti vrh (nad Preboldom),85,lahka označena pot
1929,Kozolec (Laška vas - Pečovje)  - Babni vrh (Vladimirjeva pot),75,"lahka označena pot, lahka neoznačena steza"
1929,Zvodno - Babni vrh (skozi Bojanski graben),90,"lahka označena pot, lahka neoznačena steza"
1929,Štore - Babni vrh (čez Kompole in Šentjanž),120,"lahka označena pot, lahka neoznačena steza"
1929,Teharje - Babni vrh (Pot I. Celjske čete),135,"lahka označena pot, lahka neoznačena steza"
1930,Blečji vrh - Kucelj,45,lahka označena pot
1930,Veliko Trebeljevo - Kucelj,45,lahka označena pot
1930,Leskovec - Kucelj,25,lahka označena pot
1931,Veliki Ločnik - Sveti Ahac,30,lahka označena pot
1931,Mali Ločnik - Sveti Ahac,15,lahka označena pot
1932,Vrčice - Sveti Ilija (Planina),75,lahka označena pot
1933,Sveta Trojica - Murovica,45,lahka označena pot
1933,Zgornja Javoršica - Murovica,25,lahka označena pot
1933,Križevska vas - Murovica,45,lahka označena pot
1933,Kamnica - Murovica,80,lahka označena pot
1933,Senožeti - Murovica (čez Vrh pri Dolskem),125,lahka označena pot
1933,Senožeti - Murovica (mimo kmetije Buven),115,lahka označena pot
1933,Gorjuša - Murovica (skozi Dobovlje),160,lahka označena pot
1933,SSK Sam Ihan - Murovica (skozi Dobovlje),160,lahka neoznačena steza
1934,Loke - Zajčeva koča,90,lahka označena pot
1934,Loke - Zajčeva koča (čez Krvavico),105,delno zahtevna označena pot
1935,Predgrad - Kozice,75,lahka označena pot
1935,Predgrad - Kozice (po cesti),90,lahka označena pot
1936,Senožeti - Sveti Miklavž nad Savo (peš pot),80,lahka označena pot
1936,Katarija - Sveti Miklavž nad Savo,45,lahka označena pot
1936,Moravče - Sveti Miklavž nad Savo,85,lahka označena pot
1936,Kamnica - Sveti Miklavž nad Savo (skozi Veliko vas),125,lahka označena pot
1938,Planina pri Sevnici - Darinkino zavetišče na Ivcah,170,lahka označena pot
1938,Podgorje ob Sevnični (Kurja vas) - Darinkino zavetišče na Ivcah,105,lahka označena pot
1939,Rudnik pri Radomljah - Tolsta gora,85,lahka neoznačena steza
1939,Pravdan - Tolsta gora (mimo Čeha),105,lahka neoznačena steza
1940,Krka - Ciganov vrh (Korinjski hrib) (del krožne poti Prijetno domače),105,lahka označena pot
1941,Planina pri Sevnici - Sveti Križ (nad Planino pri Sevnici),23,lahka označena pot
1941,Planina pri Sevnici - Sveti Križ (nad Planino pri Sevnici) (skozi pravljični gozd),28,lahka označena pot
1942,Brezovica - Markova glava (razgledna stena),30,lahka neoznačena steza
1943,Mala Goričica - Kmečki turizem Obolno (čez Obolno),75,lahka označena pot
1943,Mala Goričica - Kmečki turizem Obolno (po cesti),70,lahka označena pot
1944,Breg - Sveti Lovrenc (nad vasjo Okroglice),105,lahka označena pot
1944,Gračnica - Sveti Lovrenc (nad vasjo Okroglice) (mimo Mlinariča),180,lahka označena pot
1944,Dolina Gračnice (Blatnik) - Sveti Lovrenc (nad vasjo Okroglice),105,lahka označena pot
1945,Šentjanž - Leskovški hrib,60,lahka označena pot
1946,Zagrad - Grmada nad Celjem (položna pot),90,lahka označena pot
1946,Zvodno - Grmada nad Celjem (skozi Hudičev graben),105,zahtevna označena pot
1946,Zagrad - Grmada nad Celjem (strma pot),75,delno zahtevna označena pot
1946,Zvodno - Grmada nad Celjem (skozi Suhi potok),75,lahka označena pot
1946,Kozolec (Laška vas - Pečovje)  - Grmada nad Celjem (mimo Marije in Bavča),120,"lahka označena pot, lahka neoznačena steza"
1947,Kozje - Pokojni vrh (Bohor) (čez Vetrnik),90,lahka označena pot
1948,Brinte Sele (Pongrac) - Mali vrh (Kamnik) (Severovzhodna pot),70,zelo zahtevna neoznačena steza
1949,Kozje - Vetrnik,60,lahka označena pot
1950,Blečji vrh - Gradišče (čez Kucelj),90,lahka označena pot
1951,Pišece (Pri mlinu) - Veliki vrh (Orlica),160,lahka označena pot
1951,Podsreda - Veliki vrh (Orlica) (skozi Osredek pri Podsredi),105,lahka označena pot
1951,Gorjane (Železno) - Veliki vrh (Orlica),110,lahka označena pot
1952,Renke - Plezališče in ferata Renke (razgledna pot čez ferato do Špitala),120,zelo zahtevna označena pot
1953,Pečovje - Srebotnik,50,lahka označena pot
1953,Celje - Srebotnik (po Celjski planinski poti),165,lahka označena pot
1953,Štore - Srebotnik,90,lahka označena pot
1953,Štore - Srebotnik (mimo Marije in južni pristop),105,lahka označena pot
1953,Zvodno - Srebotnik (skozi Hudičev graben),60,zahtevna označena pot
1953,Zvodno - Srebotnik (po Celjski planinski poti),75,lahka označena pot
1953,Kozolec (Laška vas - Pečovje)  - Srebotnik (severni pristop),75,"lahka označena pot, lahka neoznačena steza"
1953,Teharje - Srebotnik (Pot I. Celjske čete),120,lahka označena pot
1954,Pišece (Pri mlinu) - Veliki vrh (nad Pišecami),75,lahka označena pot
1955,GEOSS - Sveti Florjan (Zgornja Gora),35,lahka označena pot
1955,Moravče - Sveti Florjan (Zgornja Gora),135,lahka neoznačena steza
1955,Kandrše (Trata) - Sveti Florjan (Zgornja Gora),90,lahka označena pot
1956,Moravče - Gorišca,75,lahka označena pot
1957,Trbovlje - Tabor,75,lahka označena pot
1958,Mekinje nad Stično - Pristava nad Stično,65,lahka označena pot
1958,Pristavlja vas - Pristava nad Stično,105,lahka označena pot
1959,Kozje - Bredič (strma pot),120,zahtevna označena pot
1960,Zvodno - Bavč (skozi Hudičev graben),60,"zahtevna označena pot, lahka neoznačena steza"
1960,Zvodno - Bavč (skozi Suhi potok),70,lahka označena pot
1960,Kozolec (Laška vas - Pečovje)  - Bavč (mimo Marije),105,"lahka označena pot, lahka neoznačena steza"
1960,Teharje - Bavč (mimo Marije),150,"lahka označena pot, lahka neoznačena steza"
1961,Blagovica - Golčaj,40,lahka označena pot
1961,Zavrh pri Trojanah - Golčaj,150,lahka označena pot
1961,Peče - Golčaj,120,"lahka neoznačena steza, lahka označena pot"
1961,Kandrše (Trata) - Golčaj,200,lahka označena pot
1962,Konec ceste pod Jelovcem - Limberk,35,lahka neoznačena steza
1963,Olimje - Plešivec (Rudnica),90,lahka označena pot
1963,Olimje - Plešivec (Rudnica) (mimo Zmajevega jezera),110,lahka označena pot
1963,Podčetrtek (Terme Olimia) - Plešivec (Rudnica) (mimo gradu Podčetrtek),125,lahka označena pot
1963,Spodnje Tinsko - Plešivec (Rudnica),105,lahka označena pot
1963,Loka pri Žusmu (Žamerk) - Plešivec (Rudnica),120,lahka označena pot
1963,Podčetrtek (sveti Lovrenc) - Plešivec (Rudnica),110,lahka označena pot
1963,Loka pri Žusmu (Hudi graben) - Plešivec (Rudnica),100,lahka označena pot
1963,Slake (cerkev Device Marije na Pesku) - Plešivec (Rudnica),120,lahka označena pot
1964,Marof pri Pišecah - Veliki Špiček,70,lahka neoznačena steza
1964,Pišece (Pri mlinu) - Veliki Špiček,85,lahka označena pot
1964,Grad Pišece - Veliki Špiček,65,lahka označena pot
1965,Vače - Sveti Križ (Slemšek),30,lahka označena pot
1966,Zagorje ob Savi - Vrh (Šticna) (Šmarjakova pot),60,lahka neoznačena steza
1967,Turistična kmetija Žurej - Žusem (Panoramska pot - stara trasa),100,lahka označena pot
1967,Grad Žusem - Žusem,30,lahka označena pot
1967,Turistična Kmetija Žurej - Žusem (plezalna pot),75,zelo zahtevna označena pot
1967,Turistična kmetija Žurej - Žusem (Panoramska pot),100,lahka označena pot
1967,Turistična kmetija Žurej - Žusem (strma pot),75,zahtevna označena pot
1967,Grad Žusem - Žusem (Gamsova zelo zahtevna pot),30,zelo zahtevna označena pot
1967,Gorica pri Slivnici - Žusem (strma pot),180,zahtevna označena pot
1967,Loka pri Žusmu (Žamerk) - Žusem,80,lahka označena pot
1967,Gorica pri Slivnici - Žusem (Panoramska pot),200,lahka označena pot
1967,Loka pri Žusmu (Žamerk) - Žusem (čez Dobrino),90,lahka označena pot
1968,Konec ceste pod Jelovcem - Stari grad (grad Čušperk),90,lahka neoznačena steza
1969,Pišece (Pri mlinu) - Velika Vagla,65,lahka označena pot
1970,Prebold - Dom pod Reško planino,135,lahka označena pot
1970,Marija Reka (Strgarjev kamnolom) - Dom pod Reško planino,90,lahka označena pot
1970,Prebold - Dom pod Reško planino (čez Gradišče),135,lahka označena pot
1970,Podmeja - Dom pod Reško planino,95,lahka označena pot
1970,Dom pod Reško planino - Dom pod Reško planino (krožna učna pot Marija Reka),120,lahka označena pot
1970,Prebold - Dom pod Reško planino (mimo Žvajge),150,lahka označena pot
1971,Pišece (Pri mlinu) - Intermedija,110,lahka označena pot
1971,Grad Pišece - Intermedija (mimo Velike bukve),65,lahka označena pot
1971,Gorjane (Železno) - Intermedija,145,lahka označena pot
1971,Marof pri Pišecah - Intermedija (mimo Velike bukve),70,lahka neoznačena steza
1972,Kamnik - Visoka špica (direktna pot),40,lahka neoznačena steza
1972,Kamnik - Visoka špica (mimo Starega gradu),50,lahka neoznačena steza
1972,Kamnik - Visoka špica (preko Krniške gore),60,lahka neoznačena steza
1973,Veliko Trebeljevo - Sveta Marjeta (Prežganje),40,lahka označena pot
1974,Katarija - Dom Ušte - Žerenk,35,lahka označena pot
1974,Moravče - Dom Ušte - Žerenk,70,lahka označena pot
1974,Cesta na Grmače (Moravče) - Dom Ušte - Žerenk,40,lahka označena pot
1974,GEOSS - Dom Ušte - Žerenk (čez Pivkelj),120,lahka označena pot
1974,GEOSS - Dom Ušte - Žerenk (mimo sv. Florjana),100,lahka označena pot
1974,Kandrše (Trata) - Dom Ušte - Žerenk,155,lahka označena pot
1975,Zagrad - Celjska koča,70,lahka označena pot
1975,Zvodno - Celjska koča (skozi Hudičev graben),85,zahtevna označena pot
1975,"Celje - Celjska koča (čez Stari grad, Suhi potok in Pečovniško kočo)",130,ni podatka
1975,Zagrad - Celjska koča (čez Vipoto),120,lahka označena pot
1975,Zagrad - Celjska koča (pod vrhom Vipota),110,lahka označena pot
1975,Zvodno - Celjska koča (skozi Suhi potok),60,lahka označena pot
1975,Tremerje - Celjska koča,120,lahka označena pot
1975,Štore - Celjska koča (čez Žlajfo in Tolsti vrh),165,lahka označena pot
1975,"Štore - Celjska koča (čez Resevno,  mimo Alminega doma in čez Tolsti vrh)",270,lahka označena pot
1975,Štore - Celjska koča (mimo Marije in čez Tolsti vrh),150,lahka označena pot
1975,Štore - Celjska koča (skozi Bojanski graben in čez Tolsti vrh),180,lahka označena pot
1975,Kozolec (Laška vas - Pečovje)  - Celjska koča (mimo Marije in Bavča),105,"lahka označena pot, lahka neoznačena steza"
1975,Teharje - Celjska koča (mimo Marije in Bavča),150,"lahka označena pot, lahka neoznačena steza"
1976,Pongrac (grobišče talcev) - Lovska koča pod Gozdnikom,50,lahka označena pot
1977,Kozje - Raskože (Bohor) (čez Vetrnik),75,lahka označena pot
1978,Šentjur - Resevna,90,lahka označena pot
1978,Jakob pri Šentjurju - Resevna,90,lahka označena pot
1978,Štore - Resevna,150,lahka označena pot
1978,Štore - Resevna (skozi Bojanski graben in čez Resje nad Štorami),210,lahka označena pot
1978,Štore - Resevna (čez Žlajfo in čez Resje nad Štorami),195,lahka označena pot
1978,Šentjur (center) - Resevna (položna pot),95,lahka označena pot
1978,Šentjur (center) - Resevna (strma pot),90,lahka označena pot
1978,Šentjur (center) - Resevna (čez Krajnče),95,lahka označena pot
1979,Rimske Toplice - Stražnik (čez Borovo),80,lahka označena pot
1980,Izlake (Medijske toplice) - Vrhija (čez Podlipovico),75,lahka neoznačena steza
1981,Katarija - GEOSS,155,lahka označena pot
1981,Kandrše (Trata) - GEOSS,60,lahka označena pot
1981,Moravče - GEOSS (čez Pivkelj),190,lahka označena pot
1981,Moravče - GEOSS (mimo sv. Florjana),170,lahka neoznačena steza
1982,Izlake  - Zabreznik (Sv. Miklavž) (čez Loke),60,lahka neoznačena steza
1982,Zgornje Izlake - Zabreznik (Sv. Miklavž) (čez Zgornje Izlake),45,lahka neoznačena steza
1983,Mekinje nad Stično - Sveti Lambert,65,lahka označena pot
1983,Pristavlja vas - Sveti Lambert,105,lahka označena pot
1984,Laško (pokopališče Laško) - Pastirska kapelica,120,lahka označena pot
1984,Zgornja Rečica (Maček) - Pastirska kapelica,60,lahka označena pot
1985,Olimje - Olimska gora (mimo Zmajevega jezera),85,lahka neoznačena steza
1986,Višnja Gora - Sveti Duh (Polževo),90,lahka označena pot
1986,Hotel Polževo - Sveti Duh (Polževo),10,lahka označena pot
1987,Kozolec (Laška vas - Pečovje)  - Veliki Bojanski vrh (skozi Bojanski graben),45,"lahka označena pot, lahka neoznačena steza"
1987,Kozolec (Laška vas - Pečovje)  - Veliki Bojanski vrh (čez Žlajfo),40,"lahka označena pot, lahka neoznačena steza"
1987,Zvodno - Veliki Bojanski vrh (skozi Bojanski graben),45,"lahka označena pot, lahka neoznačena steza"
1987,Štore - Veliki Bojanski vrh (čez Kompole in Šentjanž),110,"lahka označena pot, lahka neoznačena steza"
1988,Pečar - Žagarski vrh,35,lahka označena pot
1989,Podsreda - Rigelj,75,lahka označena pot
1989,Gorjane (Železno) - Rigelj,80,lahka označena pot
1990,Medijske toplice - Kalanov hrib (Kalanček) (čez Reber),45,lahka označena pot
1990,Izlake (tovarna ETI) - Kalanov hrib (Kalanček) (via Castle Medijski grad),45,lahka označena pot
1991,Čatež ob Savi - Veliki Cirnik (čez Bambreg),125,lahka neoznačena steza
1992,Podčetrtek (Terme Olimia) - Silavec (Stolp zdravja in veselja na Rudnici) (mimo gradu Podčetrtek),95,lahka označena pot
1992,Podčetrtek (sveti Lovrenc) - Silavec (Stolp zdravja in veselja na Rudnici) (lažja pot),75,lahka označena pot
1992,Olimje - Silavec (Stolp zdravja in veselja na Rudnici) (težja pot),95,lahka označena pot
1992,Podčetrtek (sveti Lovrenc) - Silavec (Stolp zdravja in veselja na Rudnici) (mimo gradu Podčetrtek),85,lahka označena pot
1992,Olimje - Silavec (Stolp zdravja in veselja na Rudnici) (mimo Koče pri čarovnici),105,lahka označena pot
1992,Podčetrtek (sveti Lovrenc) - Silavec (Stolp zdravja in veselja na Rudnici) (težja pot),75,lahka označena pot
1992,Spodnje Tinsko - Silavec (Stolp zdravja in veselja na Rudnici),80,lahka označena pot
1992,Olimje - Silavec (Stolp zdravja in veselja na Rudnici) (lažja pot),95,lahka označena pot
1992,Slake (cerkev Device Marije na Pesku) - Silavec (Stolp zdravja in veselja na Rudnici) (lažja pot),85,lahka označena pot
1992,Slake (cerkev Device Marije na Pesku) - Silavec (Stolp zdravja in veselja na Rudnici) (težja pot),85,lahka označena pot
1993,Prebold - Žvajga (severni vrh) (vzhodna pot),50,lahka označena pot
1993,Prebold - Žvajga (severni vrh) (zahodna pot),65,lahka označena pot
1994,Zvodno - Pečovniška koča na Grmadi (skozi Hudičev graben),85,zahtevna označena pot
1994,Zagrad - Pečovniška koča na Grmadi,70,lahka označena pot
1994,Zagrad - Pečovniška koča na Grmadi (čez Grmado),90,delno zahtevna označena pot
1994,Celje - Pečovniška koča na Grmadi (over castle Stari grad in Suhi potok),120,lahka označena pot
1994,Zvodno - Pečovniška koča na Grmadi (skozi Suhi potok),50,lahka označena pot
1994,Kozolec (Laška vas - Pečovje)  - Pečovniška koča na Grmadi (mimo Marije in Bavča),100,"lahka označena pot, lahka neoznačena steza"
1995,Podčetrtek (Terme Olimia) - Lendrše (mimo gradu Podčetrtek),115,lahka neoznačena steza
1995,Spodnje Tinsko - Lendrše,95,lahka neoznačena steza
1995,Olimje - Lendrše,80,lahka neoznačena steza
1995,Slake (cerkev Device Marije na Pesku) - Lendrše,110,lahka neoznačena steza
1995,Podčetrtek (sveti Lovrenc) - Lendrše,100,lahka neoznačena steza
1996,Zagorje ob Savi - Vinski vrh,60,lahka neoznačena steza
1997,Zgornja Slivnica - Pugled,90,lahka označena pot
1997,Podlipoglav - Pugled (mimo stražarskega mesta),50,lahka neoznačena steza
1997,Podlipoglav - Pugled (po zahodnem grebenu),50,lahka neoznačena steza
1998,Pišece (Pri mlinu) - Kerinov spomenik,135,lahka označena pot
1998,Podsreda - Kerinov spomenik (skozi Osredek pri Podsredi),110,lahka označena pot
1998,Gorjane (Železno) - Kerinov spomenik,115,lahka označena pot
1998,Grad Pišece - Kerinov spomenik (mimo Velike bukve),90,lahka označena pot
1999,Čatež - Bajturn (Zaplaški hrib) (po severnem pobočju),50,lahka označena pot
1999,Čatež - Bajturn (Zaplaški hrib) (po grebenu),40,lahka označena pot
1999,Zaplaz - Bajturn (Zaplaški hrib) (po grebenu),20,lahka označena pot
1999,Zaplaz - Bajturn (Zaplaški hrib) (po severnem pobočju),30,lahka označena pot
1999,Most čez Dušico - Bajturn (Zaplaški hrib) (po grebenu),80,lahka označena pot
1999,Okrog (Lazar) - Bajturn (Zaplaški hrib) (po grebenu),90,lahka označena pot
1999,Okrog (Lazar) - Bajturn (Zaplaški hrib) (po severnem pobočju),100,lahka označena pot
1999,Most čez Dušico - Bajturn (Zaplaški hrib) (po severnem pobočju),90,lahka označena pot
2001,Tremerje - Veliki Slomnik,60,lahka označena pot
2001,Liboje - Veliki Slomnik,45,lahka označena pot
2001,Košnica - Veliki Slomnik,40,lahka označena pot
2001,Tremerje - Veliki Slomnik (Tremerje - Veliki Slomnik - Liboje),95,lahka označena pot
2001,Košnica - Veliki Slomnik,60,lahka označena pot
2001,Tremerje - Veliki Slomnik (skozi sotesko Potoki),75,"lahka neoznačena steza, lahka označena pot"
2002,Griže - Dragov dom na Homu (direktna pot),90,lahka označena pot
2002,Matke (Zahom) - Dragov dom na Homu,35,lahka označena pot
2002,Šešče pri Preboldu - Dragov dom na Homu (čez Lajnarjev hrib),60,lahka označena pot
2002,Šešče pri Preboldu - Dragov dom na Homu (Brdovska pot),75,lahka označena pot
2002,Griže - Dragov dom na Homu (čez Lajnarjev hrib),100,lahka označena pot
2002,Griže - Dragov dom na Homu (čez Zahom),110,lahka označena pot
2003,Velika Ilova Gora - Gradišče nad Ilovo Goro,20,lahka neoznačena steza
2004,Kozolec (Laška vas - Pečovje)  - Mali Bojanski vrh (čez Žlajfo),40,"lahka označena pot, lahka neoznačena steza"
2004,Kozolec (Laška vas - Pečovje)  - Mali Bojanski vrh (skozi Bojanski graben),45,"lahka označena pot, lahka neoznačena steza"
2004,Zvodno - Mali Bojanski vrh (skozi Bojanski graben),45,"lahka označena pot, lahka neoznačena steza"
2004,Štore - Mali Bojanski vrh (čez Kompole in Šentjanž),105,"lahka označena pot, lahka neoznačena steza"
2004,Teharje - Mali Bojanski vrh (Pot I. Celjske čete),90,"lahka označena pot, lahka neoznačena steza"
2005,Marno - Sveti Štefan (Turje),30,lahka označena pot
2006,Višnja Gora - Hotel Polževo,80,lahka označena pot
2007,Gaber pri Semiču - Semenič,30,lahka označena pot
2008,Loka pri Žusmu (Žamerk) - Sv. Valentin in sv. Jakob (Dobrina),70,lahka označena pot
2009,Migojnice - Dom na Bukovici,45,lahka označena pot
2009,Zabukovica - Dom na Bukovici,45,lahka označena pot
2009,Kasaze - Dom na Bukovici,45,lahka označena pot
2009,Zabukovica (Podvine) - Dom na Bukovici,25,lahka označena pot
2010,Laško (pri gradu Tabor) - Hum nad Laškim (skozi Zahum in po vzhodnem grebenu),70,zahtevna označena pot
2010,Laško (pri gradu Tabor) - Hum nad Laškim (po zahodnem grebenu),35,delno zahtevna označena pot
2011,Trebanjski grad - Trebni vrh (mimo jam),50,lahka označena pot
2011,Trebanjski grad - Trebni vrh (strma pot),45,lahka označena pot
2011,Šahovec - Trebni vrh (Baragova pot),65,lahka označena pot
2011,Trebanjski grad - Trebni vrh (mimo jam in mimo lovskega doma),60,lahka označena pot
2011,Dobrnič - Trebni vrh (skozi Šahovec),105,lahka označena pot
2011,Trebanjski grad - Trebni vrh (strma pot in mimo lovskega doma),55,lahka označena pot
2012,Olimje - Lovski bivak na Olimski gori,70,lahka označena pot
2013,Podčetrtek (Terme Olimia) - Zavetišče Šmarnica na Mali Rudnici (mimo gradu Podčetrtek),75,lahka označena pot
2013,Podčetrtek (sveti Lovrenc) - Zavetišče Šmarnica na Mali Rudnici (mimo gradu Podčetrtek),65,lahka označena pot
2013,Podčetrtek (sveti Lovrenc) - Zavetišče Šmarnica na Mali Rudnici,60,lahka označena pot
2013,Olimje - Zavetišče Šmarnica na Mali Rudnici,105,lahka označena pot
2013,Slake (cerkev Device Marije na Pesku) - Zavetišče Šmarnica na Mali Rudnici,95,lahka označena pot
2014,Kamnik - Stari grad Kamnik,35,lahka označena pot
2014,Kamnik - Stari grad Kamnik (po cesti),60,lahka neoznačena steza
2015,Jurna vas - Mehovski hrib,45,lahka označena pot
2015,Podgrad - Mehovski hrib (položna pot),20,lahka neoznačena steza
2015,Podgrad - Mehovski hrib (čez Skalo),20,zahtevna neoznačena steza
2015,Vinja vas - Mehovski hrib (čez Skalo),20,zahtevna neoznačena steza
2015,Vinja vas - Mehovski hrib (položna pot),20,lahka neoznačena steza
2016,Košnica - Hom nad Celjem,40,lahka označena pot
2016,Celje (viseči most) - Hom nad Celjem,60,lahka neoznačena steza
2016,Celje (viseči most) - Hom nad Celjem (čez Petriček in Lisce),70,lahka neoznačena steza
2016,Tremerje - Hom nad Celjem (čez razpotje Slomnik),140,lahka označena pot
2017,Podgrad - Grmadnik,55,lahka neoznačena steza
2018,Šentjur - Rifnik,45,lahka označena pot
2018,Jakob pri Šentjurju - Rifnik,45,lahka označena pot
2018,Gorica pri Slivnici - Rifnik,75,lahka označena pot
2018,Vezovje (avtobusna postaja Vezovje most) - Rifnik,45,lahka označena pot
2019,Kisovec - Grad Gamberk,70,lahka neoznačena steza
2019,Zagorje ob Savi - Grad Gamberk,95,lahka neoznačena steza
2020,Štore - Resje nad Štorami (čez Žlajfo in mimo Vrunčevega doma),150,lahka označena pot
2020,Štore - Resje nad Štorami (čez Resevno),120,lahka označena pot
2020,Štore - Resje nad Štorami (čez Kompole in Šentjanž),165,lahka označena pot
2020,Štore - Resje nad Štorami (skozi Bojanski graben in mimo Vrunčevega doma),165,lahka označena pot
2021,Laško (pokopališče Laško) - Lovski dom na Govcah,105,lahka označena pot
2021,Zavrate - Lovski dom na Govcah (lažja pot),70,lahka označena pot
2021,Zavrate - Lovski dom na Govcah (težja pot),60,lahka označena pot
2021,Zgornja Rečica (Maček) - Lovski dom na Govcah,45,lahka označena pot
2022,Zagorica pri Dobrniču - Lisec (Liška gora),60,lahka označena pot
2023,Trebanjski grad - Lovski dom na Vrhtrebnjem (mimo jam),55,lahka označena pot
2023,Trebanjski grad - Lovski dom na Vrhtrebnjem (strma pot),50,lahka označena pot
2023,Šahovec - Lovski dom na Vrhtrebnjem (Baragova pot),60,lahka označena pot
2023,Dobrnič - Lovski dom na Vrhtrebnjem (skozi Šahovec),100,lahka označena pot
2024,Podgrad - Španov vrh (Besnica),50,lahka neoznačena steza
2025,Prebold - Lovski dom pod Golavo,60,lahka označena pot
2026,Podgorje ob Sevnični (Kurja vas) - Sv. Lenart (Zabukovje nad Sevnico),40,lahka označena pot
2027,Laško (pokopališče Laško) - Pri knapu pod Babo (težja pot),165,lahka označena pot
2027,Zgornja Rečica (cerkev bl. Antona Martina Slomška) - Pri knapu pod Babo,35,lahka označena pot
2027,Laško (pokopališče Laško) - Pri knapu pod Babo (lažja pot),175,lahka označena pot
2028,Olimje - Zmajevo jezero na Olimski gori,60,lahka označena pot
2029,Gaber pri Semiču - Smuk (čez Semenič),70,lahka označena pot
2029,Gaber pri Semiču - Smuk (po Smuški cesti),50,lahka označena pot
2030,Čatež - Zaplaz,20,lahka označena pot
2030,Okrog (Lazar) - Zaplaz,70,lahka označena pot
2030,Most čez Dušico - Zaplaz,60,lahka označena pot
2031,Štore - Gradiše (nad Štorami) (čez Kompole in Šentjanž),90,"lahka označena pot, lahka neoznačena steza"
2032,Velika Kostrevnica - Kožljevec,70,lahka označena pot
2033,Zagrad - Vipota,60,lahka označena pot
2033,Tremerje - Vipota,60,lahka označena pot
2033,Zagrad - Vipota (čez razpotje Ivankovič),75,lahka označena pot
2034,Ljubljana (Zalog) - Debenji vrh,45,lahka označena pot
2034,Pečar - Debenji vrh,30,lahka označena pot
2034,Ribnik - Debenji vrh,40,lahka neoznačena steza
2034,Ljubljana (Zalog) - Debenji vrh (Trda varianta),40,lahka označena pot
2034,Podgrad - Debenji vrh,60,lahka neoznačena steza
2034,Podgrad - Debenji vrh (mimo starega gradu Osterberg),50,lahka neoznačena steza
2035,Gorica pri Slivnici - Cerkev sv. Helene na Javorju,105,lahka označena pot
2035,Turistična kmetija Žurej - Cerkev sv. Helene na Javorju,45,lahka označena pot
2036,Gorjuša - Sveta Trojica (nad Dobom) (skozi Dobovlje),110,lahka označena pot
2036,SSK Sam Ihan - Sveta Trojica (nad Dobom) (skozi Dobovlje),110,lahka neoznačena steza
2036,Gorjuša - Sveta Trojica (nad Dobom) (mimo sv. Miklavža in Oklega),150,lahka neoznačena steza
2036,SSK Sam Ihan - Sveta Trojica (nad Dobom) (mimo sv. Miklavža in Oklega),150,lahka neoznačena steza
2037,Bizeljska vas - Svete gore,30,lahka označena pot
2037,Bizeljska vas - Svete gore (po cesti),30,lahka označena pot
2037,Bistrica ob Sotli - Svete gore (Evropska pešpot E7 iz Bistrice ob Sotli),50,lahka označena pot
2037,Podsreda - Svete gore (skozi Osredek pri Podsredi),195,lahka označena pot
2037,Podsreda - Svete gore,165,lahka neoznačena steza
2037,Podsreda - Svete gore (mimo Gradu Podsreda),190,lahka označena pot
2037,Gorjane (Železno) - Svete gore,195,lahka označena pot
2037,Gorjane (Železno) - Svete gore (skozi Osredek pri Podsredi),200,lahka označena pot
2038,Tremerje - Kamčič (po grebenu Malega Slomnika),75,lahka neoznačena steza
2038,Liboje - Kamčič (mimo ekološke kmetije Kralj - južni pristop),70,lahka označena pot
2038,Liboje - Kamčič (mimo ekološke kmetije Kralj - severni pristop),45,lahka neoznačena steza
2039,Celje - Sv. Peter (Olešče),255,lahka označena pot
2039,"Štore - Sv. Peter (Olešče) (čez Žlajfo, Svetino in Petrovo selo)",180,lahka označena pot
2040,Dom Frata - Ostri vrh (nad Globodolom),80,lahka označena pot
2040,Rdeči Kal - Ostri vrh (nad Globodolom) (čez Veliko raven),75,lahka označena pot
2040,Rdeči Kal - Ostri vrh (nad Globodolom) (mimo Doma LD Dobrnič),60,lahka označena pot
2041,Litija (Predilnica) - Strešni vrh (Svibno),60,lahko brezpotje
2041,Litija (Dobrava) - Strešni vrh (Svibno),45,lahka neoznačena steza
2042,Pirman - Grad Turjak (daljša pot),40,lahka označena pot
2042,Turjak - Grad Turjak,10,lahka označena pot
2042,Pirman - Grad Turjak (krajša pot),20,lahka označena pot
2043,Trbovlje (Terezija rov) - Sv. Križ (Retje),70,lahka označena pot
2043,Trbovlje (Sušnik) - Sv. Križ (Retje),75,lahka označena pot
2043,Trbovlje (občina Trbovlje) - Sv. Križ (Retje),90,lahka označena pot
2043,Prapretno pri Hrastniku - Sv. Križ (Retje),65,lahka označena pot
2043,Gojda (Jašek III.) - Sv. Križ (Retje),55,lahka označena pot
2043,Gojda (Jašek III.) - Sv. Križ (Retje) (lovska pot),40,lahka neoznačena steza
2044,Radeče - Sveta Katarina (Zavrate),65,lahka neoznačena steza
2045,Štore - Turn (Sv. Janez Krstnik) (čez Kompole),75,lahka označena pot
2045,Štore - Turn (Sv. Janez Krstnik) (skozi Bojanski graben in  mimo Vrunčevega doma),165,lahka označena pot
2045,Štore - Turn (Sv. Janez Krstnik) (mimo Marije in Alminega doma),180,lahka označena pot
2045,Štore - Turn (Sv. Janez Krstnik) (čez Žlajfo in mimo Vrunčevega doma),150,lahka označena pot
2045,Tremerje - Turn (Sv. Janez Krstnik) (mimo Celjske koče in Vrunčevega doma),225,lahka označena pot
2046,Gradiško jezero - Sveti Mohor na Mohorjevem hribu (čez Prikrnico),65,lahka neoznačena steza
2046,Gradiško jezero - Sveti Mohor na Mohorjevem hribu (čez Vinje pri Moravčah),95,lahka označena pot
2046,Gradiško jezero - Sveti Mohor na Mohorjevem hribu,50,lahka neoznačena steza
2047,Zagorje ob Savi - Lovski dom na Klančišah,75,lahka označena pot
2047,Kisovec - Lovski dom na Klančišah,70,lahka označena pot
2048,Pristavlja vas - Lavričeva koča na Gradišču,30,lahka označena pot
2048,Mekinje nad Stično - Lavričeva koča na Gradišču,10,lahka označena pot
2049,Loka pri Žusmu (Žamerk) - Grad Žusem,50,lahka označena pot
2050,Kandrše (Trata) - Sveti Lenart (Kandrše),8,lahka označena pot
2051,Višnja Gora - Grad Višnja Gora (Stari grad),30,lahka označena pot
2052,Zgornja Slivnica - Magdalenska gora,15,lahka označena pot
2053,Štore - Kapelica pri Mariji pod Srebotnikom (Barbarina pot),75,lahka označena pot
2053,Celje - Kapelica pri Mariji pod Srebotnikom (po Celjski planinski poti),135,lahka označena pot
2054,Radeče - Svinjski rt,45,lahka označena pot
2055,RC Korant - Ajdovščina nad Ihanom (po vlaki),25,lahka neoznačena steza
2056,Županova jama - Tabor Cerovo,15,lahka označena pot
2056,Ponova vas - Tabor Cerovo,20,lahka označena pot
2056,Turjak - Tabor Cerovo,105,lahka označena pot
2057,Kandrše (Trata) - Sveti Mihael (Križate),25,lahka označena pot
2058,Kočevje (Rudnik) - Rudniško jezero (krožna pot okoli jezera),50,lahka neoznačena steza
2059,Trbovlje - Špicberg (krožna pot),60,lahka neoznačena steza
2059,Bevško - Špicberg,35,lahka označena pot
2060,Gradiško jezero - Gradiški grič (po pešpoti),25,"lahka označena pot, lahka neoznačena steza"
2060,Gradiško jezero - Gradiški grič (po cesti),20,lahka neoznačena steza
2061,Breg (Liški potok) - Sv. Janez Krstnik (Razbor),40,lahka označena pot
2062,Podsreda - Grad Podsreda (Grajska pot),40,lahka označena pot
2062,Gorjane (Železno) - Grad Podsreda,45,lahka označena pot
2062,Podsreda - Grad Podsreda (mimo kapele sv. Florijana),45,lahka označena pot
2062,Pišece (Pri mlinu) - Grad Podsreda,195,lahka označena pot
2063,Gorjuša - Oklo nad Ihanom (skozi Dobovlje),90,lahka označena pot
2063,Gorjuša - Oklo nad Ihanom (mimo sv. Miklavža),100,lahka neoznačena steza
2063,SSK Sam Ihan - Oklo nad Ihanom (skozi Dobovlje),90,lahka neoznačena steza
2063,SSK Sam Ihan - Oklo nad Ihanom (mimo sv. Miklavža),100,lahka neoznačena steza
2064,Gaber pri Semiču - Sveti Primož in Felicijan nad Semičem,10,lahka označena pot
2065,Dolenjske Toplice - Vzletišče Peter (Straška gora),50,lahka neoznačena steza
2066,Ljubljana (sv. Urh) - Orle,70,lahka označena pot
2066,Ljubljana (Spodnji Rudnik) - Orle,40,lahka označena pot
2066,Ljubljana (Gruberjeva brv) - Orle,105,lahka označena pot
2066,Ljubljana (Žabja vas) - Orle,75,lahka označena pot
2066,Ljubljana (Štepanja vas) - Orle,105,lahka neoznačena steza
2067,Liboje - Planinski dom na Brnici,30,lahka označena pot
2067,Košnica - Planinski dom na Brnici,60,lahka označena pot
2067,Celje (viseči most) - Planinski dom na Brnici (po grebenu),45,lahka označena pot
2067,Celje (viseči most) - Planinski dom na Brnici (iz SV smeri),40,lahka označena pot
2068,Podgrad - Lazarjev vrh,50,lahka neoznačena steza
2069,Šentjur - Grad Rifnik (Raicheneck),30,lahka označena pot
2070,Ljubljana (Botanični vrt) - Mazovnik (Golovec),65,lahka neoznačena steza
2070,Ljubljana (Rakovnik) - Mazovnik (Golovec),55,lahka neoznačena steza
2070,Ljubljana (London) - Mazovnik (Golovec),35,lahka neoznačena steza
2070,Ljubljana (Gruberjeva brv) - Mazovnik (Golovec),60,lahka označena pot
2070,Ljubljana (Štepanja vas) - Mazovnik (Golovec),60,lahka neoznačena steza
2071,Litija (Frtica) - Sitarjevec,30,lahka neoznačena steza
2071,Litija (Bar 3M) - Sitarjevec,25,lahka neoznačena steza
2072,Selo pri Mirni - Sveti Peter (Selo pri Mirni),15,lahka označena pot
2072,Selo pri Mirni - Sveti Peter (Selo pri Mirni) (po cesti),15,lahka neoznačena steza
2073,Podgrad - Murjevka,40,lahka neoznačena steza
2074,Ljubljana (Zalog) - Stari grad (Stari Osterberg),30,lahka označena pot
2074,Podgrad - Stari grad (Stari Osterberg) (po Ostrovrharjevi poti),45,lahka označena pot
2074,Podgrad - Stari grad (Stari Osterberg) (mimo kamnoloma mlinskih kamnov),45,lahka neoznačena steza
2074,Podgrad - Stari grad (Stari Osterberg) (po kolovozu),30,lahka neoznačena steza
2075,Laško (pokopališče Laško) - Cerkev sv. Mihaela na Šmihelu,40,lahka označena pot
2075,Laško (pokopališče Laško) - Cerkev sv. Mihaela na Šmihelu (mimo sv. Krištofa),52,lahka označena pot
2076,Dom Frata - Dom LD Dobrnič,65,lahka označena pot
2076,Rdeči Kal - Dom LD Dobrnič (po cesti),45,lahka označena pot
2076,Rdeči Kal - Dom LD Dobrnič (čez Veliko raven),85,lahka označena pot
2077,Ljubljana (Botanični vrt) - Črni hrib (Golovec),55,lahka neoznačena steza
2077,Ljubljana (London) - Črni hrib (Golovec),30,lahka neoznačena steza
2077,Ljubljana (Rakovnik) - Črni hrib (Golovec),50,lahka neoznačena steza
2077,Ljubljana (Štepanja vas) - Črni hrib (Golovec),50,lahka neoznačena steza
2077,Ljubljana (Gruberjeva brv) - Črni hrib (Golovec),50,lahka neoznačena steza
2078,Radenski kal - Velika Radenska stena,40,lahka označena pot
2079,Ljubljana (Rakovnik) - Luknje,30,lahka neoznačena steza
2080,Zidani Most - Gašperjeva koča pod Velikim Kozjem,60,lahka označena pot
2081,Gorica pri Slivnici - Gradišče (nad Slivniškim jezerom) (zahodna pot),30,lahka označena pot
2081,Gorica pri Slivnici - Gradišče (nad Slivniškim jezerom) (vzhodna pot),35,lahka označena pot
2082,Prebold - Dežnikarjeva lipa,40,lahka označena pot
2083,Turjak - Županova jama,90,lahka označena pot
2083,Ponova vas - Županova jama,35,lahka označena pot
2084,Gorica pri Slivnici - Peseke,30,lahka označena pot
2085,Radenski kal - Mala Radenska stena,35,lahka označena pot
2086,Otočec - Sveta Marija (Trška Gora),60,lahka označena pot
2086,Otočec - Sveta Marija (Trška Gora) (via castle Stari grad),75,lahka označena pot
2087,Zagorica pri Dobrniču - Sveti Križ (Liška gora),40,lahka neoznačena steza
2088,Bistrica ob Sotli - Grad Kunšperk (Pot ljubezni),60,lahka označena pot
2088,Bizeljska vas - Grad Kunšperk,75,lahka označena pot
2089,Gorica pri Slivnici - Gaj,30,lahka označena pot
2089,Vezovje (avtobusna postaja Vezovje most) - Gaj,30,lahka označena pot
2090,Laško (pokopališče Laško) - Sveta Katarina (Kuretno),40,lahka označena pot
2091,Gorjuša - Veliki vrh (Križentaver),20,lahka označena pot
2091,SSK Sam Ihan - Veliki vrh (Križentaver),20,lahka neoznačena steza
2092,Čatež ob Savi - Lovska koča na Malem Cirniku,115,lahka označena pot
2093,Olimje - Koča pri čarovnici,30,lahka označena pot
2094,Cmereška gorca - Tinska gora,90,lahka označena pot
2094,Spodnje Tinsko - Tinska gora,30,lahka označena pot
2094,Pristava pri Mestinju - Tinska gora,90,"lahka neoznačena steza, lahka označena pot"
2095,Celje - Stari grad na Grajskem hribu,20,lahka označena pot
2095,Štore - Stari grad na Grajskem hribu,90,lahka označena pot
2096,Ljubljana (Podgorica pri Črnučah) - Oljska gora,20,lahka označena pot
2096,Ljubljana (Soteška pot) - Oljska gora,25,lahka neoznačena steza
2096,Ljubljana (Ocvirkova ulica) - Oljska gora,20,lahka neoznačena steza
2097,SSK Sam Ihan - Sv. Miklavž na Goropečah,75,lahka neoznačena steza
2097,Gorjuša - Sv. Miklavž na Goropečah,75,lahka neoznačena steza
2098,Volčji Potok - Stari grad (Volčji Potok) (položna pot),30,lahka neoznačena steza
2098,Volčji Potok - Stari grad (Volčji Potok) (strma pot),20,lahka neoznačena steza
2099,Celje - Miklavžev hrib (Miklavški hrib),20,lahka označena pot
2099,Celje - Miklavžev hrib (Miklavški hrib) (po cesti),25,lahka označena pot
2100,Zagorje ob Savi - Sv. Janez Krstnik (Vine),35,lahka neoznačena steza
2101,Podgrad - Kamnolom mlinskih kamnov,30,lahka neoznačena steza
2102,Moravče - Hribce,20,lahka neoznačena steza
2103,Podsreda - Stara sveta gora (Križev pot),25,lahka neoznačena steza
2103,Podsreda - Stara sveta gora (po cesti),30,lahka neoznačena steza
2103,Podsreda - Stara sveta gora (ob postajah križevega pota),25,lahka neoznačena steza
2104,Žejno (Foto Ivanšek) - Sveti Vid (Šentviška gora) (bosonoga pot Lojzeta Ogorevca),75,lahka neoznačena steza
2104,Čatež ob Savi - Sveti Vid (Šentviška gora),35,lahka označena pot
2104,Čatež ob Savi - Sveti Vid (Šentviška gora) (Leseni križev pot),35,lahka označena pot
2105,Gorjuša - Sv. Kunigunda na Taboru nad Ihanom,35,lahka označena pot
2105,SSK Sam Ihan - Sv. Kunigunda na Taboru nad Ihanom,35,lahka neoznačena steza
2106,Celje - Miklavžev hrib (Razgledni stolp) (Žerdonerjeva pot),20,lahka označena pot
2106,Celje - Miklavžev hrib (Razgledni stolp) (mimo Kapucinskega samostana),20,lahka označena pot
2107,Liboje (Liko) - Sveta Neža (Liboje),15,lahka neoznačena steza
2108,Kozje - Grad Kozje (Drachenburg) (Najkrajša pot od ribnika),20,delno zahtevna označena pot
2108,Kozje - Grad Kozje (Drachenburg) (strma pot),20,lahka označena pot
2109,Radenski kal - Radenski kal,3,lahka označena pot
2110,Podčetrtek (Terme Olimia) - Grad Podčetrtek,30,lahka označena pot
2110,Podčetrtek (sveti Lovrenc) - Grad Podčetrtek (zahodna pot),20,lahka označena pot
2110,Podčetrtek (sveti Lovrenc) - Grad Podčetrtek (vzhodna pot),20,lahka označena pot
2111,Olimje - Sv. Andrej nad Olimjem,15,lahka označena pot
2112,Prečna - Dom Frata,100,lahka označena pot
2112,Rdeči Kal - Dom Frata (po cesti),105,lahka označena pot
2112,Rdeči Kal - Dom Frata (čez Veliko raven),145,lahka označena pot
2113,Vonarje - Sveta Ema (Emina tematska pot),25,lahka označena pot
2113,Sodna vas - Sveta Ema,30,lahka označena pot
2113,Rogaška Slatina - Sveta Ema,135,lahka označena pot
2114,Marof pri Pišecah - Grad Pišece,15,lahka označena pot
2115,Rogaška Slatina - Prnek,20,lahka označena pot
2116,Migojnice - Gradišče (pri Grižah) (krožna pot),30,lahka neoznačena steza
2117,Gradiško jezero - Gradiško jezero (krožna pot okrog jezera),60,lahka neoznačena steza
2118,Krško - Sveti Primož (Kremen),25,lahka označena pot
2119,"Štore - Lahomniški sopot (čez Žlajfo, Svetino in Olešče)",240,lahka označena pot
2120,Laško (pokopališče Laško) - Cerkev sv. Krištofa na Gramnu,17,lahka označena pot
2121,Rogaška Slatina - Sv. Areh (Vonarje),130,"lahka označena pot, lahka neoznačena steza"
2122,Cmereška gorca - Sv. Urban (Cmereška Gorca),30,lahka označena pot
2122,Pristava pri Mestinju - Sv. Urban (Cmereška Gorca),30,lahka neoznačena steza
2123,"Gruska jama - Gruska jama (Krožna pot, nasprotna smer urinega kazalca)",30,delno zahtevna označena pot
2124,Rogaška Slatina - Sveta Trojica (Prnek),30,lahka označena pot
2125,Štore - Sv. Lovrenc (Kompole),30,lahka označena pot
2125,Štore - Sv. Lovrenc (Kompole) (po poti  na Resevno),40,lahka označena pot
2126,Gorica pri Slivnici - Turistična kmetija Žurej,135,lahka označena pot
2127,Sveti Peter - Pusti Peter,20,lahka označena pot
2128,Rogaška Slatina - Sv. Vid (Vonarje),120,lahka označena pot
2129,Gorica pri Slivnici - Sveti Urban (Gorica pri Slivnici),5,lahka označena pot
2130,Rimske Toplice (Šmarjeta) - Cerkev Lurške Matere Božje (Lurd) (skozi Lurd),15,lahka označena pot
2131,Gorica pri Slivnici - Slivniško jezero,15,lahka neoznačena steza
2132,Celje - Herkulovo svetišče na Bregu,10,lahka označena pot
2133,Radeče - Stari grad Radeče (Ratschach),10,lahka označena pot
2134,Muljava - Izvir Krke,50,lahka označena pot
2134,Izvir Poltarice - Izvir Krke,10,lahka označena pot
2135,Otočec - Stari grad nad Otočcem,30,lahka označena pot
2136,Podsreda - Levstikov mlin,10,lahka označena pot
2137,Most čez Kotnico - Jelovička in Mihova jama,10,lahka neoznačena steza
2138,Podčetrtek (Terme Olimia) - Sveti Lovrenc (Podčetrtek) (zgornja pot),20,lahka označena pot
2139,Ribnik Vonarje - Ribnik Vonarje (pot okoli ribnika),10,lahka neoznačena steza
2140,Bobrov center - Bobrov center (učna pot),15,lahka označena pot
2141,Sotina - Sotinski breg (Kugla) (po cesti),35,lahka označena pot
2141,Sotina - Sotinski breg (Kugla) (mimo izvira slatine),50,lahka označena pot
2141,OMP Sotina - Sotinski breg (Kugla),45,lahka označena pot
2141,Sotina - Sotinski breg (Kugla) (čez Patrov Breg),30,lahka neoznačena steza
2141,OMP Kuzma - Sotinski breg (Kugla),60,lahka označena pot
2141,OMP Sotina - Sotinski breg (Kugla) (zahodna pot),30,lahka neoznačena steza
2141,TV Neuhaus am Klausenbach - Sotinski breg (Kugla),35,lahka označena pot
2142,Serdica - Serdiški breg (Rdeči breg),40,lahka označena pot
2142,OMP Sotina - Serdiški breg (Rdeči breg),35,lahka označena pot
2142,Nuskova - Serdiški breg (Rdeči breg) (čez Brunarjev breg),60,lahka označena pot
2142,Sotina (Dajčev mlin) - Serdiški breg (Rdeči breg),35,lahka označena pot
2142,Nuskova - Serdiški breg (Rdeči breg),50,lahka označena pot
2142,OMP Kramarovci - Serdiški breg (Rdeči breg),60,lahka neoznačena steza
2142,Serdica - Serdiški breg (Rdeči breg) (čez Brunarjev breg),50,lahka označena pot
2142,OMP Sotina - Serdiški breg (Rdeči breg) (avstrijska pot),45,lahka neoznačena steza
2143,Ženavlje (spominsko obeležje) - Križarka (Kamlik),65,lahka neoznačena steza
2143,Gornji Petrovci (pokopališče) - Križarka (Kamlik),95,lahka neoznačena steza
2143,Boreča - Križarka (Kamlik) (mimo sv. Ane),60,lahka neoznačena steza
2143,Otovci (nogometno igrišče) - Križarka (Kamlik),85,lahka neoznačena steza
2144,Martinje (Športni center Martinje) - Srebrni breg,8,lahka neoznačena steza
2144,Ženavlje (spominsko obeležje) - Srebrni breg (mimo pokopališča),65,lahka neoznačena steza
2144,Ženavlje (spominsko obeležje) - Srebrni breg (mimo kapele),70,lahka neoznačena steza
2145,Otovci (nogometno igrišče) - Vukova kapela (Vidonci),45,lahka neoznačena steza
2146,Gornji Petrovci (pokopališče) - Cerkev sv. Ane v Boreči,70,lahka neoznačena steza
2146,Križarka - Cerkev sv. Ane v Boreči,35,lahka neoznačena steza
2146,Ženavlje (spominsko obeležje) - Cerkev sv. Ane v Boreči,30,lahka neoznačena steza
2146,Boreča - Cerkev sv. Ane v Boreči,25,lahka neoznačena steza
2146,Otovci (nogometno igrišče) - Cerkev sv. Ane v Boreči,60,lahka neoznačena steza
2147,Lovski dom LD Križevci v Prekmurju - Kamenek,30,lahka neoznačena steza
2147,Gornji Petrovci (Dol) - Kamenek,110,lahka označena pot
2148,Trdkova - Tromejnik (Ježkova pot - po cesti),20,lahka označena pot
2148,Trdkova - Tromejnik (Ježkova pot - skozi gozd),25,lahka označena pot
2148,OMP Matjaševci - Tromejnik,60,lahka označena pot
2148,Martinje (Športni center Martinje) - Tromejnik,60,lahka označena pot
2148,Trdkova - Tromejnik (po markirani poti skozi gozd),20,lahka označena pot
2148,Eisenberg an der Raab - Tromejnik (po cesti),80,lahka označena pot
2148,Gornji Senik / Felsőszölnök - Tromejnik,90,lahka označena pot
2148,Eisenberg an der Raab - Tromejnik (ob državni meji),70,lahka označena pot
2148,Oberdrosen - Tromejnik,30,lahka označena pot
2149,Martinje (Športni center Martinje) - Evharistični križ v Trdkovi,20,lahka označena pot
2150,Grad - Pepelšček,25,lahka neoznačena steza
2150,Grad (pokopališče) - Pepelšček,8,lahka neoznačena steza
2151,Ženavlje (spominsko obeležje) - Kapela Presvetega Srca Jezusovega in Brezmadežnega Srca Marijinega v Martinju,45,lahka neoznačena steza
2152,Sotina - Činčev breg (mimo izvira slatine),30,lahka neoznačena steza
2152,Sotina - Činčev breg (čez Činčev Breg),25,lahka neoznačena steza
2153,Kuzma - Bogin breg,45,lahka označena pot
2153,Trdkova - Bogin breg,25,lahka označena pot
2154,Grad - Grad Grad na Goričkem,15,lahka označena pot
2154,Sveti Jurij - Grad Grad na Goričkem,140,lahka označena pot
2154,Grad - Grad Grad na Goričkem (čez Kripto),55,lahka neoznačena steza
2155,Trdkova - Zalka,18,lahka označena pot
2155,Kuzma - Zalka,52,lahka označena pot
2156,Čepinci (pokopališče Čepinci) - Gorički breg,45,lahka neoznačena steza
2157,Andrejci - Sveti Benedikt (Kančevci),40,lahka označena pot
2157,Sebeborci - Sveti Benedikt (Kančevci),80,lahka neoznačena steza
2157,Moravske Toplice - Sveti Benedikt (Kančevci),150,lahka označena pot
2157,Selo (brunarica TIC Selo) - Sveti Benedikt (Kančevci),90,lahka označena pot
2157,Gornji Petrovci (Dol) - Sveti Benedikt (Kančevci),195,lahka označena pot
2158,Gornji Petrovci (pokopališče) - Kapela v Stanjevcih,20,lahka neoznačena steza
2159,Ženavlje (spominsko obeležje) - Sveta Trojica (Gornji Petrovci),80,lahka označena pot
2159,Gornji Petrovci (Dol) - Sveta Trojica (Gornji Petrovci),25,lahka označena pot
2159,Peskovci - Sveta Trojica (Gornji Petrovci),40,lahka označena pot
2160,Budinci (mejni prehod) - Mejni kamen A 115 (po državni meji),35,lahka neoznačena steza
2160,Čepinci (pokopališče Čepinci) - Mejni kamen A 115,60,lahka neoznačena steza
2160,Budinci (mejni prehod) - Mejni kamen A 115 (po označeni poti),37,lahka označena pot
2160,MP Hodoš - Mejni kamen A 115,255,lahka označena pot
2160,Andovci / Orfalu - Mejni kamen A 115,45,lahka označena pot
2160,Hodoš - Mejni kamen A 115 (mimo parka Határkőpark),185,lahka neoznačena steza
2160,Mladinski dom Hodoš - Mejni kamen A 115,210,lahka označena pot
2161,Ocinje - Apneni breg,15,lahka neoznačena steza
2161,Ocinje - Apneni breg (mimo Slatinskega vrelca Ocinje),30,lahka neoznačena steza
2162,Radovci (gasilski dom) - Radovci (gasilski dom) (Graščakova pot),240,lahka označena pot
2163,Nuskova - Beli breg,30,lahka označena pot
2163,Nuskova - Beli breg (čez Rožičev breg),45,lahka označena pot
2163,Serdica - Beli breg (čez Rožičev breg),35,lahka neoznačena steza
2163,OMP Kramarovci - Beli breg,25,lahka neoznačena steza
2164,OMP Kramarovci - Mejni kamen Marije Terezije (Tromejnik) (čez Sveto Ano pri Igu / Sankt Anna am Aigen),100,lahka označena pot
2164,OMP Sotina - Mejni kamen Marije Terezije (Tromejnik) (čez Serdiški breg),70,lahka neoznačena steza
2164,OMP Sotina - Mejni kamen Marije Terezije (Tromejnik),60,lahka neoznačena steza
2164,OMP Sotina - Mejni kamen Marije Terezije (Tromejnik) (avstrijska pot),65,lahka neoznačena steza
2164,OMP Kramarovci - Mejni kamen Marije Terezije (Tromejnik) (čez Beli breg),75,lahka neoznačena steza
2164,Serdica - Mejni kamen Marije Terezije (Tromejnik),55,lahka označena pot
2165,Nuskova - Marija Snežna (Fikšinci),80,lahka neoznačena steza
2165,Pertoča - Marija Snežna (Fikšinci),75,lahka neoznačena steza
2166,Grad - Kripta (zahodna pot),30,lahka neoznačena steza
2166,Grad Grad na Goričkem - Kripta (po Graščakovi poti),25,lahka označena pot
2166,Grad - Kripta (severna pot),25,lahka neoznačena steza
2166,Grad Grad na Goričkem - Kripta (po cesti),20,lahka označena pot
2167,Grad Grad na Goričkem - Grajski izvir pri gradu Grad na Goričkem,5,lahka označena pot
2168,Lendava (TIC Lendava) - Piramida (Lendavske gorice),40,lahka označena pot
2168,Lendava (Tuš Supermarket Kocet) - Piramida (Lendavske gorice),45,lahka označena pot
2168,Dolga vas - Piramida (Lendavske gorice),40,lahka označena pot
2168,Dolga vas - Piramida (Lendavske gorice) (po Opekarniški poti),70,lahka označena pot
2169,Šalamenci - Griški vrh,45,lahka neoznačena steza
2169,Bodonci (Varaš) - Griški vrh,25,lahka neoznačena steza
2170,Selo (brunarica TIC Selo) - Makotrov breg,25,lahka označena pot
2170,Sveti Benedikt (Kančevci) - Makotrov breg,60,lahka označena pot
2171,Moravske Toplice - Kapela v Zgornjih Moravcih,90,"lahka označena pot, lahka neoznačena steza"
2171,Moravske Toplice - Kapela v Zgornjih Moravcih (po cesti),45,lahka neoznačena steza
2171,Selo (brunarica TIC Selo) - Kapela v Zgornjih Moravcih,85,"lahka označena pot, lahka neoznačena steza"
2172,Hodoš - Cerkev sv. Nikolaja (Dolenci),75,lahka označena pot
2173,Domanjševci (evangeličanska cerkev) - Sveti Martin (Stari breg),15,lahka označena pot
2174,Korovci - Fuks graba,35,lahka neoznačena steza
2175,MP Hodoš - Határkőpark,120,lahka označena pot
2175,Hodoš - Határkőpark,50,lahka neoznačena steza
2175,Budinci (mejni prehod) - Határkőpark,100,lahka označena pot
2175,Mladinski dom Hodoš - Határkőpark,75,lahka označena pot
2177,Bokrači (zvonik) - Trestenjak,18,lahka neoznačena steza
2177,Krnci (Vaško gasilski dom) - Trestenjak (po cesti),20,lahka neoznačena steza
2178,Lendava (TIC Lendava) - Razgledni stolp Vinarium Lendava,30,lahka označena pot
2178,Lendava (Tuš Supermarket Kocet) - Razgledni stolp Vinarium Lendava,55,lahka označena pot
2178,Dolga vas - Razgledni stolp Vinarium Lendava (po Opekarniški poti),60,lahka označena pot
2178,Dolga vas - Razgledni stolp Vinarium Lendava,30,lahka označena pot
2179,Ocinje - Črni kamen,20,lahka neoznačena steza
2180,Ocinje - Slatinski vrelec Ocinje,15,lahka neoznačena steza
2181,Pertoča - Sveta Helena (Pertoča),20,lahka neoznačena steza
2182,Gornji Slaveči (pokopališče) - Planinska koča Rak,10,lahka označena pot
2182,Dolnji Slaveči (avtobusna postaja Mlin) - Planinska koča Rak,45,lahka označena pot
2182,Sveti Jurij - Planinska koča Rak,60,lahka označena pot
2182,Kuzma - Planinska koča Rak,60,lahka označena pot
2182,Sotina - Planinska koča Rak,60,lahka neoznačena steza
2182,OMP Kuzma - Planinska koča Rak,90,lahka označena pot
2183,Moravske Toplice - Gomba,105,"lahka označena pot, lahka neoznačena steza"
2183,Bogojina - Gomba,60,"lahka označena pot, lahka neoznačena steza"
2184,Grad - Evangeličanska cerkev (Bodonci),135,lahka neoznačena steza
2184,Tišina - Evangeličanska cerkev (Bodonci),190,lahka označena pot
2185,Budinci (mejni prehod) - Budinci (Pot cvetočih travnikov v Budincih),75,lahka označena pot
2185,"Budinci - Budinci (Pout po dolaj, pa bregaj)",210,lahka označena pot
2186,Bokrači (zvonik) - Ograd,30,lahka neoznačena steza
2187,Sotina - Izvir slatine (pod Činčevim bregom),15,lahka označena pot
2188,Športni center - ŠD NK Križevci - Vidrin center Aqualutra,7,lahka označena pot
2189,Športni center - ŠD NK Križevci - Jezero Križevci,12,lahka neoznačena steza
2190,Lendava (TIC Lendava) - Sveta Trojica v Lendavskih goricah,20,lahka označena pot
2190,Dolga vas - Sveta Trojica v Lendavskih goricah,35,lahka označena pot
2191,Sveti Jurij - Kačova mlaka,120,lahka označena pot
2191,Grad - Kačova mlaka,5,lahka neoznačena steza
2192,Lončarovci - Močvara (Lončarovci) (pot po močvari),15,lahka označena pot
2192,Športni center - ŠD NK Križevci - Močvara (Lončarovci),90,lahka neoznačena steza
2193,Bukovniško jezero - Voglerjeva koča,45,lahka označena pot
2193,Motvarjevci - Voglerjeva koča,40,lahka označena pot
2193,Kobilje - Voglerjeva koča,70,lahka označena pot
2193,Dobrovnik - Voglerjeva koča,65,lahka neoznačena steza
2194,Moravske Toplice - Rotunda sv. Nikolaja (Selo) (po cesti),120,lahka neoznačena steza
2194,Sveti Benedikt (Kančevci) - Rotunda sv. Nikolaja (Selo),80,lahka označena pot
2194,Selo (brunarica TIC Selo) - Rotunda sv. Nikolaja (Selo),3,lahka označena pot
2194,Moravske Toplice - Rotunda sv. Nikolaja (Selo),165,lahka označena pot
2195,Bogojina - Vršič nad Bogojino,20,lahka označena pot
2196,Hodoš - Hodoško jezero (krožna pot okoli jezera),60,lahka neoznačena steza
2196,Hodoš - Hodoško jezero,20,lahka neoznačena steza
2197,Nuskova - Slatinski vrelec Nuskova,5,lahka označena pot
2197,Slatinski vrelec Nuskova - Slatinski vrelec Nuskova (pot čuka in puščavnika),65,lahka označena pot
2197,Sveti Jurij - Slatinski vrelec Nuskova,30,lahka označena pot
2198,Krašči (Brezje) - Ledavsko jezero (pot okrog jezera),90,lahka neoznačena steza
2198,Krašči (Brezje) - Ledavsko jezero (Bernardina pot),120,lahka neoznačena steza
2199,Lendava (TIC Lendava) - Lendavski grad (Dolnjelendavski grad),7,lahka označena pot
2200,Bukovniško jezero - Sveti Vid (pri Bukovniškem jezeru),10,lahka označena pot
2200,Bogojina - Sveti Vid (pri Bukovniškem jezeru),145,lahka označena pot
2201,Radenci (Zdravilišče Radenci) - Cerkev Marijinega rojstva (Tišina),80,lahka označena pot
2202,Radenci (Zdravilišče Radenci) - Močvirje Zaton (mimo Gramoznice pri nasipu Petanjci),30,lahka neoznačena steza
2203,Radenci (Zdravilišče Radenci) - Gramoznica pri nasipu Petanjci,15,lahka neoznačena steza
2203,Močvirje Zaton - Gramoznica pri nasipu Petanjci,10,lahka neoznačena steza
2204,Radenci (Zdravilišče Radenci) - Vrt spominov in tovarištva na Petanjcih,60,lahka označena pot
2205,Bukovniško jezero - Plečnikova cerkev (Bogojina),150,lahka označena pot
2205,Moravske Toplice - Plečnikova cerkev (Bogojina),150,lahka označena pot
2206,Kobilje - Gramoznica Kobilje,25,lahka označena pot
2206,Motvarjevci - Gramoznica Kobilje,30,lahka označena pot
2207,Tišina - Gramoznica Kupšinci,30,lahka neoznačena steza
2208,Moravske Toplice - Grad Murska Sobota (čez Martjance),105,lahka označena pot
2208,Moravske Toplice - Grad Murska Sobota (čez Markišavce),135,lahka označena pot
2209,Dobrovnik - Bukovniško jezero,20,lahka označena pot
2209,Bogojina - Bukovniško jezero (po cesti),105,lahka neoznačena steza
2209,Bukovniško jezero - Bukovniško jezero (pot okoli jezera),30,lahka označena pot
2209,Bogojina - Bukovniško jezero,150,lahka označena pot
2209,Motvarjevci - Bukovniško jezero,70,lahka označena pot
2209,Kobilje - Bukovniško jezero,70,lahka označena pot
2210,Expano - Soboško jezero (krožna pot okrog jezera),60,lahka neoznačena steza
2211,Beltinci - Ribnik Taškal,70,lahka označena pot
2212,Beltinci - Gramoznica Dokležovje,75,lahka označena pot
2213,Lipovci - Gramoznica Vučja jama (krožna pot okoli jezera),18,lahka neoznačena steza
2213,Dvorec Rakičan - Gramoznica Vučja jama (po poljski poti),55,lahka neoznačena steza
2213,Dvorec Rakičan - Gramoznica Vučja jama (mimo kapelice),40,lahka neoznačena steza
2214,Otok ljubezni - Otok ljubezni (krožna pot po in ob otoku),25,lahka neoznačena steza
2214,Beltinci - Otok ljubezni,70,lahka označena pot
2214,Veržej - Otok ljubezni (ob desnem bregu Mure),80,lahka neoznačena steza
2214,Zgornje Krapje - Otok ljubezni,40,lahka neoznačena steza
2215,Bogojina - Gramoznica Ivanci,60,lahka neoznačena steza
2215,Moravske Toplice - Gramoznica Ivanci,90,"lahka označena pot, lahka neoznačena steza"
2215,Moravske Toplice - Gramoznica Ivanci (po evropski pešpoti E7),90,"lahka označena pot, lahka neoznačena steza"
2215,Hraščica - Gramoznica Ivanci (po evropski pešpoti E7),30,"lahka označena pot, lahka neoznačena steza"
2216,Prtovč - Altemaver (Ratitovec) (čez Po(v)den),110,lahka označena pot
2216,Prtovč - Altemaver (Ratitovec) (čez Razor),110,lahka označena pot
2216,Torka - Altemaver (Ratitovec),95,lahka označena pot
2216,Pečana - Altemaver (Ratitovec),55,lahka označena pot
2216,Zgornje Danje - Altemaver (Ratitovec),105,lahka označena pot
2216,Bohinjsko sedlo - Altemaver (Ratitovec),195,lahka označena pot
2216,Bitenjska planina - Altemaver (Ratitovec),150,lahka označena pot
2216,Soriška peč - Altemaver (Ratitovec),180,lahka označena pot
2216,Gozdarska koča Rovtarica - Altemaver (Ratitovec),220,lahka označena pot
2216,Razglednik - Altemaver (Ratitovec),190,lahka označena pot
2216,Rotek - Altemaver (Ratitovec),150,lahka označena pot
2216,Podkorita - Altemaver (Ratitovec),220,"lahka neoznačena steza, lahka označena pot"
2216,Spodnje Danje - Altemaver (Ratitovec),150,lahka neoznačena steza
2216,Podrošt - Altemaver (Ratitovec),200,lahka označena pot
2217,Prtovč - Gladki vrh (Ratitovec) (čez Razor),95,lahka označena pot
2217,Prtovč - Gladki vrh (Ratitovec) (čez Po(v)den),95,lahka označena pot
2217,Zali Log - Gladki vrh (Ratitovec),185,lahka označena pot
2217,Ledine - Gladki vrh (Ratitovec) (čez planino Klom),115,lahka označena pot
2217,Torka - Gladki vrh (Ratitovec),80,lahka označena pot
2217,Jesenovec - Gladki vrh (Ratitovec) (čez Razor),185,delno zahtevna označena pot
2217,Ledine - Gladki vrh (Ratitovec) (čez Kosmati vrh),130,lahka označena pot
2217,Bohinjsko sedlo - Gladki vrh (Ratitovec),215,lahka označena pot
2217,Gozdarska koča Rovtarica - Gladki vrh (Ratitovec),215,lahka označena pot
2217,Pečana - Gladki vrh (Ratitovec),50,lahka označena pot
2217,Bitenjska planina - Gladki vrh (Ratitovec),145,lahka označena pot
2217,Rudenska grapa - Gladki vrh (Ratitovec),240,lahka označena pot
2217,Razglednik - Gladki vrh (Ratitovec),185,lahka označena pot
2217,Podkorita - Gladki vrh (Ratitovec),215,"lahka neoznačena steza, lahka označena pot"
2217,Podrošt - Gladki vrh (Ratitovec),185,lahka označena pot
2218,Zgornje Danje - Kremant (Ratitovec),105,lahka označena pot
2218,Soriška peč - Kremant (Ratitovec),150,lahka označena pot
2218,Bohinjsko sedlo - Kremant (Ratitovec),165,lahka označena pot
2218,Rotek - Kremant (Ratitovec),150,lahka označena pot
2218,Spodnje Danje - Kremant (Ratitovec),150,lahka neoznačena steza
2219,Prtovč - Kosmati vrh (Ratitovec) (čez Razor),100,lahka označena pot
2219,Jesenovec - Kosmati vrh (Ratitovec),60,lahka označena pot
2219,Ledine - Kosmati vrh (Ratitovec),90,lahka označena pot
2219,Pečana - Kosmati vrh (Ratitovec),65,lahka označena pot
2219,Bitenjska planina - Kosmati vrh (Ratitovec),160,lahka označena pot
2219,Podkorita - Kosmati vrh (Ratitovec),230,"lahka neoznačena steza, lahka označena pot"
2219,Prtovč - Kosmati vrh (Ratitovec) (čez Jesenovec in planino Klom),120,lahka označena pot
2219,Prtovč - Kosmati vrh (Ratitovec) (čez Jesenovec),105,lahka označena pot
2219,Rudenska grapa - Kosmati vrh (Ratitovec) (mimo lovske koče na Toli in čez jesenovec),240,lahka označena pot
2220,Prtovč - Krekova koča na Ratitovcu (čez Razor),90,lahka označena pot
2220,Prtovč - Krekova koča na Ratitovcu (čez Po(v)den),90,lahka označena pot
2220,Pečana - Krekova koča na Ratitovcu,45,lahka označena pot
2220,Povden - Krekova koča na Ratitovcu,60,lahka označena pot
2220,Zgornje Danje - Krekova koča na Ratitovcu,120,lahka označena pot
2220,Soriška peč - Krekova koča na Ratitovcu,195,lahka označena pot
2220,Torka - Krekova koča na Ratitovcu,75,lahka označena pot
2220,Prtovč - Krekova koča na Ratitovcu (čez Razor in Vratca),95,lahka označena pot
2220,Ledine - Krekova koča na Ratitovcu (čez planino Klom),120,lahka označena pot
2220,Zali Log - Krekova koča na Ratitovcu,180,lahka označena pot
2220,Jesenovec - Krekova koča na Ratitovcu (čez Razor),180,delno zahtevna označena pot
2220,Bohinjsko sedlo - Krekova koča na Ratitovcu,210,lahka označena pot
2220,Ledine - Krekova koča na Ratitovcu (čez Kosmati vrh),135,lahka označena pot
2220,Bitenjska planina - Krekova koča na Ratitovcu,140,lahka označena pot
2220,Gozdarska koča Rovtarica - Krekova koča na Ratitovcu,210,lahka označena pot
2220,Razglednik - Krekova koča na Ratitovcu,180,lahka označena pot
2220,Rudenska grapa - Krekova koča na Ratitovcu,235,lahka označena pot
2220,Podkorita - Krekova koča na Ratitovcu,210,"lahka neoznačena steza, lahka označena pot"
2220,Spodnje Danje - Krekova koča na Ratitovcu,165,lahka neoznačena steza
2220,Rotek - Krekova koča na Ratitovcu,165,lahka označena pot
2220,Podrošt - Krekova koča na Ratitovcu,180,lahka označena pot
2221,Petrovo Brdo - Porezen,150,lahka označena pot
2221,Lovska koča (Davča) - Porezen,105,lahka označena pot
2221,Cimprovka (Davča) - Porezen (po cesti),135,lahka označena pot
2221,Podhočar - Porezen,110,lahka označena pot
2221,Hudajužna - Porezen,195,lahka označena pot
2221,Raspet - Porezen (po grebenu Cimprovke),165,lahka označena pot
2221,Poče - Porezen (strma pot),150,lahka označena pot
2221,Tuškov Grič - Porezen (po cesti),185,lahka označena pot
2221,Poče - Porezen (položna pot),165,lahka označena pot
2221,Podbrdo - Porezen,210,lahka označena pot
2221,Cerkno - Porezen (strma pot),225,"lahka neoznačena steza, lahka označena pot"
2221,Cerkno - Porezen (položna pot),240,"lahka neoznačena steza, lahka označena pot"
2221,Podbrdo - Porezen (mimo Doma na Poreznu),215,lahka označena pot
2221,Preval Vrh Ravni - Porezen,150,lahka označena pot
2221,Jesenica - Porezen,175,lahka označena pot
2221,Dolenji Novaki - Porezen,240,lahka označena pot
2221,Preval Vrh Ravni - Porezen (mimo Doma na Poreznu),155,lahka označena pot
2221,Cerkno - Porezen (čez Labinjske lehe),250,lahka označena pot
2221,Poče - Porezen (čez Labinjske lehe),195,lahka označena pot
2221,Jesenica - Porezen (mimo Doma na Poreznu),180,lahka označena pot
2221,Poče - Porezen (zimska smer),205,lahka označena pot
2222,Lovska koča (Davča) - Dom na Poreznu,100,lahka označena pot
2222,Petrovo brdo - Dom na Poreznu,145,lahka označena pot
2222,Cimprovka (Davča) - Dom na Poreznu (po cesti),130,lahka označena pot
2222,Tuškov Grič - Dom na Poreznu (po cesti),175,lahka označena pot
2222,Raspet - Dom na Poreznu (po grebenu Cimprovke),160,lahka označena pot
2222,Podhočar - Dom na Poreznu,105,lahka označena pot
2222,Poče - Dom na Poreznu (položna pot),160,lahka označena pot
2222,Cerkno - Dom na Poreznu (položna pot),235,"lahka neoznačena steza, lahka označena pot"
2222,Poče - Dom na Poreznu (strma pot),155,lahka označena pot
2222,Cerkno - Dom na Poreznu (strma pot),230,"lahka neoznačena steza, lahka označena pot"
2222,Podbrdo - Dom na Poreznu,210,lahka označena pot
2222,Podbrdo - Dom na Poreznu (čez vrh Porezna),215,lahka označena pot
2222,Dolenji Novaki - Dom na Poreznu,245,lahka označena pot
2222,Preval Vrh Ravni - Dom na Poreznu,150,lahka označena pot
2222,Jesenica - Dom na Poreznu,175,lahka označena pot
2222,Jesenica - Dom na Poreznu (čez vrh Porezna),180,lahka označena pot
2222,Preval Vrh Ravni - Dom na Poreznu (čez vrh Porezna),155,lahka označena pot
2222,Cerkno - Dom na Poreznu (čez Labinjske lehe),255,lahka označena pot
2222,Poče - Dom na Poreznu (čez Labinjske lehe),200,lahka označena pot
2222,Poče - Dom na Poreznu (zimska smer),210,lahka označena pot
2223,Črni Kal - Blegoš (po cesti in mimo koče),90,lahka označena pot
2223,Črni Kal - Blegoš (direktna pot),70,lahka označena pot
2223,Leskovica - Blegoš,125,lahka označena pot
2223,Čabrače - Blegoš,120,lahka označena pot
2223,Martinj vrh - Blegoš,100,delno zahtevna označena pot
2223,Laze - Blegoš,120,lahka označena pot
2223,Volaka - Blegoš,155,lahka označena pot
2223,Tuškov Grič - Blegoš (čez Črni vrh),165,lahka označena pot
2223,Črni kal - Blegoš (čez Prvo ravan),80,lahka označena pot
2223,Zali Log - Blegoš (čez Potok),180,lahka označena pot
2223,Zali Log - Blegoš (čez Črni Kal),210,delno zahtevna označena pot
2223,Leskovica - Blegoš (po neoznačeni poti),125,lahka neoznačena steza
2223,Volaka - Blegoš (po neoznačeni poti),155,lahka neoznačena steza
2224,Bohinjsko sedlo - Kačji rob (Ovharn),120,lahka označena pot
2224,Zgornje Danje - Kačji rob (Ovharn),70,"lahka označena pot, lahka neoznačena steza"
2224,Soriška peč - Kačji rob (Ovharn),150,lahka označena pot
2225,Bohinjsko sedlo - Žbajnek,105,lahko brezpotje
2225,Soriška peč - Žbajnek,90,lahka označena pot
2226,Podhočar - Hoč,80,lahko brezpotje
2226,Petrovo Brdo - Hoč,120,lahko brezpotje
2227,Ledine - Planina Klom,80,lahka označena pot
2227,Prtovč - Planina Klom (čez Razor),95,lahka označena pot
2227,Prtovč - Planina Klom (čez Jesenovec),90,lahka označena pot
2228,Bohinjsko sedlo - Črni vrh (nad Soriško planino),60,lahka neoznačena steza
2228,Razglednik - Črni vrh (nad Soriško planino) (po cesti),70,"lahka neoznačena steza, lahko brezpotje"
2229,Pečana - Planina Pečana,15,lahka označena pot
2229,Gozdarska koča Rovtarica - Planina Pečana,180,lahka označena pot
2229,Bitenjska planina - Planina Pečana,110,lahka označena pot
2229,Razglednik - Planina Pečana,150,lahka označena pot
2229,Podkorita - Planina Pečana,180,"lahka neoznačena steza, lahka označena pot"
2230,Tuškov Grič - Medrce (po cesti),140,lahka označena pot
2230,Poče - Medrce (strma pot),120,lahka označena pot
2230,Dolenji Novaki - Medrce,195,lahka označena pot
2230,Poče - Medrce (čez Labinjske lehe),150,lahka označena pot
2230,Cerkno - Medrce (čez Labinjske lehe),205,lahka označena pot
2230,Poče - Medrce (zimska smer),160,lahka označena pot
2231,Črni Kal - Koprivnik (spodnja pot),60,lahka označena pot
2231,Črni Kal - Koprivnik (čez Romovec),60,lahka označena pot
2231,Zali Log - Koprivnik,165,lahka označena pot
2231,Brdo - Koprivnik,45,lahka označena pot
2231,Preval - Koprivnik,195,lahka označena pot
2231,Javorje - Koprivnik (čez Brdo),140,lahka označena pot
2231,Preval Hlevišče - Koprivnik (čez Brdo),120,lahka neoznačena steza
2232,Črni Kal - Koča na Blegošu (po cesti),60,lahka označena pot
2232,Leskovica - Koča na Blegošu,95,lahka označena pot
2232,Laze - Koča na Blegošu,90,lahka označena pot
2232,Volaka - Koča na Blegošu,125,lahka označena pot
2232,Zali Log - Koča na Blegošu (čez Potok),150,lahka označena pot
2232,Tuškov Grič - Koča na Blegošu (čez Črni vrh),135,lahka označena pot
2232,Črni kal - Koča na Blegošu (čez Prvo ravan),90,lahka označena pot
2232,Čabrače - Koča na Blegošu,130,lahka označena pot
2233,Koča na Starem vrhu - Mladi vrh (preko Starega vrha),100,lahka označena pot
2233,Črni Kal - Mladi vrh (čez Koprivnik),135,lahka označena pot
2233,Javorje - Mladi vrh (čez Prehode),105,lahka označena pot
2233,Preval - Mladi vrh,120,lahka označena pot
2233,Javorje - Mladi vrh (zahodna pot),125,lahka označena pot
2233,Preval Hlevišče - Mladi vrh,105,lahka neoznačena steza
2234,Raspet - Kopa (Cimprovka),70,lahka označena pot
2234,Poče - Kopa (Cimprovka) (zimska smer),145,lahka označena pot
2234,Cerkno - Kopa (Cimprovka),200,"lahka označena pot, lahka neoznačena steza"
2235,Gozdarska koča Rovtarica - Lipniška planina (mimo Radovljiške planine),100,lahka neoznačena steza
2236,Spodnje Danje - Tonderškofel,75,lahka neoznačena steza
2236,Soriška peč - Tonderškofel,20,lahka neoznačena steza
2236,Rotek - Tonderškofel,75,lahka neoznačena steza
2237,Soriška peč - Erbelc,35,lahka neoznačena steza
2237,Rotek - Erbelc,75,lahka neoznačena steza
2237,Bohinjsko sedlo - Erbelc,70,lahka neoznačena steza
2237,Spodnje Danje - Erbelc,75,lahka neoznačena steza
2238,Jesenica - Otavnik,110,"lahka označena pot, lahko brezpotje"
2238,Preval Vrh Ravni - Otavnik,85,"lahka označena pot, lahko brezpotje"
2239,Zakojca - Kojca,105,lahka označena pot
2239,Preval Vrh Ravni - Kojca,80,lahka označena pot
2239,Orehek - Kojca (po progi Gorskega teka na Kojco),105,lahka označena pot
2239,Orehek - Kojca,115,lahka označena pot
2239,Reka - Kojca,235,lahka označena pot
2239,Jesenica - Kojca,105,lahka označena pot
2239,Hudajužna - Kojca,180,"lahka neoznačena steza, lahka označena pot"
2239,Bukovo - Kojca (severna pot),135,lahka neoznačena steza
2239,Orehek - Kojca (nova pot),100,lahka neoznačena steza
2239,Bukovo - Kojca (južna pot),135,lahka neoznačena steza
2240,Tuškov Grič - Črni vrh nad Novaki,45,lahka označena pot
2240,Laze - Črni vrh nad Novaki,120,lahka neoznačena steza
2241,Jesenica - Planina Otavnik,105,lahka označena pot
2241,Preval Vrh Ravni - Planina Otavnik,80,lahka označena pot
2242,Tuškov Grič - Koča na Črnem vrhu nad Novaki,35,lahka označena pot
2243,Gozdarska koča Rovtarica - Gozdarske koče Martinček (mimo Radovljiške planine),90,lahka neoznačena steza
2243,Gozdarska koča Rovtarica - Gozdarske koče Martinček (mimo Poljanke),100,lahka označena pot
2244,Dražgoše (Jelenšče) - Britmanca,50,lahka neoznačena steza
2244,Dražgoše (Jelenšče) - Britmanca (položna pot),75,lahka neoznačena steza
2244,Dražgoše (Na Pečeh) - Britmanca,70,lahka neoznačena steza
2245,Preval - Stari vrh,50,lahka označena pot
2245,Javorje - Stari vrh (mimo Koče na Starem vrhu),95,lahka označena pot
2245,Javorje - Stari vrh (čez Prehode),90,lahka označena pot
2246,Črni Kal - Zavetišče gorske straže na Jelencih,60,lahka označena pot
2246,Leskovica - Zavetišče gorske straže na Jelencih,65,lahka označena pot
2246,Volaka - Zavetišče gorske straže na Jelencih,95,lahka označena pot
2247,Dražgoše (Jelenšče) - Planina Kališnik,45,lahka označena pot
2247,Dražgoše (Na Pečeh) - Planina Kališnik,65,lahka označena pot
2248,Podblica - Bela peč (Podbliška gora),90,lahka neoznačena steza
2248,Nemilje - Bela peč (Podbliška gora) (čez Sleme),145,lahka neoznačena steza
2248,Dražgoše (Jelenšče) - Bela peč (Podbliška gora),60,lahka neoznačena steza
2248,Njivica - Bela peč (Podbliška gora),155,lahka neoznačena steza
2248,Dražgoše (Jelenšče) - Bela peč (Podbliška gora) (čez Rigle),60,lahka neoznačena steza
2248,Rovte - Bela peč (Podbliška gora),165,lahka označena pot
2248,Sveta Jedert (Lajše) - Bela peč (Podbliška gora) (čez Rigle),90,lahka neoznačena steza
2248,Kropa (Slovenska peč) - Bela peč (Podbliška gora) (mimo tehnike Meta),180,lahka neoznačena steza
2248,Kropa  - Bela peč (Podbliška gora) (mimo tehnike Meta),180,lahka neoznačena steza
2248,Sveta Jedert (Lajše) - Bela peč (Podbliška gora) (zgoraj po cesti),90,lahka neoznačena steza
2248,Brezovica - Bela peč (Podbliška gora) (mimo tehnike Meta),190,"lahka neoznačena steza, lahka označena pot"
2248,Češnjica pri Kropi - Bela peč (Podbliška gora) (mimo tehnike Meta),190,"lahka neoznačena steza, lahka označena pot"
2249,Vojsko - Hudournik,90,lahka označena pot
2249,Oblakov Vrh - Hudournik,90,lahka neoznačena steza
2249,Srednja Kanomlja - Hudournik,225,lahka označena pot
2250,Gozdarska koča Rovtarica - Počitniški dom Goričane,45,lahka neoznačena steza
2251,Dražgoše (Na Pečeh) - Dražgoška gora,50,lahka označena pot
2251,Dražgoše (Jelenšče) - Dražgoška gora,30,lahka označena pot
2252,Gozdarska koča Rovtarica - Selska planina,20,lahka neoznačena steza
2253,Kupljenik - Babji zob,90,lahka označena pot
2253,Selski most - Babji zob (čez Kupljenik),160,lahka označena pot
2253,Gozdarska koča Rovtarica - Babji zob (skozi Gladko dolino),165,lahka neoznačena steza
2253,Gozdarska koča Rovtarica - Babji zob (čez Žontarico),180,lahka neoznačena steza
2253,Selski most - Babji zob,150,lahka neoznačena steza
2254,Gozdarska koča Rovtarica - Planina Tamar (skozi Gladko dolino),120,lahka neoznačena steza
2254,Gozdarska koča Rovtarica - Planina Tamar (čez Žontarico),140,lahka neoznačena steza
2255,Bitenjska planina - Ribčeva planina,35,lahka označena pot
2255,Podkorita - Ribčeva planina,105,"lahka neoznačena steza, lahka označena pot"
2256,Kropa (Srednji Konec) - Partizanski dom na Vodiški planini,95,lahka označena pot
2256,Jamnik - Partizanski dom na Vodiški planini (razgledna pot),100,lahka označena pot
2256,Kropa - Partizanski dom na Vodiški planini (mimo Jamnika),155,lahka označena pot
2256,Miklavževec - Partizanski dom na Vodiški planini,105,lahka označena pot
2256,Kropa (Slovenska peč) - Partizanski dom na Vodiški planini,90,lahka označena pot
2256,Kropa (Srednji Konec) - Partizanski dom na Vodiški planini (čez Vreteno),90,delno zahtevna označena pot
2256,Dražgoše (Jelenšče) - Partizanski dom na Vodiški planini,135,lahka označena pot
2256,Planinski dom Goška Ravan - Partizanski dom na Vodiški planini (po cesti),125,lahka označena pot
2256,Kamna Gorica - Partizanski dom na Vodiški planini,150,lahka neoznačena steza
2256,Dražgoše (Na Pečeh) - Partizanski dom na Vodiški planini,155,lahka označena pot
2256,Spodnja Lipnica - Partizanski dom na Vodiški planini (Kolnica - Vodice),120,lahka neoznačena steza
2256,Kropa  - Partizanski dom na Vodiški planini (čez Beriglo),150,lahka označena pot
2256,Spodnja Lipnica (Kolnica) - Partizanski dom na Vodiški planini (zgoraj po cesti),170,lahka označena pot
2256,Brezovica - Partizanski dom na Vodiški planini,160,"lahka neoznačena steza, lahka označena pot"
2256,Češnjica pri Kropi - Partizanski dom na Vodiški planini (čez Beriglo),160,"lahka neoznačena steza, lahka označena pot"
2257,Spodnja Idrija - Jelenk (lahka pot),120,lahka označena pot
2257,Spodnja Idrija - Jelenk (čez Kendove robe),130,zelo zahtevna označena pot
2257,Lovska koča Prehod - Jelenk,30,lahka označena pot
2258,Kropa  - Partizanska tehnika Meta (čez Beriglo),110,lahka označena pot
2258,Kropa (Slovenska peč) - Partizanska tehnika Meta,110,"lahka neoznačena steza, lahka označena pot"
2258,Brezovica - Partizanska tehnika Meta,120,"lahka neoznačena steza, lahka označena pot"
2258,Češnjica pri Kropi - Partizanska tehnika Meta (čez Beriglo),120,"lahka neoznačena steza, lahka označena pot"
2259,Gozdarska koča Rovtarica - Oblakova planina (skozi Gladko dolino),110,lahka neoznačena steza
2259,Gozdarska koča Rovtarica - Oblakova planina (čez Žontarico),125,lahka neoznačena steza
2260,Jesenica - Lovska koča LD Otavnik,85,lahka označena pot
2260,Preval Vrh Ravni - Lovska koča LD Otavnik,60,lahka označena pot
2261,Kupljenik - Danejeva planina,80,lahka neoznačena steza
2261,Selski most - Danejeva planina,100,lahka neoznačena steza
2262,Dražgoše (Pri Cerkvi) - Gozdarska koča Rovtarica,135,lahka neoznačena steza
2263,Reka - Vrhovec,180,"delno zahtevna označena pot, lahka neoznačena steza"
2263,Straža - Vrhovec,210,lahka označena pot
2264,Srednja Kanomlja - Vojsko,135,lahka označena pot
2264,Idrija - Vojsko (čez Kodrov rovt),270,lahka označena pot
2264,Idrija - Vojsko (lovska pot),255,lahka označena pot
2264,Divje jezero - Vojsko (čez vrh Struga),255,lahka neoznačena steza
2264,Divje jezero - Vojsko (mimo Prižnice),300,lahka označena pot
2264,Pri Babi - Vojsko,240,lahka označena pot
2265,Malenski Vrh - Malenski vrh,65,lahka označena pot
2265,Volča - Malenski vrh,105,lahka označena pot
2265,Dolenčice - Malenski vrh,75,lahka označena pot
2265,Preval Hlevišče - Malenski vrh (skozi gozd),25,lahka neoznačena steza
2266,Sovodenj - Bevkov vrh (položna pot),90,lahka označena pot
2266,Sovodenj - Bevkov vrh (strma pot),75,lahka označena pot
2266,Jazne (Kanavc) - Bevkov vrh,75,"lahka označena pot, lahka označena pot"
2266,Cerkno - Bevkov vrh,170,lahka označena pot
2266,Podlanišče - Bevkov vrh,90,lahka označena pot
2266,Straža - Želin - Bevkov vrh,165,lahka označena pot
2266,Kopačnica - Bevkov vrh,220,lahka označena pot
2266,Cerkno - Bevkov vrh (čez Lajše),180,lahka neoznačena steza
2267,Prtovč - Lovska koča na Toli,10,lahka označena pot
2267,Rudenska grapa - Lovska koča na Toli,145,lahka označena pot
2268,Zali Log - Žagarjev hlev v Grobljah,80,lahka označena pot
2269,Preval - Koča na Starem vrhu,20,lahka označena pot
2269,Javorje - Koča na Starem vrhu,65,lahka označena pot
2270,Sovodenj - Ermanovec (razgledna pot),120,lahka označena pot
2270,Sovodenj - Ermanovec (skozi Miklavževo grapo),100,lahka označena pot
2270,Kopačnica - Ermanovec,100,lahka označena pot
2270,Hotavlje - Ermanovec (čez Slajko),160,lahka označena pot
2270,Trebija - Ermanovec,120,lahka označena pot
2270,Podlanišče - Ermanovec,95,lahka označena pot
2270,Cerkno - Ermanovec (čez Kladje),175,lahka označena pot
2270,Sovodenj - Ermanovec (po cesti),100,lahka označena pot
2270,Cerkno - Ermanovec (skozi Planino pri Cerknem),180,lahka označena pot
2270,Dolenji Novaki (Pod Kovkom) - Ermanovec,195,lahka označena pot
2270,Podgora - Ermanovec (čez Slajko),170,"lahka neoznačena steza, lahka označena pot"
2271,Gabrovo - Lubnik,90,lahka označena pot
2271,Breznica - Lubnik,40,lahka označena pot
2271,Škofja Loka  (Vincarje) - Lubnik (grebenska pot),135,lahka označena pot
2271,Škofja Loka - Lubnik (mimo Starega gradu),135,lahka označena pot
2271,Škofja Loka - Lubnik (čez Lužo),120,lahka označena pot
2271,Praprotno - Lubnik,135,lahka označena pot
2271,Škofja Loka (Najdihojca) - Lubnik (po Severozahodnem grebenu / Kurirska pot),90,zahtevno brezpotje
2271,Škofja Loka (Najdihojca) - Lubnik (vzhodni raz),105,zelo zahtevno brezpotje
2271,Poljane nad Škofjo Loko - Lubnik (čez Gabrško goro),225,lahka označena pot
2271,Na Poklonu - Lubnik,135,lahka označena pot
2272,Kupljenik - Planina Prihod,60,lahka označena pot
2272,Selski most - Planina Prihod,120,lahka neoznačena steza
2272,Selski most - Planina Prihod (čez Kupljenik),130,lahka označena pot
2273,Dražgoše (Jelenšče) - Bičkova skala,10,lahka označena pot
2274,Jesenovec - Prtovč,90,delno zahtevna označena pot
2274,Železniki - Prtovč,110,delno zahtevna označena pot
2274,Rudenska grapa - Prtovč,150,lahka označena pot
2274,Železniki - Prtovč (čez Draboslovico),105,lahka označena pot
2275,Ledine - Sivka,45,lahka označena pot
2275,Jazne (Lanišar) - Sivka,90,lahka označena pot
2275,Žiri - Sivka,120,lahka označena pot
2275,Ledinica - Sivka,110,lahka označena pot
2275,Sovodenj - Sivka,120,lahka označena pot
2275,Ledinsko Razpotje - Sivka,75,lahka označena pot
2275,Govejk - Sivka,100,lahka označena pot
2275,Žiri - Sivka (čez Vrsnik),150,lahka označena pot
2276,Kopačnica - Štor,85,lahka označena pot
2276,Sovodenj - Štor (razgledna pot),105,lahka označena pot
2276,Sovodenj - Štor (skozi Miklavževo grapo),85,lahka označena pot
2276,Hotavlje - Štor (čez Slajko),170,lahka označena pot
2276,Hotavlje - Štor (po cesti),135,lahka označena pot
2276,Cerkno - Štor (čez Kladje),160,lahka označena pot
2276,Cerkno - Štor (skozi Planino pri Cerknem),165,lahka označena pot
2276,Sovodenj - Štor (po cesti),95,lahka označena pot
2276,Podlanišče - Štor,80,lahka označena pot
2276,Trebija - Štor (čez Ermanovec),140,lahka označena pot
2276,Dolenji Novaki (Pod Kovkom) - Štor,180,lahka označena pot
2276,Podgora - Štor (čez Slajko),180,"lahka neoznačena steza, lahka označena pot"
2277,Spodnja Lipnica (Kolnica) - Razpok,90,lahka označena pot
2277,Kropa (Slovenska peč) - Razpok (zgoraj po cesti),165,"lahka označena pot, lahka neoznačena steza"
2277,Planinski dom Goška Ravan - Razpok (po cesti),45,lahka označena pot
2277,Kamna Gorica - Razpok,120,lahka neoznačena steza
2277,Kropa (Srednji Konec) - Razpok (čez Vreteno in zgoraj po cesti),165,"delno zahtevna označena pot, lahka neoznačena steza"
2278,Davča - Davški slapovi,20,lahka označena pot
2279,Spodnja Idrija - Gradišče (nad Spodnjo Idrijo) (skozi Trnje),135,lahka neoznačena steza
2279,Spodnja Idrija - Gradišče (nad Spodnjo Idrijo) (grebenska pot),120,delno zahtevna neoznačena pot
2279,Spodnja Idrija - Gradišče (nad Spodnjo Idrijo) (čez Grič),120,lahka neoznačena steza
2279,Ledinsko Razpotje - Gradišče (nad Spodnjo Idrijo) (položna pot),75,lahka neoznačena steza
2279,Ledinsko Razpotje - Gradišče (nad Spodnjo Idrijo) (strma pot),60,lahka neoznačena steza
2280,Žiri - Loncmanova Sivka (Mrzli Vrh),100,lahka označena pot
2280,Ledinica - Loncmanova Sivka (Mrzli Vrh),95,lahka označena pot
2280,Ledinsko Razpotje - Loncmanova Sivka (Mrzli Vrh),85,lahka označena pot
2280,Žiri - Loncmanova Sivka (Mrzli Vrh) (čez Vrsnik),160,lahka označena pot
2280,Govejk - Loncmanova Sivka (Mrzli Vrh),100,lahka označena pot
2280,Sovodenj - Loncmanova Sivka (Mrzli Vrh),120,lahka označena pot
2280,Jazne (Lanišar) - Loncmanova Sivka (Mrzli Vrh),90,lahka označena pot
2281,Preval Hlevišče - Cerkev Marijinega vnebovzetja (Gora) (po cesti),25,lahka označena pot
2281,Malenski Vrh - Cerkev Marijinega vnebovzetja (Gora),55,lahka označena pot
2281,Dolenčice - Cerkev Marijinega vnebovzetja (Gora),65,lahka označena pot
2281,Preval Hlevišče - Cerkev Marijinega vnebovzetja (Gora) (skozi gozd),25,lahka označena pot
2282,Šentviška Gora - Črvov vrh,70,lahka neoznačena steza
2282,Bukovo - Črvov vrh,90,lahka neoznačena steza
2282,Reka (Kozarska grapa) - Črvov vrh (skozi Poliško grapo (Poličanka)),185,zelo zahtevno brezpotje
2282,Slap ob Idrijci - Črvov vrh (Skozi Žlebi),240,"lahka neoznačena steza, lahka označena pot"
2282,Grahovo ob Bači (Brelih) - Črvov vrh (skozi Žrelo),110,lahka neoznačena steza
2282,Grahovo ob Bači (Brelih) - Črvov vrh (mimo domačije Pušnik),100,lahka neoznačena steza
2282,Reka (Laze) - Črvov vrh (skozi grapo potoka Sjaunk (Sejalnik)),150,lahka neoznačena steza
2282,Reka (Kozarska grapa) - Črvov vrh (skozi Kozarsko grapo),195,zahtevno brezpotje
2283,Cerkno - Škofje,105,lahka označena pot
2283,Podlanišče - Škofje,70,lahka označena pot
2283,Sovodenj - Škofje (razgledna pot),195,lahka označena pot
2283,Gorenji Novaki (Mrovlje) - Škofje,60,lahka neoznačena steza
2283,Kopačnica - Škofje (po dolini Podkovščice),165,lahka označena pot
2283,Cerkno - Škofje (po neoznačeni poti),105,lahka neoznačena steza
2283,Sovodenj - Škofje (skozi Miklavževo grapo),175,lahka označena pot
2283,Dolenji Novaki (Pod Kovkom) - Škofje (strma pot),100,"lahka označena pot, lahka neoznačena steza"
2283,Dolenji Novaki (Pod Kovkom) - Škofje,120,lahka označena pot
2284,Žiri - Planinska koča Mrzl'k,120,lahka označena pot
2284,Sovodenj - Planinska koča Mrzl'k,100,lahka označena pot
2284,Jazne (Lanišar) - Planinska koča Mrzl'k,70,lahka označena pot
2284,Govejk - Planinska koča Mrzl'k,100,lahka označena pot
2284,Ledinica - Planinska koča Mrzl'k,105,lahka označena pot
2284,Ledinsko Razpotje - Planinska koča Mrzl'k,85,lahka označena pot
2284,Ledinica - Planinska koča Mrzl'k (skozi Jarčjo Dolino),105,lahka označena pot
2285,Sovodenj - Koča na Ermanovcu (skozi Miklavževo grapo),80,lahka označena pot
2285,Sovodenj - Koča na Ermanovcu (razgledna pot),100,lahka označena pot
2285,Hotavlje - Koča na Ermanovcu (čez Slajko),165,lahka označena pot
2285,Kopačnica - Koča na Ermanovcu,80,lahka označena pot
2285,Hotavlje - Koča na Ermanovcu (po cesti),130,lahka označena pot
2285,Trebija - Koča na Ermanovcu (čez Ermanovec),135,lahka označena pot
2285,Podlanišče - Koča na Ermanovcu,75,lahka označena pot
2285,Cerkno - Koča na Ermanovcu (skozi Planino pri Cerknem),160,lahka označena pot
2285,Sovodenj - Koča na Ermanovcu (po cesti),90,lahka označena pot
2285,Cerkno - Koča na Ermanovcu (čez Kladje),155,lahka označena pot
2285,Dolenji Novaki (Pod Kovkom) - Koča na Ermanovcu,175,lahka označena pot
2285,Podgora - Koča na Ermanovcu (čez Slajko),175,"lahka neoznačena steza, lahka označena pot"
2286,Žnidarjeva planina - Ribenska planina,35,lahka neoznačena steza
2286,Planinski dom Goška Ravan - Ribenska planina,40,lahka neoznačena steza
2287,Spodnja Lipnica (Kolnica) - Ažmanov rovt (zgoraj po cesti),120,lahka označena pot
2287,Planinski dom Goška Ravan - Ažmanov rovt (po cesti),12,lahka označena pot
2287,Kamna Gorica - Ažmanov rovt,150,lahka neoznačena steza
2287,Kropa (Slovenska peč) - Ažmanov rovt (zgoraj po cesti),195,"lahka označena pot, lahka neoznačena steza"
2287,Kropa (Srednji Konec) - Ažmanov rovt (čez Vreteno in zgoraj po cesti),195,"delno zahtevna označena pot, lahka neoznačena steza"
2288,Hotavlje - Vrhovski grič (čez Slajko),150,lahka označena pot
2288,Trebija - Vrhovski grič (mimo sv. Pavla),105,lahka označena pot
2288,Trebija - Vrhovski grič,95,lahka označena pot
2288,Podgora - Vrhovski grič (čez Slajko),160,"lahka neoznačena steza, lahka označena pot"
2289,Selca - Miklavška gora (peš pot),85,lahka označena pot
2289,Selca - Miklavška gora (po cesti),105,lahka neoznačena steza
2290,Spodnja Lipnica (Kolnica) - Suharna (čez Vrtačo),70,lahka označena pot
2291,Čepulje - Sveti Mohor (Zabrekve),90,lahka označena pot
2291,Zgornja Besnica (Podrovnik) - Sveti Mohor (Zabrekve),105,lahka označena pot
2291,Nemilje - Sveti Mohor (Zabrekve),80,lahka neoznačena steza
2291,Sveta Jedert (Lajše) - Sveti Mohor (Zabrekve),90,lahka označena pot
2291,Selca - Sveti Mohor (Zabrekve),100,lahka neoznačena steza
2291,Podblica - Sveti Mohor (Zabrekve),100,lahka označena pot
2291,"Knape - Sveti Mohor (Zabrekve) (čez Hudi Laz, Flandrova pot)",100,lahka neoznačena steza
2291,Nemilje - Sveti Mohor (Zabrekve) (čez Prevoje),95,lahka neoznačena steza
2292,Žiri - Krog (Ledinski grič),110,lahka neoznačena steza
2292,Govejk - Krog (Ledinski grič),105,lahka neoznačena steza
2292,Ledinica - Krog (Ledinski grič),75,lahka neoznačena steza
2292,Ledinsko Razpotje - Krog (Ledinski grič),90,lahka neoznačena steza
2292,Sovodenj - Krog (Ledinski grič),125,lahka neoznačena steza
2292,Jazne (Lanišar) - Krog (Ledinski grič),95,lahka neoznačena steza
2293,Kolnica - Planinski dom Goška ravan,75,lahka označena pot
2293,Kolnica - Planinski dom Goška ravan (po cesti),85,lahka neoznačena steza
2293,Spodnja Lipnica (Kolnica) - Planinski dom Goška ravan (zgoraj po cesti),130,lahka označena pot
2293,Kamna Gorica - Planinski dom Goška ravan,150,lahka neoznačena steza
2293,Kropa (Slovenska peč) - Planinski dom Goška ravan (zgoraj po cesti),205,"lahka označena pot, lahka neoznačena steza"
2293,Kropa (Srednji Konec) - Planinski dom Goška ravan (čez Vreteno in zgoraj po cesti),205,"delno zahtevna označena pot, lahka neoznačena steza"
2294,Hotavlje - Kucelj (nad Kopačnico) (čez Srednje Brdo),115,lahka neoznačena steza
2294,Hotavlje - Kucelj (nad Kopačnico) (skozi vas Studor),130,lahka neoznačena steza
2295,Javorje - Sveti Brikcij (Četena Ravan),40,lahka označena pot
2296,Bukovo - Bukovski vrh,80,lahka neoznačena steza
2296,Šentviška Gora - Bukovski vrh,90,lahka neoznačena steza
2296,Grahovo ob Bači (Brelih) - Bukovski vrh (skozi Žrelo),100,lahka neoznačena steza
2296,Grahovo ob Bači (Brelih) - Bukovski vrh (mimo domačije Pušnik),80,"lahka neoznačena steza, lahko brezpotje"
2297,Hotavlje - Špik (Vranškov grič),95,lahka označena pot
2297,Hotavlje - Špik (Vranškov grič) (čez Belo),110,lahka neoznačena steza
2297,Podgora - Špik (Vranškov grič),105,lahka neoznačena steza
2298,Idrija - Hleviška planina (lovska pot),105,lahka označena pot
2298,Pri Babi - Hleviška planina,90,lahka označena pot
2298,Divje jezero - Hleviška planina (mimo Prižnice),150,lahka označena pot
2298,Idrija - Hleviška planina (čez Kodrov rovt),120,lahka označena pot
2298,Divje jezero - Hleviška planina (čez vrh Struga),105,lahka neoznačena steza
2299,Podkorita - Bitenjska planina,65,lahka neoznačena steza
2299,Nomenj - Bitenjska planina (mimo Eminega plavža),80,lahka neoznačena steza
2300,Selski most - Planina Vršana,75,lahka neoznačena steza
2301,Podblica - Sleme (Površnica),70,lahka neoznačena steza
2301,Selca - Sleme (Površnica),95,lahka neoznačena steza
2301,Železniki - Sleme (Površnica) (čez Štalco),95,lahka neoznačena steza
2301,Nemilje - Sleme (Površnica) (čez Prevoje),125,lahka neoznačena steza
2302,Ribenski most - Tolsti vrh (Talež),75,lahka neoznačena steza
2302,Selski most - Tolsti vrh (Talež),75,lahka neoznačena steza
2303,Cerkno - Veliki vrh (Lajše),120,lahka označena pot
2303,Podlanišče - Veliki vrh (Lajše),40,lahka označena pot
2303,Cerkno - Veliki vrh (Lajše) (po neoznačeni poti),100,lahka neoznačena steza
2303,Kopačnica - Veliki vrh (Lajše),170,lahka označena pot
2303,Straža - Želin - Veliki vrh (Lajše),120,lahka neoznačena steza
2304,Rotek - Sveti Marko (Spodnje Danje),20,lahka neoznačena steza
2305,Železniki - Sveti Križ nad Selcami (čez Štalco),75,lahka neoznačena steza
2305,Selca - Sveti Križ nad Selcami,75,lahka neoznačena steza
2305,Podblica - Sveti Križ nad Selcami (čez sleme),90,lahka neoznačena steza
2305,Nemilje - Sveti Križ nad Selcami (čez Prevoje),145,lahka neoznačena steza
2306,Podblica - Sveta Jedert (Lajše),40,lahka označena pot
2306,Nemilje - Sveta Jedert (Lajše) (čez Prevoje),95,lahka neoznačena steza
2307,"Pševo - Sveti Jošt nad Kranjem (Sodarjeva pot, po stopnicah)",45,lahka označena pot
2307,Zabukovje - Sveti Jošt nad Kranjem,50,lahka označena pot
2307,Rakovica - Sveti Jošt nad Kranjem,80,lahka označena pot
2307,Javornik - Sveti Jošt nad Kranjem,40,lahka označena pot
2307,Čepulje - Sveti Jošt nad Kranjem,45,lahka označena pot
2307,Zgornja Besnica (Podrovnik) - Sveti Jošt nad Kranjem (mimo Gabra),150,lahka označena pot
2307,"Tičnica - Sveti Jošt nad Kranjem (pot prijateljev Sv. Jošta, mimo kapelice)",80,lahka označena pot
2307,"Pševo - Sveti Jošt nad Kranjem (Sodarjeva pot, na klopca)",45,lahka označena pot
2307,"Pševo - Sveti Jošt nad Kranjem (Sodarjeva pot, mimo kapelice)",50,lahka označena pot
2307,"Tičnica - Sveti Jošt nad Kranjem (pot prijateljev Sv. Jošta, po stopnicah)",75,lahka označena pot
2307,"Tičnica - Sveti Jošt nad Kranjem (pot prijateljev Sv. Jošta, na klopca)",75,lahka označena pot
2307,Spodnje Bitnje - Sveti Jošt nad Kranjem (po dolini potoka Suha),120,lahko brezpotje
2308,Spodnja Besnica (Ribogojnica) - Špičasti hrib,90,lahka označena pot
2308,Čepulje - Špičasti hrib,40,lahka označena pot
2308,Zgornja Besnica (Podrovnik) - Špičasti hrib,90,lahka označena pot
2308,Rakovica - Špičasti hrib,140,lahka označena pot
2309,Kropa  - Sveti Primož in Felicijan (Jamnik),70,lahka označena pot
2309,Jamnik - Sveti Primož in Felicijan (Jamnik),8,lahka označena pot
2309,Nemilje - Sveti Primož in Felicijan (Jamnik) (po markirani poti),50,lahka neoznačena steza
2309,Rovte - Sveti Primož in Felicijan (Jamnik),75,lahka označena pot
2309,Podblica - Sveti Primož in Felicijan (Jamnik),50,lahka neoznačena steza
2309,Češnjica pri Kropi - Sveti Primož in Felicijan (Jamnik),75,lahka označena pot
2309,Njivica - Sveti Primož in Felicijan (Jamnik),70,lahka neoznačena steza
2309,Brezovica - Sveti Primož in Felicijan (Jamnik),80,lahka neoznačena steza
2309,Češnjica pri Kropi - Sveti Primož in Felicijan (Jamnik) (čez Beriglo),80,lahka neoznačena steza
2309,Kropa (Slovenska peč) - Sveti Primož in Felicijan (Jamnik),70,lahka neoznačena steza
2310,Poljane nad Škofjo Loko - Sveti Primož in Felicijan na Gabrški gori,80,lahka označena pot
2311,Kupljenik - Gradišče pod Babjim zobom,25,lahka neoznačena steza
2312,Crngrob - Sveti nadangel Gabrijel (Planica),90,lahka označena pot
2312,Križna Gora - Sveti nadangel Gabrijel (Planica),35,lahka označena pot
2312,Praprotno - Sveti nadangel Gabrijel (Planica),80,lahka označena pot
2312,Moškrin - Sveti nadangel Gabrijel (Planica),90,lahka označena pot
2312,Rakovica - Sveti nadangel Gabrijel (Planica),150,lahka označena pot
2312,Čepulje - Sveti nadangel Gabrijel (Planica),50,lahka označena pot
2312,Škofja Loka - Sveti nadangel Gabrijel (Planica),125,lahka označena pot
2312,Dorfarje - Sveti nadangel Gabrijel (Planica),120,lahka neoznačena steza
2312,Pevno - Sveti nadangel Gabrijel (Planica),90,lahka označena pot
2312,Vešter - Sveti nadangel Gabrijel (Planica),140,lahka neoznačena steza
2313,Idrija - Koča na Hleviški planini (lovska pot),95,lahka označena pot
2313,Pri Babi - Koča na Hleviški planini,80,lahka označena pot
2313,Divje jezero - Koča na Hleviški planini (čez vrh Struga),95,lahka neoznačena steza
2313,Idrija - Koča na Hleviški planini (čez Kodrov rovt),110,lahka označena pot
2313,Divje jezero - Koča na Hleviški planini (mimo Prižnice),140,lahka označena pot
2314,Spodnja Idrija  - Cerkovni vrh,75,lahka neoznačena steza
2314,Spodnja Idrija  - Cerkovni vrh (Čez Vranji greben - prfarska gamsarica),90,"lahka označena pot, delno zahtevna neoznačena pot"
2315,Volaka - Leskovica,45,lahka neoznačena steza
2316,Hotavlje - Vrh Slajke,75,lahka neoznačena steza
2316,Hotavlje - Vrh Slajke (čez Belo),90,lahka neoznačena steza
2316,Podgora - Vrh Slajke,85,lahka neoznačena steza
2317,Hotavlje - Dom na Slajki,75,lahka označena pot
2317,Hotavlje - Dom na Slajki (po cesti),75,lahka označena pot
2317,Hotavlje - Dom na Slajki (čez Belo),90,lahka neoznačena steza
2317,Podgora - Dom na Slajki,85,lahka neoznačena steza
2318,Selca - Lepo brdo,60,lahka neoznačena steza
2319,Divje jezero - Zagrebenc,90,lahka označena pot
2320,Žiri - Sveti Tomaž (Vrsnik nad Žirmi),75,"lahka označena pot, lahka neoznačena steza"
2320,Govejk - Sveti Tomaž (Vrsnik nad Žirmi),40,lahka označena pot
2321,Škofja Loka - Vrh soteske (Križna gora),85,lahka neoznačena steza
2321,Vešter - Vrh soteske (Križna gora),75,lahka neoznačena steza
2322,Trebija - Sveti Pavel (Stara Oselica),60,lahka označena pot
2323,Bodeški most - Lovska koča na Taležu,60,lahka označena pot
2323,Ribenski most - Lovska koča na Taležu,45,lahka označena pot
2323,Kolnica - Lovska koča na Taležu (po cesti),60,lahka neoznačena steza
2324,Zgornja Besnica (Nova vas) - Rovnik (vzhodna pot),45,lahka neoznačena steza
2324,Zgornja Besnica (Nova vas) - Rovnik (zahodna pot),40,lahka neoznačena steza
2325,Železniki - Hujska,40,lahka neoznačena steza
2325,Železniki - Hujska (čez Kres),45,lahka neoznačena steza
2326,Reka - Rodne,80,lahka označena pot
2327,Škofja Loka - Sveti Križ (Križna Gora),70,lahka označena pot
2327,Crngrob - Sveti Križ (Križna Gora) (čez Planico),135,lahka označena pot
2327,Praprotno - Sveti Križ (Križna Gora),60,lahka označena pot
2327,Moškrin - Sveti Križ (Križna Gora) (čez Cavrn),50,"lahka neoznačena steza, lahka označena pot"
2327,Moškrin - Sveti Križ (Križna Gora) (po cesti),60,lahka označena pot
2327,Križna Gora - Sveti Križ (Križna Gora),20,lahka označena pot
2327,Crngrob - Sveti Križ (Križna Gora),130,lahka označena pot
2327,Vešter - Sveti Križ (Križna Gora),85,lahka neoznačena steza
2327,Dorfarje - Sveti Križ (Križna Gora) (čez Planico),165,"lahka neoznačena steza, lahka označena pot"
2327,Pevno - Sveti Križ (Križna Gora) (čez Planico),135,lahka označena pot
2327,Dorfarje - Sveti Križ (Križna Gora),160,"lahka neoznačena steza, lahka označena pot"
2327,Pevno - Sveti Križ (Križna Gora),130,lahka označena pot
2328,Praprotno - Sveti Tomaž nad Praprotnim,45,"lahka označena pot, lahka neoznačena steza"
2329,Dolenji Novaki - Sveti Duh (Labinje),60,"lahka označena pot, lahka neoznačena steza"
2329,Cerkno - Sveti Duh (Labinje),70,"lahka označena pot, lahka neoznačena steza"
2330,Straža - Jagršče,60,lahka označena pot
2331,Straža - Želin - Zaganjalka,100,lahka označena pot
2332,Volaka - Izvir Volaščice,20,lahka neoznačena steza
2333,Kranj (Kalvarija) - Šmarjetna gora (po cesti),40,lahka označena pot
2333,Kranj-Stražišče (Šrotenturn) - Šmarjetna gora (vzhodna pot),45,lahka neoznačena steza
2333,Kranj-Stražišče (Šrotenturn) - Šmarjetna gora (zahodna pot),40,lahka neoznačena steza
2333,Tičnica - Šmarjetna gora,50,lahka neoznačena steza
2333,Kranj (Kalvarija) - Šmarjetna gora (delno po pešpoti),40,lahka neoznačena steza
2333,Kranj-Stražišče (Šrotenturn) - Šmarjetna gora (po kolovozu),45,lahka neoznačena steza
2334,Selski most - Sveti Štefan (Kupljenik),65,lahka označena pot
2335,Reka - Šebrelje,80,delno zahtevna označena pot
2336,Dolenji Novaki - Bolnica Franja,18,lahka označena pot
2337,Radovljica - Lipniški grad (Pusti grad nad Lipnico) (po naravoslovno učni poti),80,lahka označena pot
2337,Radovljica - Lipniški grad (Pusti grad nad Lipnico) (čez Ravnico),65,lahka neoznačena steza
2337,Kamna Gorica - Lipniški grad (Pusti grad nad Lipnico),40,lahka označena pot
2337,Kamna Gorica - Lipniški grad (Pusti grad nad Lipnico) (skozi Galerije),45,lahka označena pot
2337,Šobčev bajer - Lipniški grad (Pusti grad nad Lipnico) (mimo Fuxove brvi in po naravoslovno učni poti),150,lahka označena pot
2337,Šobčev bajer - Lipniški grad (Pusti grad nad Lipnico) (mimo Boltarja),80,lahka neoznačena steza
2337,Šobčev bajer - Lipniški grad (Pusti grad nad Lipnico) (mimo Fuxove brvi in čez Ravnico),135,lahka neoznačena steza
2337,Zgornja Dobrava - Lipniški grad (Pusti grad nad Lipnico) (čez Zjavko in skozi Galerije),75,lahka neoznačena steza
2337,Zgornja Dobrava - Lipniški grad (Pusti grad nad Lipnico) (čez Ojstro peč),65,lahka neoznačena steza
2338,Breznica - Sveti Lovrenc na Lovrenški gori,25,lahka označena pot
2339,Cerkno - Sveti Jošt v Trebenčah,60,delno zahtevna neoznačena pot
2340,Reka - Sveti Ivan nad Divjimi babami,60,delno zahtevna označena pot
2341,V Suši - Cerkev Loretske Matere Božje v Suši,7,lahka označena pot
2342,Selski most - Kapelica Na Koren,30,lahka označena pot
2343,Reka (Kozarska grapa) - Cerkev Marijinega rojstva v Policah (skozi Poliško grapo (Poličanka)),90,zelo zahtevno brezpotje
2343,Reka (Kozarska grapa) - Cerkev Marijinega rojstva v Policah (skozi Kozarsko grapo),105,zahtevno brezpotje
2343,Reka (Laze) - Cerkev Marijinega rojstva v Policah (skozi grapo potoka Sjaunk (Sejalnik)),65,lahka neoznačena steza
2344,Radovljica - Ojstra peč,65,lahka neoznačena steza
2344,Kamna Gorica - Ojstra peč (čez Zjavko),30,lahka neoznačena steza
2344,Radovljica - Ojstra peč (čez Zjavko),70,lahka neoznačena steza
2344,Šobčev bajer - Ojstra peč (mimo Fuxove brvi in čez Zjavko),140,lahka neoznačena steza
2344,Šobčev bajer - Ojstra peč (mimo Fuxove brvi),135,lahka neoznačena steza
2344,Kamna Gorica - Ojstra peč,25,lahka neoznačena steza
2344,Zgornja Dobrava - Ojstra peč,20,lahka neoznačena steza
2344,Globoko - Ojstra peč (čez Zjavko),40,lahka neoznačena steza
2344,Globoko - Ojstra peč,35,lahka neoznačena steza
2344,Mišače - Ojstra peč,30,lahka neoznačena steza
2345,Šobčev bajer - Sveti Lambert (Lancovo),65,lahka neoznačena steza
2346,Srednja vas-Poljane - Cerkev Sv. Križa na Brezju nad Srednjo vasjo (po cesti),20,lahka neoznačena steza
2346,Srednja vas-Poljane - Cerkev Sv. Križa na Brezju nad Srednjo vasjo (po pešpoti),25,lahka neoznačena steza
2346,Dobje - Cerkev Sv. Križa na Brezju nad Srednjo vasjo,25,lahka neoznačena steza
2347,Nomenj - Slap Grmečica,20,lahka označena pot
2347,Log v Bohinju - Slap Grmečica,20,lahka označena pot
2347,Bohinjska Bistrica (železniška postaja) - Slap Grmečica,60,delno zahtevna označena pot
2347,Podkorita - Slap Grmečica,35,"lahka neoznačena steza, lahka označena pot"
2348,Radovljica - Zjavka,60,lahka neoznačena steza
2348,Kamna Gorica - Zjavka,20,lahka neoznačena steza
2348,Globoko - Zjavka,30,lahka neoznačena steza
2348,Zgornja Dobrava - Zjavka,30,lahka neoznačena steza
2348,Šobčev bajer - Zjavka (mimo Fuxove brvi),130,lahka neoznačena steza
2348,Mišače - Zjavka,40,lahka neoznačena steza
2349,Ledinica - Sveta Ana (Ledinica),5,lahka označena pot
2350,Škofja Loka - Grad Divja Loka (Stari grad),40,lahka označena pot
2350,Škofja Loka - Grad Divja Loka (Stari grad) (Pot treh gradov),90,delno zahtevna označena pot
2351,Otoče - Stovc (Stolec),30,lahka neoznačena steza
2351,Zaloše - Stovc (Stolec),25,lahka neoznačena steza
2351,Spodnja Dobrava - Stovc (Stolec),20,lahka neoznačena steza
2351,Prezrenje - Stovc (Stolec),20,lahka neoznačena steza
2352,Škofja Loka - Krancelj,15,lahka označena pot
2353,Straža - Želin - Sveti Pavel (Straža),35,lahka označena pot
2354,Reka - Divje babe (mimo cerkve sv. Ivana),70,delno zahtevna označena pot
2355,Škofja Loka - Kamnitnik (nad Škofjo Loko) (grebenska pot okoli Kamnitnika),40,lahka neoznačena steza
2355,Škofja Loka - Kamnitnik (nad Škofjo Loko) (čez puklo),15,lahka neoznačena steza
2356,Zgornja Besnica (Nova vas) - Slap Šum,15,lahka označena pot
2360,Krtovše - Slap v Sopotih (Pršjak),25,"lahka neoznačena steza, delno zahtevna neoznačena pot"
2361,Sveti Janez Krstnik na Ojstrici - Košenjak,90,lahka označena pot
2361,Dravograd - Košenjak (čez Goriški Vrh),180,lahka označena pot
2361,Dravograd - Košenjak (čez Ojstrico),195,lahka označena pot
2361,Usek - Košenjak,120,lahka označena pot
2361,Soboški prelaz / Koglereck - Košenjak,60,lahka označena pot
2361,Labot / Lavamünd - Košenjak,240,lahka označena pot
2361,Sveti Janez Krstnik na Ojstrici - Košenjak (mimo Bivaka Piramida),120,lahka označena pot
2361,Sveti Janez Krstnik na Ojstrici - Košenjak (mimo sv. Urbana),170,"lahka neoznačena steza, lahka označena pot"
2361,Bistriški jarek (MP Muta) - Košenjak (mimo sv. Urbana),275,lahka označena pot
2361,Bistriški jarek (Glasbeni dom) - Košenjak (mimo Bivaka Piramida),285,lahka označena pot
2361,Jezero Sobote / Stausee Soboth - Košenjak (po označeni poti),120,lahka označena pot
2361,Bistriški jarek (MP Muta) - Košenjak (mimo Bivaka Piramida),290,lahka označena pot
2361,Bistriški jarek (Glasbeni dom) - Košenjak (mimo sv. Urbana),270,lahka označena pot
2361,Jezero Sobote / Stausee Soboth - Košenjak (po neoznačeni poti),100,lahka neoznačena steza
2361,Muta (Zgornja Muta) - Košenjak (mimo Bivaka Piramida),345,lahka označena pot
2361,Muta (Zgornja Muta) - Košenjak (mimo sv. Urbana),330,lahka označena pot
2362,Sveti Janez Krstnik na Ojstrici - Bivak Piramida,80,lahka označena pot
2362,Bistriški jarek (MP Muta) - Bivak Piramida,250,lahka označena pot
2362,Bistriški jarek (Glasbeni dom) - Bivak Piramida,245,lahka označena pot
2362,Bistriški jarek (MP Muta) - Bivak Piramida (mimo sv. Urbana),275,lahka označena pot
2362,Bistriški jarek (Glasbeni dom) - Bivak Piramida (mimo sv. Urbana),270,lahka označena pot
2362,Muta (Zgornja Muta) - Bivak Piramida,305,lahka označena pot
2362,Muta (Zgornja Muta) - Bivak Piramida (mimo sv. Urbana),315,lahka označena pot
2363,Sveti Janez Krstnik na Ojstrici - Kozji vrh (pri Košenjaku),95,lahka označena pot
2363,Bistriški jarek (MP Muta) - Kozji vrh (pri Košenjaku),170,lahka označena pot
2363,Bistriški jarek (Glasbeni dom) - Kozji vrh (pri Košenjaku),165,lahka označena pot
2363,Muta (Zgornja Muta) - Kozji vrh (pri Košenjaku),225,lahka označena pot
2364,Usek - Sveti Urban (nad Kozjim Vrhom),30,lahka neoznačena steza
2364,Sveti Janez Krstnik na Ojstrici - Sveti Urban (nad Kozjim Vrhom),80,lahka označena pot
2364,Bistriški jarek (Glasbeni dom) - Sveti Urban (nad Kozjim Vrhom),180,lahka označena pot
2364,Bistriški jarek (MP Muta) - Sveti Urban (nad Kozjim Vrhom),185,lahka označena pot
2364,Muta (Zgornja Muta) - Sveti Urban (nad Kozjim Vrhom),240,lahka označena pot
2365,Sveti Janez Krstnik na Ojstrici - Dom na Košenjaku,45,lahka označena pot
2365,Dravograd - Dom na Košenjaku,150,lahka označena pot
2366,Bistriški jarek (Glasbeni dom) - Arlov bor,120,lahka označena pot
2366,Muta (Zgornja Muta) - Arlov bor,150,lahka označena pot
2366,Bistriški jarek (MP Muta) - Arlov bor,125,lahka označena pot
2367,Libeliče - Šteknetov vrh (mimo Trotovega križa),140,lahka neoznačena steza
2368,Bistriški jarek (Glasbeni dom) - Sv. Simon in Juda Tadej (Pernice),105,lahka označena pot
2368,Bistriški jarek (MP Muta) - Sv. Simon in Juda Tadej (Pernice),110,lahka označena pot
2368,Muta (Zgornja Muta) - Sv. Simon in Juda Tadej (Pernice),165,lahka označena pot
2369,Ravne na Koroškem - Pokeržnikov vrh (čez Šteharski vrh),195,lahka neoznačena steza
2369,Libeliče - Pokeržnikov vrh,135,lahka neoznačena steza
2369,Sveti Urh (Strojna) - Pokeržnikov vrh,10,lahka označena pot
2370,Radlje ob Dravi - Kapunar,135,lahka označena pot
2370,Radeljski prelaz - Kapunar,100,lahka označena pot
2370,Radlje ob Dravi - Kapunar (mimo Županka),150,lahka označena pot
2370,Radlje ob Dravi - Kapunar (mimo starega gradu),150,lahka označena pot
2370,OMP Remšnik - Kapunar (avstrijska pot),125,lahka označena pot
2370,OMP Remšnik - Kapunar (mimo sv. Urbana),140,lahka označena pot
2370,Radlje ob Dravi - Kapunar (po neoznačeni poti),135,lahka neoznačena steza
2370,Sv. Pankracij (Legat) / St. Pongratzen (Legat) - Kapunar (avstrijska pot),115,lahka označena pot
2370,Sv. Pankracij (Legat) / St. Pongratzen (Legat) - Kapunar (mimo sv. Urbana),130,lahka označena pot
2370,Sveti Jurij (Remšnik) - Kapunar,120,lahka označena pot
2370,Brezno - Kapunar (ob Remšniškem potoku),215,lahka označena pot
2371,Bistriški jarek (Verdinek) - Sveti Jernej nad Muto,100,lahka označena pot
2371,Bistriški jarek (Glasbeni dom) - Sveti Jernej nad Muto,105,delno zahtevna označena pot
2371,Muta (Spodnja Muta) - Sveti Jernej nad Muto (mimo sv. Primoža),170,lahka označena pot
2371,Muta (Spodnja Muta) - Sveti Jernej nad Muto (čez Bricnik),200,lahka označena pot
2371,Sv. Lovrenc na Ivniku / St. Lorenzen ob Eibiswald - Sveti Jernej nad Muto (slovenska pot),70,lahka označena pot
2371,Sv. Lovrenc na Ivniku / St. Lorenzen ob Eibiswald - Sveti Jernej nad Muto (avstrijska pot),85,lahka označena pot
2372,Ravne na Koroškem - Šteharski vrh (Šteharnikov vrh),105,lahka označena pot
2372,Dravograjsko jezero - Šteharski vrh (Šteharnikov vrh),135,lahka označena pot
2372,Lipovnik - Šteharski vrh (Šteharnikov vrh),45,lahka označena pot
2372,Lovski dom LD Libeliče - Šteharski vrh (Šteharnikov vrh),90,lahka neoznačena steza
2372,Libeliče - Šteharski vrh (Šteharnikov vrh) (mimo Trotovega križa),180,lahka neoznačena steza
2373,Radlje ob Dravi - Bricnik,150,lahka označena pot
2373,Muta (Spodnja Muta) - Bricnik,110,lahka označena pot
2373,Bistriški jarek (Glasbeni dom) - Bricnik,190,delno zahtevna označena pot
2373,Bistriški jarek (Verdinek) - Bricnik,190,lahka označena pot
2373,Sv. Lovrenc na Ivniku / St. Lorenzen ob Eibiswald - Bricnik,110,lahka označena pot
2373,Radlje ob Dravi - Bricnik (mimo Zavetišča Onuk - Glavar),175,lahka označena pot
2373,Dolina Radeljskega potoka (Razdevšek) - Bricnik,140,lahka označena pot
2373,Dolina Radeljskega potoka (Razdevšek) - Bricnik (mimo Zavetišča Onuk - Glavar),165,lahka označena pot
2374,Libeliče - Sveti Urh (Strojna),130,lahka neoznačena steza
2374,Ravne na Koroškem - Sveti Urh (Strojna) (čez Šteharski vrh),190,lahka neoznačena steza
2375,Dravograd - Sveti Janez Krstnik na Ojstrici,105,lahka označena pot
2376,Muta (Zgornja Muta) - Napečnikov vrh,130,lahka neoznačena steza
2377,Sveta Katarina (Zgornja Kapla) - Sršenov vrh,60,lahka označena pot
2377,Ožbalt - Sršenov vrh,165,lahka označena pot
2377,Sveti Jurij (Remšnik) - Sršenov vrh,210,lahka označena pot
2377,Brezno - Sršenov vrh (ob Brezniškem potoku),240,"lahka neoznačena steza, lahka označena pot"
2378,Selnica ob Dravi - Kranjčeva pečina,130,lahka označena pot
2378,Janževa Gora - Kranjčeva pečina (mimo cerkve sv. Janeza Krstnika),130,lahka neoznačena steza
2379,Bresternica (Spodnji Rušnik) - Možičev vrh (čez Žavcarjev vrh),115,lahka neoznačena steza
2379,Bresternica (Šiker) - Možičev vrh (zaprta pot!),135,lahka neoznačena steza
2379,Veliki Boč (Zgornji Kovač) - Možičev vrh (čez Žavcarjev vrh),100,lahka neoznačena steza
2379,Jelovec - Možičev vrh,160,lahka neoznačena steza
2380,OMP Remšnik - Sveti Urban (Radelca),75,lahka označena pot
2380,Radlje ob Dravi - Sveti Urban (Radelca) (mimo Županka),195,lahka označena pot
2380,Sv. Pankracij (Legat) / St. Pongratzen (Legat) - Sveti Urban (Radelca),65,lahka označena pot
2380,Radeljski prelaz - Sveti Urban (Radelca),150,lahka označena pot
2380,Sveti Jurij (Remšnik) - Sveti Urban (Radelca),55,lahka označena pot
2380,Brezno - Sveti Urban (Radelca) (ob Remšniškem potoku),150,lahka označena pot
2381,Bresternica (spodnji Rušnik) - Žavcarjev vrh,100,lahka označena pot
2381,Bresternica (Šiker) - Žavcarjev vrh (zaprta pot!),120,lahka označena pot
2381,Veliki Boč (Zgornji Kovač) - Žavcarjev vrh,85,lahka označena pot
2381,Spodnji Slemen - Žavcarjev vrh,120,lahka označena pot
2381,Jelovec - Žavcarjev vrh,145,lahka označena pot
2382,Vurmat (Šturm) - Sveti Duh na Ostrem Vrhu,105,delno zahtevna označena pot
2382,Selnica ob Dravi - Sveti Duh na Ostrem Vrhu (Aljaževa pot),190,lahka označena pot
2382,Veliki Boč (Zgornji Kovač) - Sveti Duh na Ostrem Vrhu,90,lahka označena pot
2382,Gradišče na Kozjaku - Sveti Duh na Ostrem Vrhu,80,lahka označena pot
2382,Gradišče na Kozjaku (Hajdišev mlin) - Sveti Duh na Ostrem Vrhu,90,lahka označena pot
2382,Janževa Gora - Sveti Duh na Ostrem Vrhu (mimo cerkve sv. Janeza Krstnika),190,lahka neoznačena steza
2383,OMP Remšnik - Sveti Pankracij (Radelca),25,lahka označena pot
2383,Radlje ob Dravi - Sveti Pankracij (Radelca) (mimo Županka in sv. Urbana),240,lahka označena pot
2383,Radeljski prelaz - Sveti Pankracij (Radelca) (avstrijska pot),180,lahka označena pot
2383,Sveti Jurij (Remšnik) - Sveti Pankracij (Radelca),75,lahka označena pot
2383,Radeljski prelaz - Sveti Pankracij (Radelca) (mimo sv. Urbana),195,lahka označena pot
2383,Sv. Pankracij (Legat) / St. Pongratzen (Legat) - Sveti Pankracij (Radelca),15,lahka označena pot
2383,Brezno - Sveti Pankracij (Radelca) (ob Remšniškem potoku),170,lahka označena pot
2383,Sveta Katarina (Zgornja Kapla) - Sveti Pankracij (Radelca) (slovenska pot),195,lahka označena pot
2383,Sveta Katarina (Zgornja Kapla) - Sveti Pankracij (Radelca) (avstrijska pot),165,lahka označena pot
2384,Bresternica (spodnji Rušnik) - Koča na Žavcarjevem vrhu,90,lahka označena pot
2384,Bresternica (Šiker) - Koča na Žavcarjevem vrhu (zaprta pot!),110,lahka označena pot
2384,Veliki Boč (Zgornji Kovač) - Koča na Žavcarjevem vrhu,75,lahka označena pot
2384,Jelovec - Koča na Žavcarjevem vrhu,135,lahka označena pot
2385,Ožbalt (jez na potoku Črmenica) - Grilov vrh (čez Turško peč),90,delno zahtevna neoznačena pot
2385,Ožbalt (jez na potoku Črmenica) - Grilov vrh (po kolovozu),100,lahka neoznačena steza
2386,Selnica ob Dravi - Janžev vrh,95,lahka neoznačena steza
2386,Janževa Gora - Janžev vrh (mimo cerkve sv. Janeza Krstnika),95,lahka neoznačena steza
2387,Radlje ob Dravi - Sveti Trije Kralji (nad Radljami ob Dravi),100,lahka označena pot
2387,Dolina Radeljskega potoka (Razdevšek) - Sveti Trije Kralji (nad Radljami ob Dravi),90,lahka označena pot
2387,Muta (Spodnja Muta) - Sveti Trije Kralji (nad Radljami ob Dravi),150,lahka označena pot
2388,Muta (Spodnja Muta) - Sveti Primož nad Muto,80,lahka označena pot
2388,Radlje ob Dravi - Sveti Primož nad Muto,150,lahka označena pot
2388,Bistriški jarek (Glasbeni dom) - Sveti Primož nad Muto,180,delno zahtevna označena pot
2388,Bistriški jarek (Verdinek) - Sveti Primož nad Muto,180,lahka označena pot
2388,Dolina Radeljskega potoka (Razdevšek) - Sveti Primož nad Muto,140,lahka označena pot
2389,Muta (Spodnja Muta) - Zavetišče Onuk - Glavar,95,lahka označena pot
2389,Radlje ob Dravi - Zavetišče Onuk - Glavar,135,lahka označena pot
2389,Dolina Radeljskega potoka (Razdevšek) - Zavetišče Onuk - Glavar,125,lahka označena pot
2390,Odomovo jezero - Sveta Katarina (Zgornja Kapla),25,lahka označena pot
2390,Sveti Jurij (Remšnik) - Sveta Katarina (Zgornja Kapla),180,lahka označena pot
2390,Brezno - Sveta Katarina (Zgornja Kapla) (ob Brezniškem potoku),210,"lahka neoznačena steza, lahka označena pot"
2391,Sveta Katarina (Zgornja Kapla) - Tolsti vrh (na Kozjaku),30,lahka označena pot
2391,Odomovo jezero - Tolsti vrh (na Kozjaku),22,lahka označena pot
2391,OMP Remšnik - Tolsti vrh (na Kozjaku) (slovenska pot),150,lahka označena pot
2391,OMP Remšnik - Tolsti vrh (na Kozjaku) (avstrijska pot),120,lahka označena pot
2392,Ravne na Koroškem - Brinjeva gora (nad Prevaljami),70,lahka neoznačena steza
2392,Prevalje - Brinjeva gora (nad Prevaljami) (mimo postaj križevega pota),60,lahka neoznačena steza
2392,Prevalje - Brinjeva gora (nad Prevaljami) (južna pot),60,lahka neoznačena steza
2393,Bresternica (Šiker) - Tojzlov vrh,50,lahka označena pot
2393,Bresternica (Šoberjev dvor) - Tojzlov vrh,75,lahka označena pot
2393,Zgornja Kungota - Tojzlov vrh,150,lahka neoznačena steza
2393,Šober - Tojzlov vrh,60,lahka označena pot
2393,Šober (Log) - Tojzlov vrh,50,lahka označena pot
2393,Kozjak nad Pesnico - Tojzlov vrh,125,lahka označena pot
2394,Bresternica (Šoberjev dvor) - Planinski dom Kozjak,70,lahka označena pot
2394,Bresternica (Šiker) - Planinski dom Kozjak,45,lahka označena pot
2394,Kozjak nad Pesnico - Planinski dom Kozjak,120,lahka označena pot
2394,Šober - Planinski dom Kozjak,55,lahka označena pot
2394,Šober (Log) - Planinski dom Kozjak,45,lahka označena pot
2395,Brezno - Sveti Jurij (Remšnik) (ob Remšniškem potoku),95,lahka označena pot
2395,Vas (športno igrišče) - Sveti Jurij (Remšnik),105,lahka neoznačena steza
2395,Brezno - Sveti Jurij (Remšnik) (ob Brezniškem potoku),95,"lahka neoznačena steza, lahka označena pot"
2395,Sveta Katarina (Zgornja Kapla) - Sveti Jurij (Remšnik),170,lahka označena pot
2396,Sveta Katarina (Zgornja Kapla) - Odomovo jezero,20,lahka označena pot
2397,Dolina Radeljskega potoka (Razdevšek) - Lovska koča Radlje ob Dravi,40,lahka označena pot
2398,Ožbalt (jez na potoku Črmenica) - Turška peč,50,delno zahtevna neoznačena pot
2398,Ožbalt (jez na potoku Črmenica) - Turška peč (po kolovozu),60,lahka neoznačena steza
2399,Maribor - Petnikov vrh (po poti čez Kozjak),210,lahka označena pot
2400,Kamnica pri Mariboru - Sv. Urban nad Mariborom (čez Lucijin breg),90,lahka neoznačena steza
2400,Maribor - Sv. Urban nad Mariborom (po poti čez Kozjak),120,lahka označena pot
2400,Kamnica (avtobusna postaja odcep Urban) - Sv. Urban nad Mariborom,60,lahka označena pot
2400,Rošpoh (kapelica ob avtobusni postaji) - Sv. Urban nad Mariborom,30,lahka označena pot
2400,Šober (Log) - Sv. Urban nad Mariborom,55,lahka označena pot
2400,Zgornja Kungota - Sv. Urban nad Mariborom,100,lahka označena pot
2400,Kozjak nad Pesnico - Sv. Urban nad Mariborom,95,lahka označena pot
2401,Radlje ob Dravi - Stari grad nad Radljami ob Dravi (Mahrenberg),40,lahka označena pot
2402,Maribor - Sv. Križ (Gaj nad Mariborom) (po poti čez Kozjak),180,lahka označena pot
2402,Kozjak nad Pesnico - Sv. Križ (Gaj nad Mariborom),95,lahka označena pot
2402,Šober (Log) - Sv. Križ (Gaj nad Mariborom),20,lahka označena pot
2403,Spodnja Vižinga (Suhi Vrh) - Sv. Janez Nepomuk (Šent Janž pri Radljah),45,lahka neoznačena steza
2403,Radlje ob Dravi - Sv. Janez Nepomuk (Šent Janž pri Radljah) (mimo Županka in po cesti),100,lahka označena pot
2404,Dravograjsko jezero - Sveti Križ pri Dravogradu,45,lahka označena pot
2405,Šentilj v Slovenskih goricah - Plački vrh,60,lahka označena pot
2405,Svečina - Plački vrh,95,lahka označena pot
2405,Zgornja Kungota - Plački vrh,160,lahka označena pot
2406,Radlje ob Dravi - Župank,30,lahka označena pot
2407,Bistriški jarek (Glasbeni dom) - Sedelnikov slap,12,lahka označena pot
2408,Vurberk - Grmada (pri Vurberku),15,lahka označena pot
2408,Trnovska vas - Grmada (pri Vurberku),165,lahka označena pot
2409,Vurberk - Grmada (pri Vurberku) - jugovzhodni vrh,15,"lahka označena pot, lahka neoznačena steza"
2409,Trnovska vas - Grmada (pri Vurberku) - jugovzhodni vrh,175,"lahka označena pot, lahka neoznačena steza"
2410,Svečina - Turistična kmetija Dreisiebner (Srce med vinogradi),90,lahka označena pot
2410,Zgornja Kungota - Turistična kmetija Dreisiebner (Srce med vinogradi),105,lahka označena pot
2410,Jurij (Grušena) - Turistična kmetija Dreisiebner (Srce med vinogradi),85,lahka označena pot
2411,Vurberk - Grad Vurberk,10,lahka označena pot
2411,Trnovska vas - Grad Vurberk,185,lahka označena pot
2411,Ptuj - Grad Vurberk,200,lahka označena pot
2412,Maribor - Samotni bor,30,lahka označena pot
2413,Zgornja Kungota - Čajžič,35,lahka označena pot
2413,Svečina - Čajžič,40,lahka označena pot
2414,Pernica - Vavtošek,65,lahka označena pot
2415,Zgornji Dražen Vrh - Marija Snežna (Zgornja Velka),45,lahka označena pot
2416,Selnica ob Dravi - Sv. Janez Krstnik (Janževa Gora),20,lahka označena pot
2416,Janževa Gora - Sv. Janez Krstnik (Janževa Gora),15,lahka neoznačena steza
2417,Pernica - Izvir Rebra,135,lahka označena pot
2418,Mariborski otok - Kalvarija (cerkev svete Barbare),45,lahka neoznačena steza
2419,Spodnja Voličina - Zavrh v Slovenskih goricah,35,lahka označena pot
2419,Gočova - Zavrh v Slovenskih goricah,70,lahka označena pot
2419,Lenart v Slovenskih goricah - Zavrh v Slovenskih goricah (mimo jezera Radehova),80,lahka označena pot
2419,Lenart v Slovenskih goricah - Zavrh v Slovenskih goricah,105,lahka označena pot
2419,Pernica - Zavrh v Slovenskih goricah,275,lahka označena pot
2420,Maribor - Kapela sv. Rozalije na Samotnem boru,20,lahka označena pot
2421,Zgornja Ščavnica (Mlin Rožman) - Sveta Ana v Slovenskih goricah,30,lahka označena pot
2421,Lenart v Slovenskih goricah - Sveta Ana v Slovenskih goricah,150,lahka označena pot
2422,Brod na Muri (Sladki Vrh) - Beli vrh,30,lahka označena pot
2423,Sakušak - Gomila,40,lahka označena pot
2423,Rucmanci - Gomila,60,lahka označena pot
2423,Juršinci - Gomila,75,lahka označena pot
2423,Sveti Jurij ob Ščavnici - Gomila,175,lahka označena pot
2423,Terbegovci - Gomila,80,lahka označena pot
2423,Grabšinski breg - Gomila,15,lahka označena pot
2423,Moravci v Slovenskih goricah (Bioterme) - Gomila (mimo Zelenega okna),85,lahka označena pot
2423,Sveti Tomaž - Gomila,110,lahka označena pot
2423,Lovsko zavetišče LD Mala Nedelja - Gomila,150,lahka označena pot
2424,Malečnik  - Gorca,45,lahka označena pot
2425,Brod na Muri (Sladki Vrh) - Gradišče Novine,150,lahka označena pot
2425,Ceršak - Gradišče Novine,90,lahka označena pot
2425,Šentilj v Slovenskih goricah - Gradišče Novine,45,lahka označena pot
2426,Blaguško jezero - Cerkvenjak,105,lahka označena pot
2426,Negovsko jezero - Cerkvenjak,60,lahka označena pot
2427,Miklavž pri Ormožu - Jeruzalem,45,lahka označena pot
2427,Podgradje - Jeruzalem,60,lahka označena pot
2427,Ljutomerski ribniki - Jeruzalem (po Pomurski planinski poti),90,lahka označena pot
2427,Ljutomerski ribniki - Jeruzalem (skozi Gresovščak),90,lahka neoznačena steza
2427,Ljutomerski ribniki - Jeruzalem (skozi Kumersko grabo),120,lahka neoznačena steza
2427,Ivanjkovci - Jeruzalem,80,lahka označena pot
2427,Radomerščak - Jeruzalem,80,lahka označena pot
2427,Žerovinci (Dom krajanov in gasilcev Žerovinci) - Jeruzalem,75,lahka označena pot
2427,Ormož - Jeruzalem (čez Kog),305,lahka označena pot
2427,Radomerščak - Jeruzalem (mimo zidanice Malek),90,lahka označena pot
2427,Žerovinci (Dom krajanov in gasilcev Žerovinci) - Jeruzalem (mimo zidanice Malek),85,lahka označena pot
2428,Juršinci - Puhov muzej (Sakušak),35,lahka označena pot
2429,Ormož - Kogel (Litmerk),70,lahka označena pot
2429,Žerovinci (Dom krajanov in gasilcev Žerovinci) - Kogel (Litmerk),150,lahka označena pot
2430,Sveti Tomaž - Kostanj,10,lahka označena pot
2430,Žerovinci (Dom krajanov in gasilcev Žerovinci) - Kostanj,135,lahka označena pot
2431,Moravci v Slovenskih goricah (Bioterme) - Zeleno okno,50,lahka označena pot
2431,Sveti Jurij ob Ščavnici - Zeleno okno,160,lahka označena pot
2431,Lovsko zavetišče LD Mala Nedelja - Zeleno okno,115,lahka označena pot
2432,Ormož - Kog,180,lahka označena pot
2432,Miklavž pri Ormožu - Kog,90,lahka označena pot
2433,Pokopališče Radenci - Razgledna točka Kapela,25,lahka označena pot
2433,Gornja Radgona (OŠ Gornja Radgona) - Razgledna točka Kapela,180,lahka označena pot
2433,Gornja Radgona (OŠ Gornja Radgona) - Razgledna točka Kapela (čez Piramido),210,lahka neoznačena steza
2434,Žerovinci (Dom krajanov in gasilcev Žerovinci) - Kapela sv. Družine (Runeč),90,lahka označena pot
2434,Ormož - Kapela sv. Družine (Runeč),130,lahka označena pot
2435,Gornja Radgona (OŠ Gornja Radgona) - Piramida (nad Gornjo Radgono),25,lahka neoznačena steza
2435,Lomanoše (križišče za Plitvico in Lešane) - Piramida (nad Gornjo Radgono),75,lahka označena pot
2436,Ivanjkovci - Svetinje,40,"lahka označena pot, lahka neoznačena steza"
2437,Trnovska vas - Ostragova,80,lahka označena pot
2438,Gornja Radgona (OŠ Gornja Radgona) - Norički vrh,20,lahka neoznačena steza
2439,Ormož - Hum pri Ormožu,70,lahka označena pot
2440,Sladki Vrh - Turistično izletniška kmetija Sirk,45,lahka označena pot
2440,Trate - Turistično izletniška kmetija Sirk,50,lahka označena pot
2441,Sveta Trojica v Slovenskih goricah - Sveti Trije Kralji v Slovenskih goricah,60,lahka označena pot
2441,Benedikt - Sveti Trije Kralji v Slovenskih goricah,13,lahka neoznačena steza
2442,Trnovska vas - Sveti Andraž (Vitomarci),100,lahka označena pot
2442,Juršinci - Sveti Andraž (Vitomarci),100,lahka označena pot
2443,Žerovinci (Dom krajanov in gasilcev Žerovinci) - Rojstna hiša Stanka Vraza,25,lahka označena pot
2443,Radomerščak - Rojstna hiša Stanka Vraza,30,lahka označena pot
2444,Sv.Trojica v Slov. goricah (Ribiška trgovina Som) - Sveta Trojica v Slovenskih goricah,25,ni podatka
2444,Sveti Trije Kralji v Slovenskih goricah - Sveta Trojica v Slovenskih goricah,60,lahka označena pot
2445,Trate - Grad Cmurek (po označeni poti),20,lahka označena pot
2445,Sladki Vrh - Grad Cmurek,90,lahka označena pot
2446,Negovsko jezero - Grad Negova,60,lahka označena pot
2446,Radvenci (Ketiševa kapelica) - Grad Negova,50,lahka neoznačena steza
2446,Sveti Trije Kralji v Slovenskih goricah - Grad Negova,75,lahka označena pot
2447,Pernica - Sveti Rupert (Spodnja Voličina),240,lahka označena pot
2447,Lenart v Slovenskih goricah - Sveti Rupert (Spodnja Voličina),70,lahka označena pot
2448,Blaguško jezero - Koča v naši grabi,45,lahka označena pot
2449,Lovsko zavetišče LD Mala Nedelja - Sveta Trojica (Mala Nedelja),65,lahka označena pot
2450,Hrastovec v Slovenskih goricah - Črni križ pri Hrastovcu,40,lahka neoznačena steza
2450,Zamarkova - Črni križ pri Hrastovcu (po pešpoti),25,lahka neoznačena steza
2451,Žerovinci (Dom krajanov in gasilcev Žerovinci) - Skrivališče konjev,80,lahka označena pot
2452,Gornja Radgona (mejni prehod) - Radgonski grad,10,lahka označena pot
2452,Gornja Radgona (župnijska cerkev sv. Petra) - Radgonski grad (po cesti),20,lahka neoznačena steza
2452,Gornja Radgona (Maistrov trg) - Radgonski grad,15,lahka neoznačena steza
2453,Sveti Jurij ob Ščavnici - Sveti Duh (Stara Gora),75,lahka označena pot
2453,Terbegovci - Sveti Duh (Stara Gora),25,lahka označena pot
2454,Sakušak - Turistična kmetija Amur,20,lahka označena pot
2454,Juršinci - Turistična kmetija Amur,55,lahka označena pot
2455,Negovsko jezero - Rimsko gomilno grobišče v Anželovem gozdu,55,lahka označena pot
2456,Negovsko jezero - Lovska koča LD Negova (Zeleni gaj),50,lahka označena pot
2457,Lenart v Slovenskih goricah - Kapela sv. Marije (Radehova),20,lahka označena pot
2458,Pernica - Perniško jezero,22,lahka označena pot
2459,Zamarkova - Jezero Komarnik (pot okoli jezera),50,lahka označena pot
2459,Hrastovec v Slovenskih goricah - Jezero Komarnik (Agatina pot),105,lahka neoznačena steza
2459,Hrastovec v Slovenskih goricah - Jezero Komarnik,27,lahka neoznačena steza
2459,Črni križ pri Hrastovcu - Jezero Komarnik,10,lahka neoznačena steza
2460,Sv.Trojica v Slov. goricah (Ribiška trgovina Som) - Trojiško jezero (Gradiško jezero) (krožna pot okrog jezera),45,lahka označena pot
2461,Lenart v Slovenskih goricah - Jezero Radehova,20,lahka označena pot
2462,Ormož - Sveti Miklavž (Miklavž pri Ormožu),265,lahka označena pot
2463,Radvenci (Ketiševa kapelica) - Ribnik Gosijak,40,lahka neoznačena steza
2464,Gajševsko jezero - Grad Branek (Mallegg),25,lahka označena pot
2465,Blaguško jezero - Blaguško jezero (pot okoli jezera),30,lahka označena pot
2465,Sveti Jurij ob Ščavnici - Blaguško jezero,20,lahka označena pot
2466,Ptuj - Ptujsko jezero (pot okoli jezera),180,lahka neoznačena steza
2467,Gajševsko jezero - Lovsko zavetišče LD Mala Nedelja,45,lahka označena pot
2468,Lisjakova struga - Lisjakova struga (sprehajalna pot Lisjakova struga),20,lahka označena pot
2469,Železniška postaja Ormož - Ormoške lagune,60,lahka označena pot
2469,Ormoške lagune - Ormoške lagune (po učni poti),35,lahka označena pot
2470,Gajševsko jezero - Gajševsko jezero (pot okoli jezera),50,lahka označena pot
2471,Železniška postaja Ormož - Ormoško jezero,20,lahka označena pot
2472,Veržej - Babičev mlin na Muri,20,lahka označena pot
2472,Beltinci - Babičev mlin na Muri,95,lahka označena pot
2473,Zgornje Krapje - Gramoznica Krapje,20,lahka neoznačena steza
2474,Mota - Brod na Muri (Melinci) (od mrtvic do reke),45,lahka označena pot
2475,Razkrižje - Razkriški kot (sotočje Mure in Ščavnice) (pot kulturne in naravne dediščine),75,lahka označena pot
2475,Gibina - Razkriški kot (sotočje Mure in Ščavnice),6,lahka označena pot
